date,time,state,city,latitude,longitude,temperature_2m,relativehumidity_2m,rain,windspeed_10m,weathercode,description
2026-08-20,07:00:00,Sarawak,Kuching,1.5397,110.3542,24.2,97,0.0,7.9,2,State of sky on the whole unchanged
2026-08-20,07:00:00,Sarawak,Bintulu,3.17,113.03,23.8,98,0.2,7.8,80,"Rain shower(s), slight"
2026-08-20,07:00:00,Sarawak,Miri,4.4028,113.9933,24.2,91,0.0,15.9,1,Clouds generally dissolving or becoming less developed
2026-08-20,07:00:00,Pulau Pinang,George Town,5.4145,100.3292,27.0,89,0.0,4.1,3,Clouds generally forming or developing
2026-08-20,07:00:00,Negeri Sembilan,Seremban,2.7297,101.9381,25.2,79,0.0,1.7,3,Clouds generally forming or developing
2026-08-20,07:00:00,Sabah,Tawau,4.2448,117.8911,25.9,90,0.0,7.0,3,Clouds generally forming or developing
2026-08-20,07:00:00,Pahang,Kuala Lipis,4.184,102.042,24.0,100,0.0,2.2,3,Clouds generally forming or developing
2026-08-20,07:00:00,Melaka,Melaka,2.1889,102.2511,25.6,88,0.0,6.6,3,Clouds generally forming or developing
2026-08-20,07:00:00,Selangor,Shah Alam,3.0833,101.5333,24.9,93,0.0,3.0,3,Clouds generally forming or developing
2026-08-20,07:00:00,Selangor,Petaling Jaya,3.1073,101.6067,24.4,96,0.0,3.4,3,Clouds generally forming or developing
2026-08-20,07:00:00,Perak,Teluk Intan,4.0259,101.0213,24.8,93,0.0,3.3,3,Clouds generally forming or developing
2026-08-20,07:00:00,Pahang,Raub,3.7931,101.8569,24.0,81,0.0,1.8,3,Clouds generally forming or developing
2026-08-20,07:00:00,Johor,Batu Pahat,1.85,102.93,23.7,99,0.0,0.8,3,Clouds generally forming or developing
2026-08-20,07:00:00,Sabah,Sandakan,5.8388,118.1173,25.1,95,0.0,10.8,2,State of sky on the whole unchanged
2026-08-20,07:00:00,Pulau Pinang,Butterworth,5.3992,100.3639,27.2,76,0.0,7.8,3,Clouds generally forming or developing
2026-08-20,07:00:00,Putrajaya,Putrajaya,2.93,101.69,24.5,94,0.0,2.8,3,Clouds generally forming or developing
2026-08-20,07:00:00,Kelantan,Kota Bharu,6.1333,102.25,25.5,81,0.0,6.0,3,Clouds generally forming or developing
2026-08-20,07:00:00,Terengganu,Cukai,4.2332,103.4479,25.6,91,0.0,9.7,3,Clouds generally forming or developing
2026-08-20,07:00:00,Johor,Johor Bahru,1.4556,103.7611,24.8,93,0.0,2.6,3,Clouds generally forming or developing
2026-08-20,07:00:00,Labuan,Labuan,5.2803,115.2475,27.0,88,0.0,8.9,1,Clouds generally dissolving or becoming less developed
2026-08-20,07:00:00,Perlis,Kangar,6.4333,100.2,27.9,77,0.0,9.2,3,Clouds generally forming or developing
2026-08-20,07:00:00,Pahang,Kuantan,3.8167,103.3333,24.6,87,0.0,12.2,3,Clouds generally forming or developing
2026-08-20,07:00:00,Perak,Ipoh,4.6,101.07,24.9,98,0.0,4.2,3,Clouds generally forming or developing
2026-08-20,07:00:00,Kuala Lumpur,Kuala Lumpur,3.1478,101.6953,24.4,96,0.0,4.0,3,Clouds generally forming or developing
2026-08-20,07:00:00,Kedah,Sungai Petani,5.65,100.48,24.4,90,0.0,3.1,3,Clouds generally forming or developing
2026-08-20,07:00:00,Selangor,Klang,3.0333,101.45,24.6,95,0.0,4.2,3,Clouds generally forming or developing
2026-08-20,07:00:00,Sabah,Lahad Datu,5.03,118.34,27.2,84,0.0,5.5,2,State of sky on the whole unchanged
2026-08-20,07:00:00,Pulau Pinang,Bukit Mertajam,5.3631,100.4667,27.1,76,0.0,7.8,3,Clouds generally forming or developing
2026-08-20,07:00:00,Johor,Muar,2.05,102.56,26.3,89,0.0,6.9,3,Clouds generally forming or developing
2026-08-20,07:00:00,Terengganu,Kuala Terengganu,5.3303,103.1408,24.9,97,0.0,6.0,3,Clouds generally forming or developing
2026-08-20,07:00:00,Johor,Kluang,2.0336,103.3194,24.3,90,0.0,2.2,3,Clouds generally forming or developing
2026-08-20,07:00:00,Perak,Taiping,4.85,100.7333,25.3,92,0.0,2.5,3,Clouds generally forming or developing
2026-08-20,07:00:00,Kedah,Alor Setar,6.1167,100.3667,26.9,80,0.0,4.6,3,Clouds generally forming or developing
2026-08-20,06:00:00,Johor,Batu Pahat,1.85,102.93,23.5,100,0.0,0.8,3,Clouds generally forming or developing
2026-08-20,06:00:00,Selangor,Klang,3.0333,101.45,24.5,96,0.0,4.0,3,Clouds generally forming or developing
2026-08-20,06:00:00,Selangor,Petaling Jaya,3.1073,101.6067,24.5,93,0.0,3.0,3,Clouds generally forming or developing
2026-08-20,06:00:00,Kedah,Alor Setar,6.1167,100.3667,27.8,74,0.0,6.9,3,Clouds generally forming or developing
2026-08-20,06:00:00,Pahang,Raub,3.7931,101.8569,24.1,80,0.0,2.1,3,Clouds generally forming or developing
2026-08-20,06:00:00,Kelantan,Kota Bharu,6.1333,102.25,25.7,78,0.0,7.0,3,Clouds generally forming or developing
2026-08-20,06:00:00,Perak,Taiping,4.85,100.7333,25.5,91,0.0,1.3,3,Clouds generally forming or developing
2026-08-20,06:00:00,Johor,Johor Bahru,1.4556,103.7611,24.8,93,0.0,3.9,3,Clouds generally forming or developing
2026-08-20,06:00:00,Sarawak,Kuching,1.5397,110.3542,24.4,98,0.0,9.3,1,Clouds generally dissolving or becoming less developed
2026-08-20,06:00:00,Perak,Ipoh,4.6,101.07,24.9,98,0.0,5.2,3,Clouds generally forming or developing
2026-08-20,06:00:00,Labuan,Labuan,5.2803,115.2475,26.5,89,0.0,7.6,1,Clouds generally dissolving or becoming less developed
2026-08-20,06:00:00,Sabah,Sandakan,5.8388,118.1173,24.8,96,0.1,8.7,51,"Drizzle, not freezing, continuous 	slight at time of observation"
2026-08-20,06:00:00,Pulau Pinang,Butterworth,5.3992,100.3639,27.4,76,0.0,6.6,3,Clouds generally forming or developing
2026-08-20,06:00:00,Perlis,Kangar,6.4333,100.2,28.0,76,0.0,11.2,3,Clouds generally forming or developing
2026-08-20,06:00:00,Terengganu,Kuala Terengganu,5.3303,103.1408,24.9,97,0.0,4.3,3,Clouds generally forming or developing
2026-08-20,06:00:00,Johor,Muar,2.05,102.56,25.5,94,0.0,5.3,3,Clouds generally forming or developing
2026-08-20,06:00:00,Selangor,Shah Alam,3.0833,101.5333,24.8,92,0.0,2.3,3,Clouds generally forming or developing
2026-08-20,06:00:00,Sarawak,Miri,4.4028,113.9933,24.2,93,0.0,6.6,0,Cloud development not observed or not observable
2026-08-20,06:00:00,Sarawak,Bintulu,3.17,113.03,24.9,94,0.0,9.3,2,State of sky on the whole unchanged
2026-08-20,06:00:00,Sabah,Lahad Datu,5.03,118.34,26.1,88,0.0,5.2,3,Clouds generally forming or developing
2026-08-20,06:00:00,Terengganu,Cukai,4.2332,103.4479,25.9,91,0.0,9.9,3,Clouds generally forming or developing
2026-08-20,06:00:00,Kuala Lumpur,Kuala Lumpur,3.1478,101.6953,24.5,96,0.0,4.8,3,Clouds generally forming or developing
2026-08-20,06:00:00,Putrajaya,Putrajaya,2.93,101.69,24.4,97,0.0,1.9,3,Clouds generally forming or developing
2026-08-20,06:00:00,Pahang,Kuantan,3.8167,103.3333,24.9,86,0.0,12.1,3,Clouds generally forming or developing
2026-08-20,06:00:00,Perak,Teluk Intan,4.0259,101.0213,24.3,96,0.0,3.2,3,Clouds generally forming or developing
2026-08-20,06:00:00,Pulau Pinang,Bukit Mertajam,5.3631,100.4667,27.4,76,0.0,6.6,3,Clouds generally forming or developing
2026-08-20,06:00:00,Sabah,Tawau,4.2448,117.8911,25.4,91,0.0,6.3,3,Clouds generally forming or developing
2026-08-20,06:00:00,Negeri Sembilan,Seremban,2.7297,101.9381,25.1,80,0.0,3.1,3,Clouds generally forming or developing
2026-08-20,06:00:00,Kedah,Sungai Petani,5.65,100.48,24.3,90,0.0,4.7,3,Clouds generally forming or developing
2026-08-20,06:00:00,Melaka,Melaka,2.1889,102.2511,25.2,85,0.0,5.2,3,Clouds generally forming or developing
2026-08-20,06:00:00,Pulau Pinang,George Town,5.4145,100.3292,27.1,89,0.0,4.8,3,Clouds generally forming or developing
2026-08-20,06:00:00,Johor,Kluang,2.0336,103.3194,24.3,90,0.0,0.8,3,Clouds generally forming or developing
2026-08-20,06:00:00,Pahang,Kuala Lipis,4.184,102.042,24.3,99,0.0,0.9,3,Clouds generally forming or developing
2026-08-20,05:00:00,Perak,Taiping,4.85,100.7333,25.5,91,0.0,1.6,3,Clouds generally forming or developing
2026-08-20,05:00:00,Sabah,Sandakan,5.8388,118.1173,24.8,96,0.3,10.9,51,"Drizzle, not freezing, continuous 	slight at time of observation"
2026-08-20,05:00:00,Pulau Pinang,Butterworth,5.3992,100.3639,27.9,75,0.0,5.4,3,Clouds generally forming or developing
2026-08-20,05:00:00,Perlis,Kangar,6.4333,100.2,28.3,74,0.0,12.5,3,Clouds generally forming or developing
2026-08-20,05:00:00,Kedah,Sungai Petani,5.65,100.48,24.6,90,0.0,5.5,3,Clouds generally forming or developing
2026-08-20,05:00:00,Terengganu,Kuala Terengganu,5.3303,103.1408,25.0,98,0.0,4.0,3,Clouds generally forming or developing
2026-08-20,05:00:00,Selangor,Klang,3.0333,101.45,24.7,92,0.0,1.5,3,Clouds generally forming or developing
2026-08-20,05:00:00,Pulau Pinang,George Town,5.4145,100.3292,27.3,88,0.0,3.3,3,Clouds generally forming or developing
2026-08-20,05:00:00,Johor,Batu Pahat,1.85,102.93,23.6,99,0.0,0.7,3,Clouds generally forming or developing
2026-08-20,05:00:00,Labuan,Labuan,5.2803,115.2475,26.4,89,0.0,8.7,1,Clouds generally dissolving or becoming less developed
2026-08-20,05:00:00,Pahang,Kuala Lipis,4.184,102.042,24.5,98,0.0,1.2,3,Clouds generally forming or developing
2026-08-20,05:00:00,Selangor,Shah Alam,3.0833,101.5333,25.0,89,0.0,0.5,3,Clouds generally forming or developing
2026-08-20,05:00:00,Negeri Sembilan,Seremban,2.7297,101.9381,24.9,80,0.0,4.8,3,Clouds generally forming or developing
2026-08-20,05:00:00,Kuala Lumpur,Kuala Lumpur,3.1478,101.6953,24.6,96,0.0,4.3,3,Clouds generally forming or developing
2026-08-20,05:00:00,Johor,Muar,2.05,102.56,24.9,94,0.0,3.3,3,Clouds generally forming or developing
2026-08-20,05:00:00,Terengganu,Cukai,4.2332,103.4479,26.1,91,0.0,10.4,3,Clouds generally forming or developing
2026-08-20,05:00:00,Perak,Ipoh,4.6,101.07,24.9,99,0.0,2.2,3,Clouds generally forming or developing
2026-08-20,05:00:00,Sabah,Lahad Datu,5.03,118.34,26.1,88,0.0,4.1,1,Clouds generally dissolving or becoming less developed
2026-08-20,05:00:00,Sabah,Tawau,4.2448,117.8911,25.5,90,0.0,7.7,3,Clouds generally forming or developing
2026-08-20,05:00:00,Melaka,Melaka,2.1889,102.2511,25.0,85,0.0,7.3,3,Clouds generally forming or developing
2026-08-20,05:00:00,Kedah,Alor Setar,6.1167,100.3667,28.1,72,0.0,9.1,3,Clouds generally forming or developing
2026-08-20,05:00:00,Putrajaya,Putrajaya,2.93,101.69,24.6,95,0.0,2.1,3,Clouds generally forming or developing
2026-08-20,05:00:00,Pahang,Kuantan,3.8167,103.3333,25.1,86,0.0,11.1,3,Clouds generally forming or developing
2026-08-20,05:00:00,Sarawak,Kuching,1.5397,110.3542,24.8,96,0.0,10.2,3,Clouds generally forming or developing
2026-08-20,05:00:00,Pulau Pinang,Bukit Mertajam,5.3631,100.4667,27.8,74,0.0,5.4,3,Clouds generally forming or developing
2026-08-20,05:00:00,Pahang,Raub,3.7931,101.8569,24.1,81,0.0,2.1,3,Clouds generally forming or developing
2026-08-20,05:00:00,Sarawak,Bintulu,3.17,113.03,25.1,95,0.0,7.9,2,State of sky on the whole unchanged
2026-08-20,05:00:00,Kelantan,Kota Bharu,6.1333,102.25,26.1,76,0.0,7.4,3,Clouds generally forming or developing
2026-08-20,05:00:00,Johor,Kluang,2.0336,103.3194,24.2,92,0.0,0.6,3,Clouds generally forming or developing
2026-08-20,05:00:00,Selangor,Petaling Jaya,3.1073,101.6067,24.5,92,0.0,0.9,3,Clouds generally forming or developing
2026-08-20,05:00:00,Perak,Teluk Intan,4.0259,101.0213,24.0,98,0.0,3.1,3,Clouds generally forming or developing
2026-08-20,05:00:00,Sarawak,Miri,4.4028,113.9933,24.4,92,0.0,4.5,1,Clouds generally dissolving or becoming less developed
2026-08-20,05:00:00,Johor,Johor Bahru,1.4556,103.7611,25.1,91,0.0,4.1,3,Clouds generally forming or developing
2026-08-20,04:00:00,Kuala Lumpur,Kuala Lumpur,3.1478,101.6953,24.9,94,0.0,0.5,3,Clouds generally forming or developing
2026-08-20,04:00:00,Terengganu,Cukai,4.2332,103.4479,26.5,90,0.0,11.1,3,Clouds generally forming or developing
2026-08-20,04:00:00,Pahang,Kuantan,3.8167,103.3333,25.4,86,0.0,10.7,3,Clouds generally forming or developing
2026-08-20,04:00:00,Pulau Pinang,Bukit Mertajam,5.3631,100.4667,27.9,75,0.0,5.6,3,Clouds generally forming or developing
2026-08-20,04:00:00,Pahang,Kuala Lipis,4.184,102.042,24.7,97,0.0,1.7,3,Clouds generally forming or developing
2026-08-20,04:00:00,Sabah,Sandakan,5.8388,118.1173,24.4,96,0.5,10.1,80,"Rain shower(s), slight"
2026-08-20,04:00:00,Sabah,Lahad Datu,5.03,118.34,26.5,85,0.0,7.1,1,Clouds generally dissolving or becoming less developed
2026-08-20,04:00:00,Pulau Pinang,George Town,5.4145,100.3292,27.3,87,0.0,2.7,3,Clouds generally forming or developing
2026-08-20,04:00:00,Pahang,Raub,3.7931,101.8569,24.7,80,0.0,1.3,3,Clouds generally forming or developing
2026-08-20,04:00:00,Kedah,Alor Setar,6.1167,100.3667,28.3,71,0.0,10.4,3,Clouds generally forming or developing
2026-08-20,04:00:00,Sarawak,Miri,4.4028,113.9933,24.3,93,0.0,7.6,1,Clouds generally dissolving or becoming less developed
2026-08-20,04:00:00,Perak,Taiping,4.85,100.7333,25.4,91,0.0,1.8,3,Clouds generally forming or developing
2026-08-20,04:00:00,Selangor,Petaling Jaya,3.1073,101.6067,24.6,91,0.0,1.3,3,Clouds generally forming or developing
2026-08-20,04:00:00,Johor,Muar,2.05,102.56,24.8,94,0.0,2.4,3,Clouds generally forming or developing
2026-08-20,04:00:00,Putrajaya,Putrajaya,2.93,101.69,24.8,94,0.0,0.4,3,Clouds generally forming or developing
2026-08-20,04:00:00,Johor,Johor Bahru,1.4556,103.7611,25.6,87,0.0,4.3,3,Clouds generally forming or developing
2026-08-20,04:00:00,Perak,Ipoh,4.6,101.07,25.1,99,0.0,3.3,3,Clouds generally forming or developing
2026-08-20,04:00:00,Sarawak,Kuching,1.5397,110.3542,25.1,95,0.0,9.0,3,Clouds generally forming or developing
2026-08-20,04:00:00,Melaka,Melaka,2.1889,102.2511,24.6,87,0.0,7.8,3,Clouds generally forming or developing
2026-08-20,04:00:00,Sarawak,Bintulu,3.17,113.03,25.3,94,0.0,6.1,2,State of sky on the whole unchanged
2026-08-20,04:00:00,Kelantan,Kota Bharu,6.1333,102.25,26.7,71,0.0,8.6,3,Clouds generally forming or developing
2026-08-20,04:00:00,Perak,Teluk Intan,4.0259,101.0213,24.0,98,0.0,6.7,3,Clouds generally forming or developing
2026-08-20,04:00:00,Sabah,Tawau,4.2448,117.8911,25.4,91,0.1,6.5,51,"Drizzle, not freezing, continuous 	slight at time of observation"
2026-08-20,04:00:00,Terengganu,Kuala Terengganu,5.3303,103.1408,25.1,98,0.0,4.5,3,Clouds generally forming or developing
2026-08-20,04:00:00,Johor,Kluang,2.0336,103.3194,23.9,94,0.0,0.8,3,Clouds generally forming or developing
2026-08-20,04:00:00,Kedah,Sungai Petani,5.65,100.48,24.9,92,0.0,5.9,3,Clouds generally forming or developing
2026-08-20,04:00:00,Labuan,Labuan,5.2803,115.2475,26.2,91,0.0,10.1,1,Clouds generally dissolving or becoming less developed
2026-08-20,04:00:00,Pulau Pinang,Butterworth,5.3992,100.3639,27.9,75,0.0,5.6,3,Clouds generally forming or developing
2026-08-20,04:00:00,Selangor,Shah Alam,3.0833,101.5333,25.0,89,0.0,3.4,3,Clouds generally forming or developing
2026-08-20,04:00:00,Johor,Batu Pahat,1.85,102.93,23.6,99,0.0,1.0,3,Clouds generally forming or developing
2026-08-20,04:00:00,Selangor,Klang,3.0333,101.45,24.7,92,0.0,5.4,3,Clouds generally forming or developing
2026-08-20,04:00:00,Negeri Sembilan,Seremban,2.7297,101.9381,24.9,81,0.0,5.2,3,Clouds generally forming or developing
2026-08-20,04:00:00,Perlis,Kangar,6.4333,100.2,28.3,74,0.0,12.6,3,Clouds generally forming or developing
2026-08-20,03:00:00,Kedah,Sungai Petani,5.65,100.48,25.4,89,0.0,4.2,3,Clouds generally forming or developing
2026-08-20,03:00:00,Melaka,Melaka,2.1889,102.2511,24.7,87,0.0,7.0,3,Clouds generally forming or developing
2026-08-20,03:00:00,Johor,Batu Pahat,1.85,102.93,23.5,98,0.0,0.4,3,Clouds generally forming or developing
2026-08-20,03:00:00,Pulau Pinang,Bukit Mertajam,5.3631,100.4667,28.3,75,0.0,6.6,3,Clouds generally forming or developing
2026-08-20,03:00:00,Perak,Teluk Intan,4.0259,101.0213,24.2,97,0.0,7.4,3,Clouds generally forming or developing
2026-08-20,03:00:00,Negeri Sembilan,Seremban,2.7297,101.9381,24.8,82,0.0,7.5,3,Clouds generally forming or developing
2026-08-20,03:00:00,Sarawak,Miri,4.4028,113.9933,24.3,94,0.0,8.7,2,State of sky on the whole unchanged
2026-08-20,03:00:00,Perak,Ipoh,4.6,101.07,25.4,100,0.0,5.0,3,Clouds generally forming or developing
2026-08-20,03:00:00,Kuala Lumpur,Kuala Lumpur,3.1478,101.6953,25.0,92,0.0,1.4,3,Clouds generally forming or developing
2026-08-20,03:00:00,Sarawak,Kuching,1.5397,110.3542,25.5,93,0.0,8.1,2,State of sky on the whole unchanged
2026-08-20,03:00:00,Pahang,Kuala Lipis,4.184,102.042,25.2,94,0.0,1.5,3,Clouds generally forming or developing
2026-08-20,03:00:00,Pulau Pinang,George Town,5.4145,100.3292,27.3,86,0.0,3.6,3,Clouds generally forming or developing
2026-08-20,03:00:00,Selangor,Petaling Jaya,3.1073,101.6067,24.5,92,0.0,3.6,3,Clouds generally forming or developing
2026-08-20,03:00:00,Selangor,Klang,3.0333,101.45,24.7,92,0.0,6.8,3,Clouds generally forming or developing
2026-08-20,03:00:00,Johor,Kluang,2.0336,103.3194,24.0,95,0.0,1.3,3,Clouds generally forming or developing
2026-08-20,03:00:00,Sabah,Lahad Datu,5.03,118.34,26.8,82,0.0,6.9,2,State of sky on the whole unchanged
2026-08-20,03:00:00,Pahang,Kuantan,3.8167,103.3333,25.7,87,0.0,12.2,3,Clouds generally forming or developing
2026-08-20,03:00:00,Terengganu,Cukai,4.2332,103.4479,26.8,92,0.0,11.4,3,Clouds generally forming or developing
2026-08-20,03:00:00,Sarawak,Bintulu,3.17,113.03,25.4,94,0.0,3.3,1,Clouds generally dissolving or becoming less developed
2026-08-20,03:00:00,Pulau Pinang,Butterworth,5.3992,100.3639,28.4,75,0.0,6.6,3,Clouds generally forming or developing
2026-08-20,03:00:00,Selangor,Shah Alam,3.0833,101.5333,24.9,91,0.0,4.9,3,Clouds generally forming or developing
2026-08-20,03:00:00,Sabah,Sandakan,5.8388,118.1173,26.9,85,0.1,12.2,51,"Drizzle, not freezing, continuous 	slight at time of observation"
2026-08-20,03:00:00,Perak,Taiping,4.85,100.7333,25.4,91,0.0,1.4,3,Clouds generally forming or developing
2026-08-20,03:00:00,Perlis,Kangar,6.4333,100.2,28.4,73,0.0,12.0,3,Clouds generally forming or developing
2026-08-20,03:00:00,Labuan,Labuan,5.2803,115.2475,26.2,94,0.0,11.1,1,Clouds generally dissolving or becoming less developed
2026-08-20,03:00:00,Terengganu,Kuala Terengganu,5.3303,103.1408,25.2,97,0.0,5.7,3,Clouds generally forming or developing
2026-08-20,03:00:00,Sabah,Tawau,4.2448,117.8911,25.6,89,0.1,8.9,51,"Drizzle, not freezing, continuous 	slight at time of observation"
2026-08-20,03:00:00,Kedah,Alor Setar,6.1167,100.3667,28.2,71,0.0,10.5,3,Clouds generally forming or developing
2026-08-20,03:00:00,Kelantan,Kota Bharu,6.1333,102.25,27.2,68,0.0,10.1,3,Clouds generally forming or developing
2026-08-20,03:00:00,Pahang,Raub,3.7931,101.8569,24.8,79,0.0,1.8,3,Clouds generally forming or developing
2026-08-20,03:00:00,Johor,Muar,2.05,102.56,24.9,94,0.0,2.8,3,Clouds generally forming or developing
2026-08-20,03:00:00,Putrajaya,Putrajaya,2.93,101.69,24.7,94,0.0,0.6,3,Clouds generally forming or developing
2026-08-20,03:00:00,Johor,Johor Bahru,1.4556,103.7611,25.6,86,0.0,2.9,3,Clouds generally forming or developing
2026-08-20,02:00:00,Sabah,Sandakan,5.8388,118.1173,27.1,84,0.0,7.7,1,Clouds generally dissolving or becoming less developed
2026-08-20,02:00:00,Kedah,Sungai Petani,5.65,100.48,26.1,85,0.0,1.1,3,Clouds generally forming or developing
2026-08-20,02:00:00,Pahang,Kuala Lipis,4.184,102.042,25.6,92,0.0,3.0,3,Clouds generally forming or developing
2026-08-20,02:00:00,Perak,Teluk Intan,4.0259,101.0213,24.5,96,0.0,7.6,3,Clouds generally forming or developing
2026-08-20,02:00:00,Johor,Batu Pahat,1.85,102.93,23.5,98,0.0,4.4,3,Clouds generally forming or developing
2026-08-20,02:00:00,Johor,Kluang,2.0336,103.3194,24.2,93,0.0,2.6,3,Clouds generally forming or developing
2026-08-20,02:00:00,Sarawak,Bintulu,3.17,113.03,25.7,92,0.0,4.1,2,State of sky on the whole unchanged
2026-08-20,02:00:00,Pulau Pinang,George Town,5.4145,100.3292,27.5,83,0.0,3.3,3,Clouds generally forming or developing
2026-08-20,02:00:00,Johor,Muar,2.05,102.56,24.5,96,0.0,3.6,3,Clouds generally forming or developing
2026-08-20,02:00:00,Pulau Pinang,Bukit Mertajam,5.3631,100.4667,28.6,74,0.0,6.5,3,Clouds generally forming or developing
2026-08-20,02:00:00,Kedah,Alor Setar,6.1167,100.3667,27.9,70,0.0,10.1,3,Clouds generally forming or developing
2026-08-20,02:00:00,Perak,Taiping,4.85,100.7333,25.4,93,0.0,1.6,3,Clouds generally forming or developing
2026-08-20,02:00:00,Selangor,Klang,3.0333,101.45,24.7,93,0.0,8.1,3,Clouds generally forming or developing
2026-08-20,02:00:00,Terengganu,Kuala Terengganu,5.3303,103.1408,25.3,97,0.0,8.6,3,Clouds generally forming or developing
2026-08-20,02:00:00,Negeri Sembilan,Seremban,2.7297,101.9381,24.7,84,0.0,7.9,3,Clouds generally forming or developing
2026-08-20,02:00:00,Perak,Ipoh,4.6,101.07,25.7,99,0.0,0.3,3,Clouds generally forming or developing
2026-08-20,02:00:00,Melaka,Melaka,2.1889,102.2511,24.9,86,0.0,7.4,3,Clouds generally forming or developing
2026-08-20,02:00:00,Kelantan,Kota Bharu,6.1333,102.25,27.7,66,0.0,11.5,3,Clouds generally forming or developing
2026-08-20,02:00:00,Johor,Johor Bahru,1.4556,103.7611,25.9,84,0.0,1.7,3,Clouds generally forming or developing
2026-08-20,02:00:00,Pulau Pinang,Butterworth,5.3992,100.3639,28.6,74,0.0,6.5,3,Clouds generally forming or developing
2026-08-20,02:00:00,Selangor,Shah Alam,3.0833,101.5333,24.8,92,0.0,6.2,3,Clouds generally forming or developing
2026-08-20,02:00:00,Pahang,Kuantan,3.8167,103.3333,26.0,88,0.0,12.1,3,Clouds generally forming or developing
2026-08-20,02:00:00,Selangor,Petaling Jaya,3.1073,101.6067,24.5,94,0.0,5.0,3,Clouds generally forming or developing
2026-08-20,02:00:00,Sarawak,Kuching,1.5397,110.3542,25.5,96,0.0,6.8,2,State of sky on the whole unchanged
2026-08-20,02:00:00,Kuala Lumpur,Kuala Lumpur,3.1478,101.6953,24.8,94,0.0,3.5,3,Clouds generally forming or developing
2026-08-20,02:00:00,Sabah,Lahad Datu,5.03,118.34,27.0,79,0.0,6.7,1,Clouds generally dissolving or becoming less developed
2026-08-20,02:00:00,Sarawak,Miri,4.4028,113.9933,24.5,95,0.0,8.7,1,Clouds generally dissolving or becoming less developed
2026-08-20,02:00:00,Putrajaya,Putrajaya,2.93,101.69,24.4,95,0.0,4.8,3,Clouds generally forming or developing
2026-08-20,02:00:00,Pahang,Raub,3.7931,101.8569,25.0,77,0.0,2.7,3,Clouds generally forming or developing
2026-08-20,02:00:00,Terengganu,Cukai,4.2332,103.4479,26.6,91,0.0,8.4,3,Clouds generally forming or developing
2026-08-20,02:00:00,Labuan,Labuan,5.2803,115.2475,26.5,92,0.0,8.9,3,Clouds generally forming or developing
2026-08-20,02:00:00,Perlis,Kangar,6.4333,100.2,28.5,71,0.0,10.8,3,Clouds generally forming or developing
2026-08-20,02:00:00,Sabah,Tawau,4.2448,117.8911,26.0,82,0.0,2.9,1,Clouds generally dissolving or becoming less developed
2026-08-20,01:00:00,Labuan,Labuan,5.2803,115.2475,26.6,93,0.1,9.0,51,"Drizzle, not freezing, continuous 	slight at time of observation"
2026-08-20,01:00:00,Selangor,Klang,3.0333,101.45,24.8,95,0.0,9.6,3,Clouds generally forming or developing
2026-08-20,01:00:00,Negeri Sembilan,Seremban,2.7297,101.9381,24.6,85,0.0,8.9,2,State of sky on the whole unchanged
2026-08-20,01:00:00,Terengganu,Kuala Terengganu,5.3303,103.1408,25.4,97,0.0,7.4,3,Clouds generally forming or developing
2026-08-20,01:00:00,Kedah,Sungai Petani,5.65,100.48,26.6,80,0.0,0.4,3,Clouds generally forming or developing
2026-08-20,01:00:00,Perak,Ipoh,4.6,101.07,25.9,99,0.0,3.4,3,Clouds generally forming or developing
2026-08-20,01:00:00,Melaka,Melaka,2.1889,102.2511,25.0,87,0.0,7.8,3,Clouds generally forming or developing
2026-08-20,01:00:00,Perak,Teluk Intan,4.0259,101.0213,25.0,95,0.1,7.9,51,"Drizzle, not freezing, continuous 	slight at time of observation"
2026-08-20,01:00:00,Terengganu,Cukai,4.2332,103.4479,26.5,89,0.0,7.4,3,Clouds generally forming or developing
2026-08-20,01:00:00,Kedah,Alor Setar,6.1167,100.3667,28.0,69,0.0,10.2,3,Clouds generally forming or developing
2026-08-20,01:00:00,Kelantan,Kota Bharu,6.1333,102.25,27.8,66,0.0,11.7,3,Clouds generally forming or developing
2026-08-20,01:00:00,Johor,Johor Bahru,1.4556,103.7611,26.0,83,0.0,4.2,3,Clouds generally forming or developing
2026-08-20,01:00:00,Pulau Pinang,Butterworth,5.3992,100.3639,28.9,70,0.0,7.6,3,Clouds generally forming or developing
2026-08-20,01:00:00,Pahang,Raub,3.7931,101.8569,25.7,72,0.0,5.1,3,Clouds generally forming or developing
2026-08-20,01:00:00,Selangor,Shah Alam,3.0833,101.5333,24.8,93,0.0,8.6,3,Clouds generally forming or developing
2026-08-20,01:00:00,Sabah,Sandakan,5.8388,118.1173,27.3,82,0.0,10.9,0,Cloud development not observed or not observable
2026-08-20,01:00:00,Pahang,Kuantan,3.8167,103.3333,26.3,92,0.0,8.7,3,Clouds generally forming or developing
2026-08-20,01:00:00,Selangor,Petaling Jaya,3.1073,101.6067,24.5,96,0.0,6.9,3,Clouds generally forming or developing
2026-08-20,01:00:00,Perak,Taiping,4.85,100.7333,25.8,89,0.0,5.2,3,Clouds generally forming or developing
2026-08-20,01:00:00,Pulau Pinang,George Town,5.4145,100.3292,27.6,81,0.0,3.0,3,Clouds generally forming or developing
2026-08-20,01:00:00,Johor,Kluang,2.0336,103.3194,24.9,89,0.0,7.3,3,Clouds generally forming or developing
2026-08-20,01:00:00,Sabah,Lahad Datu,5.03,118.34,27.4,77,0.0,8.1,0,Cloud development not observed or not observable
2026-08-20,01:00:00,Sarawak,Kuching,1.5397,110.3542,25.6,99,0.0,5.6,2,State of sky on the whole unchanged
2026-08-20,01:00:00,Kuala Lumpur,Kuala Lumpur,3.1478,101.6953,24.6,96,0.0,6.7,3,Clouds generally forming or developing
2026-08-20,01:00:00,Pulau Pinang,Bukit Mertajam,5.3631,100.4667,28.8,70,0.0,7.6,3,Clouds generally forming or developing
2026-08-20,01:00:00,Pahang,Kuala Lipis,4.184,102.042,25.9,91,0.0,5.4,3,Clouds generally forming or developing
2026-08-20,01:00:00,Sabah,Tawau,4.2448,117.8911,26.0,84,0.0,3.6,0,Cloud development not observed or not observable
2026-08-20,01:00:00,Perlis,Kangar,6.4333,100.2,28.2,72,0.0,9.9,3,Clouds generally forming or developing
2026-08-20,01:00:00,Johor,Muar,2.05,102.56,24.6,95,0.2,2.6,51,"Drizzle, not freezing, continuous 	slight at time of observation"
2026-08-20,01:00:00,Putrajaya,Putrajaya,2.93,101.69,24.4,95,0.0,7.7,3,Clouds generally forming or developing
2026-08-20,01:00:00,Sarawak,Bintulu,3.17,113.03,26.0,90,0.0,3.5,2,State of sky on the whole unchanged
2026-08-20,01:00:00,Johor,Batu Pahat,1.85,102.93,23.8,97,0.0,7.5,3,Clouds generally forming or developing
2026-08-20,01:00:00,Sarawak,Miri,4.4028,113.9933,24.6,94,0.2,9.9,51,"Drizzle, not freezing, continuous 	slight at time of observation"
2026-08-20,00:00:00,Kelantan,Kota Bharu,6.1333,102.25,27.7,66,0.0,12.2,3,Clouds generally forming or developing
2026-08-20,00:00:00,Pahang,Raub,3.7931,101.8569,26.7,67,0.0,6.5,3,Clouds generally forming or developing
2026-08-20,00:00:00,Johor,Johor Bahru,1.4556,103.7611,26.2,81,0.0,4.5,3,Clouds generally forming or developing
2026-08-20,00:00:00,Kedah,Alor Setar,6.1167,100.3667,28.2,70,0.0,10.3,3,Clouds generally forming or developing
2026-08-20,00:00:00,Pulau Pinang,Butterworth,5.3992,100.3639,29.3,66,0.0,6.7,3,Clouds generally forming or developing
2026-08-20,00:00:00,Sarawak,Miri,4.4028,113.9933,25.4,90,0.1,14.9,51,"Drizzle, not freezing, continuous 	slight at time of observation"
2026-08-20,00:00:00,Terengganu,Kuala Terengganu,5.3303,103.1408,25.7,96,0.1,7.7,51,"Drizzle, not freezing, continuous 	slight at time of observation"
2026-08-20,00:00:00,Sabah,Sandakan,5.8388,118.1173,27.6,82,0.0,10.1,0,Cloud development not observed or not observable
2026-08-20,00:00:00,Pahang,Kuantan,3.8167,103.3333,26.4,95,0.0,7.8,3,Clouds generally forming or developing
2026-08-20,00:00:00,Pahang,Kuala Lipis,4.184,102.042,26.4,89,0.0,3.1,3,Clouds generally forming or developing
2026-08-20,00:00:00,Pulau Pinang,George Town,5.4145,100.3292,27.8,79,0.0,3.6,3,Clouds generally forming or developing
2026-08-20,00:00:00,Perlis,Kangar,6.4333,100.2,28.5,71,0.0,11.2,3,Clouds generally forming or developing
2026-08-20,00:00:00,Labuan,Labuan,5.2803,115.2475,26.4,93,0.4,11.3,51,"Drizzle, not freezing, continuous 	slight at time of observation"
2026-08-20,00:00:00,Melaka,Melaka,2.1889,102.2511,25.6,86,0.0,10.4,3,Clouds generally forming or developing
2026-08-20,00:00:00,Sabah,Tawau,4.2448,117.8911,25.9,84,0.0,4.1,1,Clouds generally dissolving or becoming less developed
2026-08-20,00:00:00,Johor,Batu Pahat,1.85,102.93,24.3,96,0.1,7.5,51,"Drizzle, not freezing, continuous 	slight at time of observation"
2026-08-20,00:00:00,Selangor,Shah Alam,3.0833,101.5333,24.9,92,0.1,8.3,51,"Drizzle, not freezing, continuous 	slight at time of observation"
2026-08-20,00:00:00,Sarawak,Bintulu,3.17,113.03,26.9,87,0.0,1.1,1,Clouds generally dissolving or becoming less developed
2026-08-20,00:00:00,Perak,Taiping,4.85,100.7333,26.4,85,0.0,4.1,3,Clouds generally forming or developing
2026-08-20,00:00:00,Selangor,Klang,3.0333,101.45,25.0,95,0.0,9.0,3,Clouds generally forming or developing
2026-08-20,00:00:00,Terengganu,Cukai,4.2332,103.4479,26.5,88,0.0,5.9,3,Clouds generally forming or developing
2026-08-20,00:00:00,Johor,Kluang,2.0336,103.3194,25.6,87,0.1,10.2,51,"Drizzle, not freezing, continuous 	slight at time of observation"
2026-08-20,00:00:00,Sarawak,Kuching,1.5397,110.3542,25.8,100,0.0,2.0,3,Clouds generally forming or developing
2026-08-20,00:00:00,Johor,Muar,2.05,102.56,24.6,96,0.1,12.2,51,"Drizzle, not freezing, continuous 	slight at time of observation"
2026-08-20,00:00:00,Kedah,Sungai Petani,5.65,100.48,27.3,75,0.0,1.3,3,Clouds generally forming or developing
2026-08-20,00:00:00,Perak,Ipoh,4.6,101.07,26.0,99,0.0,0.7,3,Clouds generally forming or developing
2026-08-20,00:00:00,Selangor,Petaling Jaya,3.1073,101.6067,24.3,96,0.1,5.5,51,"Drizzle, not freezing, continuous 	slight at time of observation"
2026-08-20,00:00:00,Negeri Sembilan,Seremban,2.7297,101.9381,24.6,84,0.0,10.3,3,Clouds generally forming or developing
2026-08-20,00:00:00,Pulau Pinang,Bukit Mertajam,5.3631,100.4667,29.3,66,0.0,6.7,3,Clouds generally forming or developing
2026-08-20,00:00:00,Kuala Lumpur,Kuala Lumpur,3.1478,101.6953,24.3,96,0.2,5.9,51,"Drizzle, not freezing, continuous 	slight at time of observation"
2026-08-20,00:00:00,Perak,Teluk Intan,4.0259,101.0213,25.7,94,0.2,9.9,51,"Drizzle, not freezing, continuous 	slight at time of observation"
2026-08-20,00:00:00,Sabah,Lahad Datu,5.03,118.34,27.6,77,0.0,10.8,0,Cloud development not observed or not observable
2026-08-20,00:00:00,Putrajaya,Putrajaya,2.93,101.69,24.6,95,0.0,8.6,3,Clouds generally forming or developing
2026-08-20,10:00:00,Pulau Pinang,George Town,5.4145,100.3292,29.4,75,0.0,3.7,3,Clouds generally forming or developing
2026-08-20,10:00:00,Johor,Muar,2.05,102.56,30.4,62,0.0,15.3,3,Clouds generally forming or developing
2026-08-20,10:00:00,Kuala Lumpur,Kuala Lumpur,3.1478,101.6953,26.9,81,0.0,1.9,3,Clouds generally forming or developing
2026-08-20,10:00:00,Pulau Pinang,Butterworth,5.3992,100.3639,30.4,63,0.0,5.0,3,Clouds generally forming or developing
2026-08-20,10:00:00,Kelantan,Kota Bharu,6.1333,102.25,29.6,67,0.0,9.5,3,Clouds generally forming or developing
2026-08-20,10:00:00,Sabah,Tawau,4.2448,117.8911,27.7,80,0.1,8.3,51,"Drizzle, not freezing, continuous 	slight at time of observation"
2026-08-20,10:00:00,Sarawak,Bintulu,3.17,113.03,27.8,88,0.1,7.8,51,"Drizzle, not freezing, continuous 	slight at time of observation"
2026-08-20,10:00:00,Kedah,Alor Setar,6.1167,100.3667,28.6,80,0.0,5.1,3,Clouds generally forming or developing
2026-08-20,10:00:00,Melaka,Melaka,2.1889,102.2511,30.5,63,0.0,9.9,3,Clouds generally forming or developing
2026-08-20,10:00:00,Johor,Kluang,2.0336,103.3194,27.9,84,0.0,8.3,3,Clouds generally forming or developing
2026-08-20,10:00:00,Sabah,Lahad Datu,5.03,118.34,29.2,70,0.1,12.0,51,"Drizzle, not freezing, continuous 	slight at time of observation"
2026-08-20,10:00:00,Perak,Ipoh,4.6,101.07,27.4,80,0.0,3.8,3,Clouds generally forming or developing
2026-08-20,10:00:00,Johor,Batu Pahat,1.85,102.93,29.8,66,0.0,10.1,3,Clouds generally forming or developing
2026-08-20,10:00:00,Pahang,Raub,3.7931,101.8569,28.6,61,0.0,3.9,3,Clouds generally forming or developing
2026-08-20,10:00:00,Sarawak,Miri,4.4028,113.9933,28.7,78,0.1,8.0,51,"Drizzle, not freezing, continuous 	slight at time of observation"
2026-08-20,10:00:00,Johor,Johor Bahru,1.4556,103.7611,29.3,74,0.0,7.2,3,Clouds generally forming or developing
2026-08-20,10:00:00,Perak,Teluk Intan,4.0259,101.0213,27.5,80,0.0,3.6,3,Clouds generally forming or developing
2026-08-20,10:00:00,Sabah,Kota Kinabalu,5.975,116.0725,30.6,65,0.0,4.2,2,State of sky on the whole unchanged
2026-08-20,10:00:00,Sabah,Sandakan,5.8388,118.1173,29.6,71,0.0,11.8,51,"Drizzle, not freezing, continuous 	slight at time of observation"
2026-08-20,10:00:00,Selangor,Shah Alam,3.0833,101.5333,26.8,84,0.0,4.8,3,Clouds generally forming or developing
2026-08-20,10:00:00,Putrajaya,Putrajaya,2.93,101.69,27.2,82,0.0,4.4,3,Clouds generally forming or developing
2026-08-20,10:00:00,Selangor,Petaling Jaya,3.1073,101.6067,26.3,88,0.0,2.7,3,Clouds generally forming or developing
2026-08-20,10:00:00,Perlis,Kangar,6.4333,100.2,30.1,67,0.0,12.2,3,Clouds generally forming or developing
2026-08-20,10:00:00,Perak,Taiping,4.85,100.7333,27.9,81,0.0,3.0,3,Clouds generally forming or developing
2026-08-20,10:00:00,Pahang,Kuala Lipis,4.184,102.042,28.7,68,0.0,3.2,3,Clouds generally forming or developing
2026-08-20,10:00:00,Pahang,Kuantan,3.8167,103.3333,27.6,77,0.0,10.4,3,Clouds generally forming or developing
2026-08-20,10:00:00,Terengganu,Cukai,4.2332,103.4479,28.1,76,0.0,9.4,3,Clouds generally forming or developing
2026-08-20,10:00:00,Pulau Pinang,Bukit Mertajam,5.3631,100.4667,30.4,63,0.0,5.0,3,Clouds generally forming or developing
2026-08-20,10:00:00,Terengganu,Kuala Terengganu,5.3303,103.1408,28.7,81,0.0,4.7,3,Clouds generally forming or developing
2026-08-20,10:00:00,Kedah,Sungai Petani,5.65,100.48,28.5,74,0.0,3.1,3,Clouds generally forming or developing
2026-08-20,10:00:00,Sarawak,Sibu,2.3,111.8167,29.7,79,0.0,3.1,1,Clouds generally dissolving or becoming less developed
2026-08-20,10:00:00,Negeri Sembilan,Seremban,2.7297,101.9381,28.7,70,0.0,1.3,3,Clouds generally forming or developing
2026-08-20,10:00:00,Selangor,Klang,3.0333,101.45,27.5,81,0.0,5.2,3,Clouds generally forming or developing
2026-08-20,09:00:00,Negeri Sembilan,Seremban,2.7297,101.9381,27.0,76,0.0,2.4,3,Clouds generally forming or developing
2026-08-20,09:00:00,Terengganu,Kuala Terengganu,5.3303,103.1408,26.8,91,0.0,4.0,3,Clouds generally forming or developing
2026-08-20,09:00:00,Sarawak,Bintulu,3.17,113.03,25.9,95,0.0,10.2,1,Clouds generally dissolving or becoming less developed
2026-08-20,09:00:00,Johor,Muar,2.05,102.56,29.2,67,0.0,10.6,3,Clouds generally forming or developing
2026-08-20,09:00:00,Selangor,Petaling Jaya,3.1073,101.6067,25.5,93,0.0,3.2,3,Clouds generally forming or developing
2026-08-20,09:00:00,Selangor,Shah Alam,3.0833,101.5333,26.3,87,0.0,4.9,3,Clouds generally forming or developing
2026-08-20,09:00:00,Kedah,Sungai Petani,5.65,100.48,26.9,81,0.0,3.5,3,Clouds generally forming or developing
2026-08-20,09:00:00,Perak,Ipoh,4.6,101.07,26.5,86,0.0,4.1,3,Clouds generally forming or developing
2026-08-20,09:00:00,Pahang,Kuala Lipis,4.184,102.042,26.6,78,0.0,4.9,3,Clouds generally forming or developing
2026-08-20,09:00:00,Perak,Teluk Intan,4.0259,101.0213,26.1,87,0.0,4.9,3,Clouds generally forming or developing
2026-08-20,09:00:00,Pahang,Kuantan,3.8167,103.3333,26.2,81,0.0,10.2,3,Clouds generally forming or developing
2026-08-20,09:00:00,Sabah,Kota Kinabalu,5.975,116.0725,30.1,67,0.0,2.7,3,Clouds generally forming or developing
2026-08-20,09:00:00,Pahang,Raub,3.7931,101.8569,27.0,68,0.0,2.7,3,Clouds generally forming or developing
2026-08-20,09:00:00,Perlis,Kangar,6.4333,100.2,29.1,72,0.0,10.8,3,Clouds generally forming or developing
2026-08-20,09:00:00,Sarawak,Sibu,2.3,111.8167,28.3,83,0.0,2.1,1,Clouds generally dissolving or becoming less developed
2026-08-20,09:00:00,Pulau Pinang,Bukit Mertajam,5.3631,100.4667,29.2,68,0.0,4.1,3,Clouds generally forming or developing
2026-08-20,09:00:00,Kelantan,Kota Bharu,6.1333,102.25,27.7,78,0.0,7.4,3,Clouds generally forming or developing
2026-08-20,09:00:00,Putrajaya,Putrajaya,2.93,101.69,25.7,90,0.0,4.4,3,Clouds generally forming or developing
2026-08-20,09:00:00,Kedah,Alor Setar,6.1167,100.3667,27.3,84,0.0,5.7,3,Clouds generally forming or developing
2026-08-20,09:00:00,Sabah,Lahad Datu,5.03,118.34,28.6,72,0.1,10.1,51,"Drizzle, not freezing, continuous 	slight at time of observation"
2026-08-20,09:00:00,Sarawak,Miri,4.4028,113.9933,27.1,84,0.0,10.2,1,Clouds generally dissolving or becoming less developed
2026-08-20,09:00:00,Perak,Taiping,4.85,100.7333,27.0,85,0.0,3.8,3,Clouds generally forming or developing
2026-08-20,09:00:00,Selangor,Klang,3.0333,101.45,26.7,86,0.0,5.0,3,Clouds generally forming or developing
2026-08-20,09:00:00,Pulau Pinang,Butterworth,5.3992,100.3639,29.2,68,0.0,4.1,3,Clouds generally forming or developing
2026-08-20,09:00:00,Johor,Kluang,2.0336,103.3194,25.7,93,0.0,4.5,3,Clouds generally forming or developing
2026-08-20,09:00:00,Melaka,Melaka,2.1889,102.2511,28.6,74,0.0,3.9,3,Clouds generally forming or developing
2026-08-20,09:00:00,Sabah,Sandakan,5.8388,118.1173,28.5,76,0.0,11.0,2,State of sky on the whole unchanged
2026-08-20,09:00:00,Kuala Lumpur,Kuala Lumpur,3.1478,101.6953,25.7,89,0.0,3.1,3,Clouds generally forming or developing
2026-08-20,09:00:00,Johor,Batu Pahat,1.85,102.93,27.5,84,0.0,5.5,3,Clouds generally forming or developing
2026-08-20,09:00:00,Sabah,Tawau,4.2448,117.8911,27.4,81,0.1,6.9,51,"Drizzle, not freezing, continuous 	slight at time of observation"
2026-08-20,09:00:00,Terengganu,Cukai,4.2332,103.4479,26.8,83,0.0,8.8,3,Clouds generally forming or developing
2026-08-20,09:00:00,Johor,Johor Bahru,1.4556,103.7611,26.3,90,0.0,3.3,3,Clouds generally forming or developing
2026-08-20,09:00:00,Pulau Pinang,George Town,5.4145,100.3292,28.2,84,0.0,3.9,3,Clouds generally forming or developing
2026-08-20,08:00:00,Terengganu,Kuala Terengganu,5.3303,103.1408,24.9,97,0.0,4.5,3,Clouds generally forming or developing
2026-08-20,08:00:00,Terengganu,Cukai,4.2332,103.4479,25.7,93,0.0,9.3,3,Clouds generally forming or developing
2026-08-20,08:00:00,Selangor,Klang,3.0333,101.45,25.7,93,0.0,5.5,3,Clouds generally forming or developing
2026-08-20,08:00:00,Kelantan,Kota Bharu,6.1333,102.25,26.1,81,0.0,8.1,3,Clouds generally forming or developing
2026-08-20,08:00:00,Kuala Lumpur,Kuala Lumpur,3.1478,101.6953,25.0,95,0.0,3.6,3,Clouds generally forming or developing
2026-08-20,08:00:00,Perak,Teluk Intan,4.0259,101.0213,25.6,87,0.0,5.6,3,Clouds generally forming or developing
2026-08-20,08:00:00,Sarawak,Sibu,2.3,111.8167,26.3,89,0.0,2.2,1,Clouds generally dissolving or becoming less developed
2026-08-20,08:00:00,Perlis,Kangar,6.4333,100.2,27.9,78,0.0,9.7,3,Clouds generally forming or developing
2026-08-20,08:00:00,Johor,Muar,2.05,102.56,27.5,77,0.0,9.7,3,Clouds generally forming or developing
2026-08-20,08:00:00,Johor,Kluang,2.0336,103.3194,24.4,95,0.0,4.4,3,Clouds generally forming or developing
2026-08-20,08:00:00,Johor,Batu Pahat,1.85,102.93,24.8,94,0.0,3.6,3,Clouds generally forming or developing
2026-08-20,08:00:00,Perak,Taiping,4.85,100.7333,25.7,90,0.0,4.9,3,Clouds generally forming or developing
2026-08-20,08:00:00,Selangor,Shah Alam,3.0833,101.5333,25.7,90,0.0,5.0,3,Clouds generally forming or developing
2026-08-20,08:00:00,Johor,Johor Bahru,1.4556,103.7611,23.5,99,0.0,4.5,3,Clouds generally forming or developing
2026-08-20,08:00:00,Putrajaya,Putrajaya,2.93,101.69,25.1,94,0.0,5.9,3,Clouds generally forming or developing
2026-08-20,08:00:00,Negeri Sembilan,Seremban,2.7297,101.9381,25.6,83,0.0,5.2,3,Clouds generally forming or developing
2026-08-20,08:00:00,Kedah,Alor Setar,6.1167,100.3667,26.1,85,0.0,5.7,3,Clouds generally forming or developing
2026-08-20,08:00:00,Kedah,Sungai Petani,5.65,100.48,24.9,88,0.0,5.2,3,Clouds generally forming or developing
2026-08-20,08:00:00,Pulau Pinang,Butterworth,5.3992,100.3639,27.1,78,0.0,5.2,3,Clouds generally forming or developing
2026-08-20,08:00:00,Melaka,Melaka,2.1889,102.2511,26.3,84,0.0,3.6,3,Clouds generally forming or developing
2026-08-20,08:00:00,Sabah,Tawau,4.2448,117.8911,26.3,89,0.1,2.7,51,"Drizzle, not freezing, continuous 	slight at time of observation"
2026-08-20,08:00:00,Pulau Pinang,George Town,5.4145,100.3292,27.0,90,0.0,3.2,3,Clouds generally forming or developing
2026-08-20,08:00:00,Sarawak,Bintulu,3.17,113.03,24.4,97,0.3,8.2,51,"Drizzle, not freezing, continuous 	slight at time of observation"
2026-08-20,08:00:00,Sabah,Sandakan,5.8388,118.1173,27.6,81,0.0,10.2,3,Clouds generally forming or developing
2026-08-20,08:00:00,Sabah,Lahad Datu,5.03,118.34,28.0,75,0.1,8.2,51,"Drizzle, not freezing, continuous 	slight at time of observation"
2026-08-20,08:00:00,Sarawak,Miri,4.4028,113.9933,26.5,87,0.0,13.4,2,State of sky on the whole unchanged
2026-08-20,08:00:00,Selangor,Petaling Jaya,3.1073,101.6067,25.1,94,0.0,4.0,3,Clouds generally forming or developing
2026-08-20,08:00:00,Pulau Pinang,Bukit Mertajam,5.3631,100.4667,27.1,78,0.0,5.2,3,Clouds generally forming or developing
2026-08-20,08:00:00,Perak,Ipoh,4.6,101.07,25.3,95,0.0,4.5,3,Clouds generally forming or developing
2026-08-20,08:00:00,Pahang,Raub,3.7931,101.8569,25.5,74,0.0,2.7,3,Clouds generally forming or developing
2026-08-20,08:00:00,Pahang,Kuantan,3.8167,103.3333,24.9,87,0.0,11.3,3,Clouds generally forming or developing
2026-08-20,08:00:00,Sabah,Kota Kinabalu,5.975,116.0725,28.5,76,0.0,3.1,3,Clouds generally forming or developing
2026-08-20,08:00:00,Pahang,Kuala Lipis,4.184,102.042,24.8,90,0.0,5.4,3,Clouds generally forming or developing
2026-08-20,07:00:00,Putrajaya,Putrajaya,2.93,101.69,24.9,97,0.0,3.5,3,Clouds generally forming or developing
2026-08-20,07:00:00,Johor,Johor Bahru,1.4556,103.7611,23.0,100,0.0,1.3,3,Clouds generally forming or developing
2026-08-20,07:00:00,Sarawak,Bintulu,3.17,113.03,23.0,98,1.0,10.3,81,"Rain shower(s), moderate or heavy"
2026-08-20,07:00:00,Negeri Sembilan,Seremban,2.7297,101.9381,24.8,85,0.0,3.9,3,Clouds generally forming or developing
2026-08-20,07:00:00,Pahang,Raub,3.7931,101.8569,24.2,79,0.0,2.0,3,Clouds generally forming or developing
2026-08-20,07:00:00,Johor,Batu Pahat,1.85,102.93,23.9,96,0.0,2.0,3,Clouds generally forming or developing
2026-08-20,07:00:00,Sabah,Sandakan,5.8388,118.1173,26.8,85,0.0,9.6,2,State of sky on the whole unchanged
2026-08-20,07:00:00,Pulau Pinang,Butterworth,5.3992,100.3639,26.6,83,0.0,6.3,3,Clouds generally forming or developing
2026-08-20,07:00:00,Sabah,Tawau,4.2448,117.8911,25.7,92,0.2,7.5,51,"Drizzle, not freezing, continuous 	slight at time of observation"
2026-08-20,07:00:00,Pulau Pinang,George Town,5.4145,100.3292,26.4,95,0.0,3.4,3,Clouds generally forming or developing
2026-08-20,07:00:00,Perak,Teluk Intan,4.0259,101.0213,25.2,90,0.0,4.4,3,Clouds generally forming or developing
2026-08-20,07:00:00,Sarawak,Miri,4.4028,113.9933,25.1,93,0.0,8.6,1,Clouds generally dissolving or becoming less developed
2026-08-20,07:00:00,Perlis,Kangar,6.4333,100.2,27.7,77,0.0,9.9,3,Clouds generally forming or developing
2026-08-20,07:00:00,Selangor,Shah Alam,3.0833,101.5333,25.4,92,0.0,3.8,3,Clouds generally forming or developing
2026-08-20,07:00:00,Sabah,Lahad Datu,5.03,118.34,27.3,82,0.1,4.9,51,"Drizzle, not freezing, continuous 	slight at time of observation"
2026-08-20,07:00:00,Sabah,Kota Kinabalu,5.975,116.0725,25.1,89,0.0,4.5,3,Clouds generally forming or developing
2026-08-20,07:00:00,Sarawak,Sibu,2.3,111.8167,24.9,94,0.0,6.4,2,State of sky on the whole unchanged
2026-08-20,07:00:00,Pahang,Kuantan,3.8167,103.3333,24.5,87,0.0,12.2,3,Clouds generally forming or developing
2026-08-20,07:00:00,Selangor,Petaling Jaya,3.1073,101.6067,24.7,96,0.0,3.2,3,Clouds generally forming or developing
2026-08-20,07:00:00,Pahang,Kuala Lipis,4.184,102.042,23.9,96,0.0,2.4,3,Clouds generally forming or developing
2026-08-20,07:00:00,Kedah,Sungai Petani,5.65,100.48,24.0,91,0.0,4.7,3,Clouds generally forming or developing
2026-08-20,07:00:00,Terengganu,Kuala Terengganu,5.3303,103.1408,24.3,98,0.0,5.8,3,Clouds generally forming or developing
2026-08-20,07:00:00,Terengganu,Cukai,4.2332,103.4479,25.1,96,0.0,8.7,3,Clouds generally forming or developing
2026-08-20,07:00:00,Perak,Taiping,4.85,100.7333,24.8,94,0.0,2.7,3,Clouds generally forming or developing
2026-08-20,07:00:00,Perak,Ipoh,4.6,101.07,24.6,99,0.0,1.4,3,Clouds generally forming or developing
2026-08-20,07:00:00,Melaka,Melaka,2.1889,102.2511,26.0,85,0.0,7.1,3,Clouds generally forming or developing
2026-08-20,07:00:00,Kelantan,Kota Bharu,6.1333,102.25,25.1,83,0.0,6.0,3,Clouds generally forming or developing
2026-08-20,07:00:00,Pulau Pinang,Bukit Mertajam,5.3631,100.4667,26.5,83,0.0,6.3,3,Clouds generally forming or developing
2026-08-20,07:00:00,Kuala Lumpur,Kuala Lumpur,3.1478,101.6953,24.6,97,0.0,4.7,3,Clouds generally forming or developing
2026-08-20,07:00:00,Kedah,Alor Setar,6.1167,100.3667,26.1,82,0.0,2.6,3,Clouds generally forming or developing
2026-08-20,07:00:00,Johor,Kluang,2.0336,103.3194,23.8,95,0.0,2.3,3,Clouds generally forming or developing
2026-08-20,07:00:00,Johor,Muar,2.05,102.56,26.8,81,0.0,10.9,3,Clouds generally forming or developing
2026-08-20,07:00:00,Selangor,Klang,3.0333,101.45,25.3,95,0.0,4.9,3,Clouds generally forming or developing
2026-08-20,06:00:00,Negeri Sembilan,Seremban,2.7297,101.9381,25.0,84,0.0,3.9,3,Clouds generally forming or developing
2026-08-20,06:00:00,Pahang,Raub,3.7931,101.8569,24.5,80,0.0,1.9,3,Clouds generally forming or developing
2026-08-20,06:00:00,Terengganu,Kuala Terengganu,5.3303,103.1408,24.4,98,0.0,6.3,3,Clouds generally forming or developing
2026-08-20,06:00:00,Johor,Muar,2.05,102.56,26.4,84,0.0,11.7,3,Clouds generally forming or developing
2026-08-20,06:00:00,Putrajaya,Putrajaya,2.93,101.69,25.1,97,0.0,2.3,3,Clouds generally forming or developing
2026-08-20,06:00:00,Selangor,Shah Alam,3.0833,101.5333,25.6,91,0.0,3.2,3,Clouds generally forming or developing
2026-08-20,06:00:00,Perlis,Kangar,6.4333,100.2,27.8,76,0.0,11.0,3,Clouds generally forming or developing
2026-08-20,06:00:00,Kelantan,Kota Bharu,6.1333,102.25,25.4,81,0.0,5.7,3,Clouds generally forming or developing
2026-08-20,06:00:00,Sabah,Lahad Datu,5.03,118.34,26.2,86,0.0,2.2,1,Clouds generally dissolving or becoming less developed
2026-08-20,06:00:00,Perak,Taiping,4.85,100.7333,25.1,93,0.0,3.0,3,Clouds generally forming or developing
2026-08-20,06:00:00,Sarawak,Miri,4.4028,113.9933,24.7,94,0.0,5.5,0,Cloud development not observed or not observable
2026-08-20,06:00:00,Terengganu,Cukai,4.2332,103.4479,25.5,95,0.0,9.2,3,Clouds generally forming or developing
2026-08-20,06:00:00,Sabah,Kota Kinabalu,5.975,116.0725,24.5,87,0.0,3.7,2,State of sky on the whole unchanged
2026-08-20,06:00:00,Sabah,Sandakan,5.8388,118.1173,26.2,89,0.0,9.0,2,State of sky on the whole unchanged
2026-08-20,06:00:00,Sabah,Tawau,4.2448,117.8911,25.4,92,0.1,6.7,51,"Drizzle, not freezing, continuous 	slight at time of observation"
2026-08-20,06:00:00,Pulau Pinang,Bukit Mertajam,5.3631,100.4667,26.6,84,0.0,3.2,3,Clouds generally forming or developing
2026-08-20,06:00:00,Pahang,Kuala Lipis,4.184,102.042,24.1,96,0.0,2.5,3,Clouds generally forming or developing
2026-08-20,06:00:00,Kedah,Sungai Petani,5.65,100.48,24.0,92,0.0,4.2,3,Clouds generally forming or developing
2026-08-20,06:00:00,Sarawak,Bintulu,3.17,113.03,23.5,95,0.0,7.7,53,"Drizzle, not freezing, continuous 	moderate at time of observation"
2026-08-20,06:00:00,Selangor,Petaling Jaya,3.1073,101.6067,24.9,96,0.0,1.5,3,Clouds generally forming or developing
2026-08-20,06:00:00,Selangor,Klang,3.0333,101.45,25.5,95,0.0,5.2,3,Clouds generally forming or developing
2026-08-20,06:00:00,Kedah,Alor Setar,6.1167,100.3667,27.0,79,0.0,4.1,3,Clouds generally forming or developing
2026-08-20,06:00:00,Sarawak,Sibu,2.3,111.8167,25.2,97,0.0,11.5,2,State of sky on the whole unchanged
2026-08-20,06:00:00,Pulau Pinang,Butterworth,5.3992,100.3639,26.6,84,0.0,3.2,3,Clouds generally forming or developing
2026-08-20,06:00:00,Pulau Pinang,George Town,5.4145,100.3292,26.8,93,0.0,2.3,3,Clouds generally forming or developing
2026-08-20,06:00:00,Melaka,Melaka,2.1889,102.2511,26.1,83,0.0,8.8,3,Clouds generally forming or developing
2026-08-20,06:00:00,Pahang,Kuantan,3.8167,103.3333,24.7,88,0.0,10.9,3,Clouds generally forming or developing
2026-08-20,06:00:00,Johor,Batu Pahat,1.85,102.93,24.5,93,0.0,1.9,3,Clouds generally forming or developing
2026-08-20,06:00:00,Perak,Ipoh,4.6,101.07,25.0,98,0.0,1.8,3,Clouds generally forming or developing
2026-08-20,06:00:00,Johor,Kluang,2.0336,103.3194,23.8,95,0.0,2.5,3,Clouds generally forming or developing
2026-08-20,06:00:00,Kuala Lumpur,Kuala Lumpur,3.1478,101.6953,24.8,98,0.0,3.3,3,Clouds generally forming or developing
2026-08-20,06:00:00,Perak,Teluk Intan,4.0259,101.0213,24.8,93,0.0,5.1,3,Clouds generally forming or developing
2026-08-20,06:00:00,Johor,Johor Bahru,1.4556,103.7611,23.2,99,0.0,2.8,3,Clouds generally forming or developing
2026-08-20,05:00:00,Perlis,Kangar,6.4333,100.2,28.1,73,0.0,11.9,3,Clouds generally forming or developing
2026-08-20,05:00:00,Terengganu,Cukai,4.2332,103.4479,25.7,95,0.0,9.4,3,Clouds generally forming or developing
2026-08-20,05:00:00,Kelantan,Kota Bharu,6.1333,102.25,25.5,79,0.0,6.1,3,Clouds generally forming or developing
2026-08-20,05:00:00,Sabah,Tawau,4.2448,117.8911,25.5,91,0.0,4.2,3,Clouds generally forming or developing
2026-08-20,05:00:00,Kedah,Alor Setar,6.1167,100.3667,27.2,77,0.0,5.3,3,Clouds generally forming or developing
2026-08-20,05:00:00,Johor,Kluang,2.0336,103.3194,23.7,97,0.0,5.2,3,Clouds generally forming or developing
2026-08-20,05:00:00,Sarawak,Miri,4.4028,113.9933,24.7,95,0.0,5.3,2,State of sky on the whole unchanged
2026-08-20,05:00:00,Selangor,Petaling Jaya,3.1073,101.6067,24.8,95,0.0,2.1,3,Clouds generally forming or developing
2026-08-20,05:00:00,Kedah,Sungai Petani,5.65,100.48,24.1,93,0.0,5.0,3,Clouds generally forming or developing
2026-08-20,05:00:00,Sarawak,Sibu,2.3,111.8167,25.4,99,0.0,2.0,3,Clouds generally forming or developing
2026-08-20,05:00:00,Johor,Johor Bahru,1.4556,103.7611,23.4,98,0.0,2.9,3,Clouds generally forming or developing
2026-08-20,05:00:00,Melaka,Melaka,2.1889,102.2511,26.1,83,0.0,8.8,3,Clouds generally forming or developing
2026-08-20,05:00:00,Sabah,Sandakan,5.8388,118.1173,26.4,88,0.0,12.1,2,State of sky on the whole unchanged
2026-08-20,05:00:00,Pahang,Raub,3.7931,101.8569,24.4,80,0.0,2.6,3,Clouds generally forming or developing
2026-08-20,05:00:00,Perak,Ipoh,4.6,101.07,25.3,97,0.0,2.2,3,Clouds generally forming or developing
2026-08-20,05:00:00,Kuala Lumpur,Kuala Lumpur,3.1478,101.6953,24.9,98,0.0,3.6,3,Clouds generally forming or developing
2026-08-20,05:00:00,Selangor,Klang,3.0333,101.45,25.3,99,0.0,1.6,3,Clouds generally forming or developing
2026-08-20,05:00:00,Pulau Pinang,Bukit Mertajam,5.3631,100.4667,27.0,81,0.0,3.6,3,Clouds generally forming or developing
2026-08-20,05:00:00,Sabah,Kota Kinabalu,5.975,116.0725,24.3,91,0.0,3.4,1,Clouds generally dissolving or becoming less developed
2026-08-20,05:00:00,Pahang,Kuantan,3.8167,103.3333,24.9,89,0.0,10.1,3,Clouds generally forming or developing
2026-08-20,05:00:00,Pulau Pinang,Butterworth,5.3992,100.3639,27.1,81,0.0,3.6,3,Clouds generally forming or developing
2026-08-20,05:00:00,Pahang,Kuala Lipis,4.184,102.042,24.3,95,0.0,3.0,1,Clouds generally dissolving or becoming less developed
2026-08-20,05:00:00,Johor,Batu Pahat,1.85,102.93,24.3,94,0.0,2.5,3,Clouds generally forming or developing
2026-08-20,05:00:00,Pulau Pinang,George Town,5.4145,100.3292,27.1,91,0.0,1.5,3,Clouds generally forming or developing
2026-08-20,05:00:00,Johor,Muar,2.05,102.56,26.0,86,0.0,13.9,3,Clouds generally forming or developing
2026-08-20,05:00:00,Perak,Taiping,4.85,100.7333,25.5,91,0.0,2.3,3,Clouds generally forming or developing
2026-08-20,05:00:00,Perak,Teluk Intan,4.0259,101.0213,24.4,97,0.0,5.6,3,Clouds generally forming or developing
2026-08-20,05:00:00,Terengganu,Kuala Terengganu,5.3303,103.1408,24.5,99,0.0,4.9,3,Clouds generally forming or developing
2026-08-20,05:00:00,Sabah,Lahad Datu,5.03,118.34,26.2,86,0.0,1.6,1,Clouds generally dissolving or becoming less developed
2026-08-20,05:00:00,Negeri Sembilan,Seremban,2.7297,101.9381,24.8,84,0.0,3.9,3,Clouds generally forming or developing
2026-08-20,05:00:00,Putrajaya,Putrajaya,2.93,101.69,24.9,97,0.0,0.3,3,Clouds generally forming or developing
2026-08-20,05:00:00,Selangor,Shah Alam,3.0833,101.5333,25.5,92,0.0,0.3,3,Clouds generally forming or developing
2026-08-20,05:00:00,Sarawak,Bintulu,3.17,113.03,25.1,92,0.0,5.8,2,State of sky on the whole unchanged
2026-08-20,04:00:00,Pulau Pinang,Bukit Mertajam,5.3631,100.4667,27.1,80,0.0,4.6,3,Clouds generally forming or developing
2026-08-20,04:00:00,Perak,Taiping,4.85,100.7333,25.7,90,0.0,2.7,3,Clouds generally forming or developing
2026-08-20,04:00:00,Pahang,Kuala Lipis,4.184,102.042,24.7,93,0.0,4.5,3,Clouds generally forming or developing
2026-08-20,04:00:00,Putrajaya,Putrajaya,2.93,101.69,24.8,97,0.0,0.3,3,Clouds generally forming or developing
2026-08-20,04:00:00,Melaka,Melaka,2.1889,102.2511,26.0,82,0.0,9.4,3,Clouds generally forming or developing
2026-08-20,04:00:00,Sarawak,Sibu,2.3,111.8167,25.8,97,0.0,0.5,3,Clouds generally forming or developing
2026-08-20,04:00:00,Perak,Ipoh,4.6,101.07,25.4,96,0.0,1.2,3,Clouds generally forming or developing
2026-08-20,04:00:00,Sarawak,Miri,4.4028,113.9933,24.8,96,0.0,6.1,1,Clouds generally dissolving or becoming less developed
2026-08-20,04:00:00,Selangor,Petaling Jaya,3.1073,101.6067,25.0,94,0.1,3.5,51,"Drizzle, not freezing, continuous 	slight at time of observation"
2026-08-20,04:00:00,Sabah,Tawau,4.2448,117.8911,25.2,89,0.1,2.4,51,"Drizzle, not freezing, continuous 	slight at time of observation"
2026-08-20,04:00:00,Pahang,Raub,3.7931,101.8569,24.6,80,0.0,2.8,3,Clouds generally forming or developing
2026-08-20,04:00:00,Negeri Sembilan,Seremban,2.7297,101.9381,24.7,84,0.0,3.2,3,Clouds generally forming or developing
2026-08-20,04:00:00,Selangor,Klang,3.0333,101.45,25.3,99,0.0,2.8,3,Clouds generally forming or developing
2026-08-20,04:00:00,Perak,Teluk Intan,4.0259,101.0213,24.4,97,0.0,6.2,3,Clouds generally forming or developing
2026-08-20,04:00:00,Johor,Batu Pahat,1.85,102.93,24.1,95,0.0,4.7,3,Clouds generally forming or developing
2026-08-20,04:00:00,Pahang,Kuantan,3.8167,103.3333,25.2,90,0.0,9.8,3,Clouds generally forming or developing
2026-08-20,04:00:00,Kuala Lumpur,Kuala Lumpur,3.1478,101.6953,25.2,96,0.0,5.5,3,Clouds generally forming or developing
2026-08-20,04:00:00,Pulau Pinang,George Town,5.4145,100.3292,27.1,89,0.0,2.2,3,Clouds generally forming or developing
2026-08-20,04:00:00,Terengganu,Cukai,4.2332,103.4479,25.7,96,0.0,7.6,3,Clouds generally forming or developing
2026-08-20,04:00:00,Perlis,Kangar,6.4333,100.2,28.3,72,0.0,12.2,3,Clouds generally forming or developing
2026-08-20,04:00:00,Sabah,Kota Kinabalu,5.975,116.0725,24.3,92,0.0,4.6,2,State of sky on the whole unchanged
2026-08-20,04:00:00,Selangor,Shah Alam,3.0833,101.5333,25.3,95,0.0,1.5,3,Clouds generally forming or developing
2026-08-20,04:00:00,Terengganu,Kuala Terengganu,5.3303,103.1408,24.5,99,0.0,4.5,3,Clouds generally forming or developing
2026-08-20,04:00:00,Johor,Kluang,2.0336,103.3194,23.8,97,0.0,4.4,3,Clouds generally forming or developing
2026-08-20,04:00:00,Kelantan,Kota Bharu,6.1333,102.25,25.8,76,0.0,8.2,3,Clouds generally forming or developing
2026-08-20,04:00:00,Sarawak,Bintulu,3.17,113.03,25.3,91,0.0,6.7,1,Clouds generally dissolving or becoming less developed
2026-08-20,04:00:00,Johor,Muar,2.05,102.56,25.8,88,0.0,11.0,3,Clouds generally forming or developing
2026-08-20,04:00:00,Sabah,Lahad Datu,5.03,118.34,26.3,87,0.1,2.7,51,"Drizzle, not freezing, continuous 	slight at time of observation"
2026-08-20,04:00:00,Pulau Pinang,Butterworth,5.3992,100.3639,27.1,80,0.0,4.6,3,Clouds generally forming or developing
2026-08-20,04:00:00,Kedah,Sungai Petani,5.65,100.48,24.2,94,0.0,5.4,3,Clouds generally forming or developing
2026-08-20,04:00:00,Sabah,Sandakan,5.8388,118.1173,26.7,86,0.1,11.6,51,"Drizzle, not freezing, continuous 	slight at time of observation"
2026-08-20,04:00:00,Johor,Johor Bahru,1.4556,103.7611,23.5,96,0.0,6.4,3,Clouds generally forming or developing
2026-08-20,04:00:00,Kedah,Alor Setar,6.1167,100.3667,27.6,75,0.0,6.5,3,Clouds generally forming or developing
2026-08-20,03:00:00,Kedah,Alor Setar,6.1167,100.3667,27.8,73,0.0,7.9,3,Clouds generally forming or developing
2026-08-20,03:00:00,Johor,Batu Pahat,1.85,102.93,23.9,96,0.0,7.0,3,Clouds generally forming or developing
2026-08-20,03:00:00,Negeri Sembilan,Seremban,2.7297,101.9381,24.5,85,0.0,3.4,3,Clouds generally forming or developing
2026-08-20,03:00:00,Pulau Pinang,Butterworth,5.3992,100.3639,27.1,80,0.0,5.5,3,Clouds generally forming or developing
2026-08-20,03:00:00,Pulau Pinang,George Town,5.4145,100.3292,27.4,86,0.0,2.2,3,Clouds generally forming or developing
2026-08-20,03:00:00,Johor,Kluang,2.0336,103.3194,24.2,97,0.1,3.7,51,"Drizzle, not freezing, continuous 	slight at time of observation"
2026-08-20,03:00:00,Putrajaya,Putrajaya,2.93,101.69,24.7,97,0.0,3.3,51,"Drizzle, not freezing, continuous 	slight at time of observation"
2026-08-20,03:00:00,Pahang,Kuala Lipis,4.184,102.042,24.9,91,0.0,3.8,3,Clouds generally forming or developing
2026-08-20,03:00:00,Kedah,Sungai Petani,5.65,100.48,24.5,96,0.0,6.0,3,Clouds generally forming or developing
2026-08-20,03:00:00,Selangor,Klang,3.0333,101.45,25.3,97,0.0,1.6,53,"Drizzle, not freezing, continuous 	moderate at time of observation"
2026-08-20,03:00:00,Selangor,Shah Alam,3.0833,101.5333,25.5,93,0.0,1.3,51,"Drizzle, not freezing, continuous 	slight at time of observation"
2026-08-20,03:00:00,Selangor,Petaling Jaya,3.1073,101.6067,25.2,93,0.0,1.3,3,Clouds generally forming or developing
2026-08-20,03:00:00,Johor,Johor Bahru,1.4556,103.7611,23.9,96,0.1,5.1,51,"Drizzle, not freezing, continuous 	slight at time of observation"
2026-08-20,03:00:00,Melaka,Melaka,2.1889,102.2511,26.0,82,0.0,11.1,3,Clouds generally forming or developing
2026-08-20,03:00:00,Sarawak,Miri,4.4028,113.9933,24.9,96,0.0,7.0,1,Clouds generally dissolving or becoming less developed
2026-08-20,03:00:00,Sabah,Sandakan,5.8388,118.1173,26.9,85,0.1,10.8,51,"Drizzle, not freezing, continuous 	slight at time of observation"
2026-08-20,03:00:00,Sabah,Lahad Datu,5.03,118.34,26.5,84,0.1,3.6,51,"Drizzle, not freezing, continuous 	slight at time of observation"
2026-08-20,03:00:00,Pahang,Kuantan,3.8167,103.3333,25.5,91,0.0,11.0,3,Clouds generally forming or developing
2026-08-20,03:00:00,Terengganu,Cukai,4.2332,103.4479,25.8,96,0.0,7.9,3,Clouds generally forming or developing
2026-08-20,03:00:00,Pahang,Raub,3.7931,101.8569,24.7,80,0.0,2.8,3,Clouds generally forming or developing
2026-08-20,03:00:00,Sarawak,Bintulu,3.17,113.03,25.5,92,0.0,1.9,0,Cloud development not observed or not observable
2026-08-20,03:00:00,Kelantan,Kota Bharu,6.1333,102.25,26.5,73,0.0,9.5,3,Clouds generally forming or developing
2026-08-20,03:00:00,Sabah,Tawau,4.2448,117.8911,25.2,88,0.0,6.0,2,State of sky on the whole unchanged
2026-08-20,03:00:00,Pulau Pinang,Bukit Mertajam,5.3631,100.4667,27.0,80,0.0,5.5,3,Clouds generally forming or developing
2026-08-20,03:00:00,Terengganu,Kuala Terengganu,5.3303,103.1408,24.7,99,0.0,6.0,3,Clouds generally forming or developing
2026-08-20,03:00:00,Kuala Lumpur,Kuala Lumpur,3.1478,101.6953,25.5,92,0.0,1.5,3,Clouds generally forming or developing
2026-08-20,03:00:00,Perak,Teluk Intan,4.0259,101.0213,24.5,96,0.0,7.6,3,Clouds generally forming or developing
2026-08-20,03:00:00,Perak,Ipoh,4.6,101.07,25.6,95,0.0,3.1,3,Clouds generally forming or developing
2026-08-20,03:00:00,Perlis,Kangar,6.4333,100.2,28.2,74,0.0,11.4,3,Clouds generally forming or developing
2026-08-20,03:00:00,Sabah,Kota Kinabalu,5.975,116.0725,24.6,91,0.0,3.7,3,Clouds generally forming or developing
2026-08-20,03:00:00,Johor,Muar,2.05,102.56,25.5,93,0.0,7.3,3,Clouds generally forming or developing
2026-08-20,03:00:00,Sarawak,Sibu,2.3,111.8167,25.8,97,0.0,1.5,3,Clouds generally forming or developing
2026-08-20,03:00:00,Perak,Taiping,4.85,100.7333,25.7,88,0.0,3.1,3,Clouds generally forming or developing
2026-08-20,02:00:00,Sarawak,Bintulu,3.17,113.03,25.8,91,0.0,2.8,2,State of sky on the whole unchanged
2026-08-20,02:00:00,Kuala Lumpur,Kuala Lumpur,3.1478,101.6953,25.4,95,0.0,5.0,3,Clouds generally forming or developing
2026-08-20,02:00:00,Terengganu,Cukai,4.2332,103.4479,25.8,94,0.0,8.3,3,Clouds generally forming or developing
2026-08-20,02:00:00,Johor,Muar,2.05,102.56,25.4,95,0.0,10.1,3,Clouds generally forming or developing
2026-08-20,02:00:00,Selangor,Klang,3.0333,101.45,25.6,94,0.0,4.5,3,Clouds generally forming or developing
2026-08-20,02:00:00,Pahang,Kuala Lipis,4.184,102.042,25.4,88,0.0,4.8,3,Clouds generally forming or developing
2026-08-20,02:00:00,Sabah,Kota Kinabalu,5.975,116.0725,24.5,94,0.4,5.5,51,"Drizzle, not freezing, continuous 	slight at time of observation"
2026-08-20,02:00:00,Johor,Johor Bahru,1.4556,103.7611,24.1,95,0.0,5.6,3,Clouds generally forming or developing
2026-08-20,02:00:00,Pulau Pinang,George Town,5.4145,100.3292,27.8,82,0.0,0.4,3,Clouds generally forming or developing
2026-08-20,02:00:00,Perlis,Kangar,6.4333,100.2,28.1,74,0.0,10.1,3,Clouds generally forming or developing
2026-08-20,02:00:00,Kedah,Sungai Petani,5.65,100.48,24.9,95,0.0,5.3,3,Clouds generally forming or developing
2026-08-20,02:00:00,Perak,Teluk Intan,4.0259,101.0213,24.9,95,0.0,8.3,3,Clouds generally forming or developing
2026-08-20,02:00:00,Selangor,Shah Alam,3.0833,101.5333,25.7,93,0.0,2.7,3,Clouds generally forming or developing
2026-08-20,02:00:00,Pulau Pinang,Butterworth,5.3992,100.3639,27.3,78,0.0,6.0,3,Clouds generally forming or developing
2026-08-20,02:00:00,Terengganu,Kuala Terengganu,5.3303,103.1408,25.0,98,0.0,9.5,3,Clouds generally forming or developing
2026-08-20,02:00:00,Selangor,Petaling Jaya,3.1073,101.6067,25.2,93,0.0,4.5,3,Clouds generally forming or developing
2026-08-20,02:00:00,Johor,Batu Pahat,1.85,102.93,24.1,95,0.0,7.8,3,Clouds generally forming or developing
2026-08-20,02:00:00,Putrajaya,Putrajaya,2.93,101.69,25.3,93,0.0,3.3,3,Clouds generally forming or developing
2026-08-20,02:00:00,Sabah,Tawau,4.2448,117.8911,25.8,84,0.0,3.2,1,Clouds generally dissolving or becoming less developed
2026-08-20,02:00:00,Sabah,Sandakan,5.8388,118.1173,27.0,84,0.0,9.4,1,Clouds generally dissolving or becoming less developed
2026-08-20,02:00:00,Johor,Kluang,2.0336,103.3194,24.4,97,0.0,6.3,3,Clouds generally forming or developing
2026-08-20,02:00:00,Kelantan,Kota Bharu,6.1333,102.25,26.9,71,0.0,12.6,3,Clouds generally forming or developing
2026-08-20,02:00:00,Perak,Ipoh,4.6,101.07,25.7,93,0.0,4.0,3,Clouds generally forming or developing
2026-08-20,02:00:00,Perak,Taiping,4.85,100.7333,25.7,87,0.0,4.2,3,Clouds generally forming or developing
2026-08-20,02:00:00,Negeri Sembilan,Seremban,2.7297,101.9381,24.9,83,0.0,1.9,3,Clouds generally forming or developing
2026-08-20,02:00:00,Pahang,Kuantan,3.8167,103.3333,25.7,94,0.0,9.8,3,Clouds generally forming or developing
2026-08-20,02:00:00,Sabah,Lahad Datu,5.03,118.34,27.1,80,0.0,5.2,1,Clouds generally dissolving or becoming less developed
2026-08-20,02:00:00,Sarawak,Sibu,2.3,111.8167,25.9,99,0.0,1.5,3,Clouds generally forming or developing
2026-08-20,02:00:00,Pulau Pinang,Bukit Mertajam,5.3631,100.4667,27.3,78,0.0,6.0,3,Clouds generally forming or developing
2026-08-20,02:00:00,Pahang,Raub,3.7931,101.8569,25.5,76,0.0,2.8,3,Clouds generally forming or developing
2026-08-20,02:00:00,Melaka,Melaka,2.1889,102.2511,25.9,87,0.0,10.8,3,Clouds generally forming or developing
2026-08-20,02:00:00,Kedah,Alor Setar,6.1167,100.3667,27.6,72,0.0,9.2,3,Clouds generally forming or developing
2026-08-20,02:00:00,Sarawak,Miri,4.4028,113.9933,25.0,96,0.0,7.4,1,Clouds generally dissolving or becoming less developed
2026-08-20,01:00:00,Negeri Sembilan,Seremban,2.7297,101.9381,24.6,85,0.0,8.9,2,State of sky on the whole unchanged
2026-08-20,01:00:00,Johor,Muar,2.05,102.56,24.6,95,0.2,2.6,51,"Drizzle, not freezing, continuous 	slight at time of observation"
2026-08-20,01:00:00,Perlis,Kangar,6.4333,100.2,28.2,72,0.0,9.9,3,Clouds generally forming or developing
2026-08-20,01:00:00,Sabah,Tawau,4.2448,117.8911,26.0,84,0.0,3.6,0,Cloud development not observed or not observable
2026-08-20,01:00:00,Kedah,Alor Setar,6.1167,100.3667,28.0,69,0.0,10.2,3,Clouds generally forming or developing
2026-08-20,01:00:00,Selangor,Klang,3.0333,101.45,24.8,95,0.0,9.6,3,Clouds generally forming or developing
2026-08-20,01:00:00,Putrajaya,Putrajaya,2.93,101.69,24.4,95,0.0,7.7,3,Clouds generally forming or developing
2026-08-20,01:00:00,Sabah,Kota Kinabalu,5.975,116.0725,23.9,95,1.2,6.9,81,"Rain shower(s), moderate or heavy"
2026-08-20,01:00:00,Kedah,Sungai Petani,5.65,100.48,26.6,80,0.0,0.4,3,Clouds generally forming or developing
2026-08-20,01:00:00,Pahang,Kuala Lipis,4.184,102.042,25.9,91,0.0,5.4,3,Clouds generally forming or developing
2026-08-20,01:00:00,Sarawak,Sibu,2.3,111.8167,26.1,99,0.0,2.8,3,Clouds generally forming or developing
2026-08-20,01:00:00,Terengganu,Kuala Terengganu,5.3303,103.1408,25.4,97,0.0,7.4,3,Clouds generally forming or developing
2026-08-20,01:00:00,Kuala Lumpur,Kuala Lumpur,3.1478,101.6953,24.6,96,0.0,6.7,3,Clouds generally forming or developing
2026-08-20,01:00:00,Pulau Pinang,Bukit Mertajam,5.3631,100.4667,28.8,70,0.0,7.6,3,Clouds generally forming or developing
2026-08-20,01:00:00,Pahang,Kuantan,3.8167,103.3333,26.3,92,0.0,8.7,3,Clouds generally forming or developing
2026-08-20,01:00:00,Kelantan,Kota Bharu,6.1333,102.25,27.8,66,0.0,11.7,3,Clouds generally forming or developing
2026-08-20,01:00:00,Johor,Kluang,2.0336,103.3194,24.9,89,0.0,7.3,3,Clouds generally forming or developing
2026-08-20,01:00:00,Melaka,Melaka,2.1889,102.2511,25.0,87,0.0,7.8,3,Clouds generally forming or developing
2026-08-20,01:00:00,Johor,Batu Pahat,1.85,102.93,23.8,97,0.0,7.5,3,Clouds generally forming or developing
2026-08-20,01:00:00,Pahang,Raub,3.7931,101.8569,25.7,72,0.0,5.1,3,Clouds generally forming or developing
2026-08-20,01:00:00,Perak,Ipoh,4.6,101.07,25.9,99,0.0,3.4,3,Clouds generally forming or developing
2026-08-20,01:00:00,Terengganu,Cukai,4.2332,103.4479,26.5,89,0.0,7.4,3,Clouds generally forming or developing
2026-08-20,01:00:00,Pulau Pinang,George Town,5.4145,100.3292,27.6,81,0.0,3.0,3,Clouds generally forming or developing
2026-08-20,01:00:00,Sabah,Lahad Datu,5.03,118.34,27.4,77,0.0,8.1,0,Cloud development not observed or not observable
2026-08-20,01:00:00,Sarawak,Bintulu,3.17,113.03,26.0,90,0.0,3.5,2,State of sky on the whole unchanged
2026-08-20,01:00:00,Sabah,Sandakan,5.8388,118.1173,27.3,82,0.0,10.9,0,Cloud development not observed or not observable
2026-08-20,01:00:00,Selangor,Petaling Jaya,3.1073,101.6067,24.5,96,0.0,6.9,3,Clouds generally forming or developing
2026-08-20,01:00:00,Johor,Johor Bahru,1.4556,103.7611,26.0,83,0.0,4.2,3,Clouds generally forming or developing
2026-08-20,01:00:00,Selangor,Shah Alam,3.0833,101.5333,24.8,93,0.0,8.6,3,Clouds generally forming or developing
2026-08-20,01:00:00,Perak,Taiping,4.85,100.7333,25.8,89,0.0,5.2,3,Clouds generally forming or developing
2026-08-20,01:00:00,Perak,Teluk Intan,4.0259,101.0213,25.0,95,0.1,7.9,51,"Drizzle, not freezing, continuous 	slight at time of observation"
2026-08-20,01:00:00,Sarawak,Miri,4.4028,113.9933,24.6,94,0.2,9.9,51,"Drizzle, not freezing, continuous 	slight at time of observation"
2026-08-20,01:00:00,Pulau Pinang,Butterworth,5.3992,100.3639,28.9,70,0.0,7.6,3,Clouds generally forming or developing
2026-08-20,00:00:00,Pulau Pinang,George Town,5.4145,100.3292,27.8,79,0.0,3.6,3,Clouds generally forming or developing
2026-08-20,00:00:00,Sabah,Tawau,4.2448,117.8911,25.9,84,0.0,4.1,1,Clouds generally dissolving or becoming less developed
2026-08-20,00:00:00,Perak,Teluk Intan,4.0259,101.0213,25.7,94,0.2,9.9,51,"Drizzle, not freezing, continuous 	slight at time of observation"
2026-08-20,00:00:00,Sabah,Kota Kinabalu,5.975,116.0725,24.7,91,0.0,16.6,80,"Rain shower(s), slight"
2026-08-20,00:00:00,Kelantan,Kota Bharu,6.1333,102.25,27.7,66,0.0,12.2,3,Clouds generally forming or developing
2026-08-20,00:00:00,Kedah,Alor Setar,6.1167,100.3667,28.2,70,0.0,10.3,3,Clouds generally forming or developing
2026-08-20,00:00:00,Johor,Batu Pahat,1.85,102.93,24.3,96,0.1,7.5,51,"Drizzle, not freezing, continuous 	slight at time of observation"
2026-08-20,00:00:00,Johor,Johor Bahru,1.4556,103.7611,26.2,81,0.0,4.5,3,Clouds generally forming or developing
2026-08-20,00:00:00,Putrajaya,Putrajaya,2.93,101.69,24.6,95,0.0,8.6,3,Clouds generally forming or developing
2026-08-20,00:00:00,Perlis,Kangar,6.4333,100.2,28.5,71,0.0,11.2,3,Clouds generally forming or developing
2026-08-20,00:00:00,Sarawak,Sibu,2.3,111.8167,26.2,100,0.0,2.2,3,Clouds generally forming or developing
2026-08-20,00:00:00,Sabah,Lahad Datu,5.03,118.34,27.6,77,0.0,10.8,0,Cloud development not observed or not observable
2026-08-20,00:00:00,Terengganu,Cukai,4.2332,103.4479,26.5,88,0.0,5.9,3,Clouds generally forming or developing
2026-08-20,00:00:00,Pahang,Raub,3.7931,101.8569,26.7,67,0.0,6.5,3,Clouds generally forming or developing
2026-08-20,00:00:00,Pahang,Kuala Lipis,4.184,102.042,26.4,89,0.0,3.1,3,Clouds generally forming or developing
2026-08-20,00:00:00,Pulau Pinang,Bukit Mertajam,5.3631,100.4667,29.3,66,0.0,6.7,3,Clouds generally forming or developing
2026-08-20,00:00:00,Negeri Sembilan,Seremban,2.7297,101.9381,24.6,84,0.0,10.3,3,Clouds generally forming or developing
2026-08-20,00:00:00,Sarawak,Bintulu,3.17,113.03,26.9,87,0.0,1.1,1,Clouds generally dissolving or becoming less developed
2026-08-20,00:00:00,Pulau Pinang,Butterworth,5.3992,100.3639,29.3,66,0.0,6.7,3,Clouds generally forming or developing
2026-08-20,00:00:00,Melaka,Melaka,2.1889,102.2511,25.6,86,0.0,10.4,3,Clouds generally forming or developing
2026-08-20,00:00:00,Kuala Lumpur,Kuala Lumpur,3.1478,101.6953,24.3,96,0.2,5.9,51,"Drizzle, not freezing, continuous 	slight at time of observation"
2026-08-20,00:00:00,Selangor,Petaling Jaya,3.1073,101.6067,24.3,96,0.1,5.5,51,"Drizzle, not freezing, continuous 	slight at time of observation"
2026-08-20,00:00:00,Selangor,Shah Alam,3.0833,101.5333,24.9,92,0.1,8.3,51,"Drizzle, not freezing, continuous 	slight at time of observation"
2026-08-20,00:00:00,Perak,Ipoh,4.6,101.07,26.0,99,0.0,0.7,3,Clouds generally forming or developing
2026-08-20,00:00:00,Selangor,Klang,3.0333,101.45,25.0,95,0.0,9.0,3,Clouds generally forming or developing
2026-08-20,00:00:00,Terengganu,Kuala Terengganu,5.3303,103.1408,25.7,96,0.1,7.7,51,"Drizzle, not freezing, continuous 	slight at time of observation"
2026-08-20,00:00:00,Perak,Taiping,4.85,100.7333,26.4,85,0.0,4.1,3,Clouds generally forming or developing
2026-08-20,00:00:00,Sarawak,Miri,4.4028,113.9933,25.4,90,0.1,14.9,51,"Drizzle, not freezing, continuous 	slight at time of observation"
2026-08-20,00:00:00,Sabah,Sandakan,5.8388,118.1173,27.6,82,0.0,10.1,0,Cloud development not observed or not observable
2026-08-20,00:00:00,Johor,Muar,2.05,102.56,24.6,96,0.1,12.2,51,"Drizzle, not freezing, continuous 	slight at time of observation"
2026-08-20,00:00:00,Johor,Kluang,2.0336,103.3194,25.6,87,0.1,10.2,51,"Drizzle, not freezing, continuous 	slight at time of observation"
2026-08-20,00:00:00,Kedah,Sungai Petani,5.65,100.48,27.3,75,0.0,1.3,3,Clouds generally forming or developing
2026-08-20,00:00:00,Pahang,Kuantan,3.8167,103.3333,26.4,95,0.0,7.8,3,Clouds generally forming or developing
2026-08-20,11:00:00,Terengganu,Cukai,4.2332,103.4479,29.6,69,0.0,10.9,3,Clouds generally forming or developing
2026-08-20,11:00:00,Perak,Taiping,4.85,100.7333,29.5,71,0.0,3.3,3,Clouds generally forming or developing
2026-08-20,11:00:00,Sabah,Sandakan,5.8388,118.1173,30.6,65,0.0,12.2,0,Cloud development not observed or not observable
2026-08-20,11:00:00,Sarawak,Kuching,1.5397,110.3542,31.1,69,0.0,6.8,0,Cloud development not observed or not observable
2026-08-20,11:00:00,Perlis,Kangar,6.4333,100.2,30.6,66,0.0,13.4,3,Clouds generally forming or developing
2026-08-20,11:00:00,Johor,Johor Bahru,1.4556,103.7611,30.7,65,0.0,11.2,51,"Drizzle, not freezing, continuous 	slight at time of observation"
2026-08-20,11:00:00,Sarawak,Miri,4.4028,113.9933,30.3,72,0.0,5.2,1,Clouds generally dissolving or becoming less developed
2026-08-20,11:00:00,Pahang,Raub,3.7931,101.8569,28.9,59,0.0,4.0,3,Clouds generally forming or developing
2026-08-20,11:00:00,Sabah,Tawau,4.2448,117.8911,29.0,74,0.1,7.9,51,"Drizzle, not freezing, continuous 	slight at time of observation"
2026-08-20,11:00:00,Sarawak,Sibu,2.3,111.8167,30.8,74,0.0,3.8,0,Cloud development not observed or not observable
2026-08-20,11:00:00,Kedah,Alor Setar,6.1167,100.3667,29.8,75,0.0,5.7,3,Clouds generally forming or developing
2026-08-20,11:00:00,Sarawak,Bintulu,3.17,113.03,28.8,81,0.0,2.0,51,"Drizzle, not freezing, continuous 	slight at time of observation"
2026-08-20,11:00:00,Putrajaya,Putrajaya,2.93,101.69,28.8,74,0.0,3.2,3,Clouds generally forming or developing
2026-08-20,11:00:00,Sabah,Lahad Datu,5.03,118.34,30.0,69,0.0,11.2,0,Cloud development not observed or not observable
2026-08-20,11:00:00,Pahang,Kuala Lipis,4.184,102.042,29.8,63,0.0,0.4,3,Clouds generally forming or developing
2026-08-20,11:00:00,Johor,Muar,2.05,102.56,30.6,63,0.0,14.7,3,Clouds generally forming or developing
2026-08-20,11:00:00,Sabah,Kota Kinabalu,5.975,116.0725,30.5,67,0.1,4.8,51,"Drizzle, not freezing, continuous 	slight at time of observation"
2026-08-20,11:00:00,Johor,Kluang,2.0336,103.3194,29.2,74,0.0,11.0,3,Clouds generally forming or developing
2026-08-20,11:00:00,Perak,Teluk Intan,4.0259,101.0213,28.3,75,0.0,4.3,3,Clouds generally forming or developing
2026-08-20,11:00:00,Johor,Batu Pahat,1.85,102.93,30.9,60,0.0,12.6,3,Clouds generally forming or developing
2026-08-20,11:00:00,Terengganu,Kuala Terengganu,5.3303,103.1408,30.1,75,0.0,3.6,2,State of sky on the whole unchanged
2026-08-20,11:00:00,Pulau Pinang,Bukit Mertajam,5.3631,100.4667,31.2,58,0.0,5.6,3,Clouds generally forming or developing
2026-08-20,11:00:00,Selangor,Shah Alam,3.0833,101.5333,28.4,75,0.0,4.7,3,Clouds generally forming or developing
2026-08-20,11:00:00,Kuala Lumpur,Kuala Lumpur,3.1478,101.6953,28.7,69,0.0,2.5,3,Clouds generally forming or developing
2026-08-20,11:00:00,Pulau Pinang,George Town,5.4145,100.3292,30.2,70,0.0,4.4,3,Clouds generally forming or developing
2026-08-20,11:00:00,Selangor,Klang,3.0333,101.45,28.9,73,0.0,4.7,3,Clouds generally forming or developing
2026-08-20,11:00:00,Melaka,Melaka,2.1889,102.2511,31.5,56,0.0,12.7,3,Clouds generally forming or developing
2026-08-20,11:00:00,Negeri Sembilan,Seremban,2.7297,101.9381,30.7,61,0.0,3.2,3,Clouds generally forming or developing
2026-08-20,11:00:00,Kelantan,Kota Bharu,6.1333,102.25,30.3,64,0.0,9.4,3,Clouds generally forming or developing
2026-08-20,11:00:00,Pahang,Kuantan,3.8167,103.3333,29.1,72,0.0,11.0,3,Clouds generally forming or developing
2026-08-20,11:00:00,Selangor,Petaling Jaya,3.1073,101.6067,28.1,75,0.0,3.7,3,Clouds generally forming or developing
2026-08-20,11:00:00,Perak,Ipoh,4.6,101.07,28.3,75,0.0,3.0,3,Clouds generally forming or developing
2026-08-20,11:00:00,Pulau Pinang,Butterworth,5.3992,100.3639,31.3,58,0.0,5.6,3,Clouds generally forming or developing
2026-08-20,10:00:00,Pahang,Raub,3.7931,101.8569,28.6,61,0.0,3.9,3,Clouds generally forming or developing
2026-08-20,10:00:00,Kuala Lumpur,Kuala Lumpur,3.1478,101.6953,26.9,81,0.0,1.9,3,Clouds generally forming or developing
2026-08-20,10:00:00,Perlis,Kangar,6.4333,100.2,30.1,67,0.0,12.2,3,Clouds generally forming or developing
2026-08-20,10:00:00,Sarawak,Sibu,2.3,111.8167,29.7,79,0.0,3.1,1,Clouds generally dissolving or becoming less developed
2026-08-20,10:00:00,Selangor,Klang,3.0333,101.45,27.5,81,0.0,5.2,3,Clouds generally forming or developing
2026-08-20,10:00:00,Johor,Batu Pahat,1.85,102.93,29.8,66,0.0,10.1,3,Clouds generally forming or developing
2026-08-20,10:00:00,Pahang,Kuala Lipis,4.184,102.042,28.7,68,0.0,3.2,3,Clouds generally forming or developing
2026-08-20,10:00:00,Kedah,Alor Setar,6.1167,100.3667,28.6,80,0.0,5.1,3,Clouds generally forming or developing
2026-08-20,10:00:00,Perak,Taiping,4.85,100.7333,27.9,81,0.0,3.0,3,Clouds generally forming or developing
2026-08-20,10:00:00,Johor,Johor Bahru,1.4556,103.7611,29.3,74,0.0,7.2,3,Clouds generally forming or developing
2026-08-20,10:00:00,Terengganu,Cukai,4.2332,103.4479,28.1,76,0.0,9.4,3,Clouds generally forming or developing
2026-08-20,10:00:00,Negeri Sembilan,Seremban,2.7297,101.9381,28.7,70,0.0,1.3,3,Clouds generally forming or developing
2026-08-20,10:00:00,Perak,Teluk Intan,4.0259,101.0213,27.5,80,0.0,3.6,3,Clouds generally forming or developing
2026-08-20,10:00:00,Selangor,Shah Alam,3.0833,101.5333,26.8,84,0.0,4.8,3,Clouds generally forming or developing
2026-08-20,10:00:00,Putrajaya,Putrajaya,2.93,101.69,27.2,82,0.0,4.4,3,Clouds generally forming or developing
2026-08-20,10:00:00,Pahang,Kuantan,3.8167,103.3333,27.6,77,0.0,10.4,3,Clouds generally forming or developing
2026-08-20,10:00:00,Selangor,Petaling Jaya,3.1073,101.6067,26.3,88,0.0,2.7,3,Clouds generally forming or developing
2026-08-20,10:00:00,Sabah,Tawau,4.2448,117.8911,27.7,80,0.1,8.3,51,"Drizzle, not freezing, continuous 	slight at time of observation"
2026-08-20,10:00:00,Sabah,Lahad Datu,5.03,118.34,29.2,70,0.1,12.0,51,"Drizzle, not freezing, continuous 	slight at time of observation"
2026-08-20,10:00:00,Johor,Kluang,2.0336,103.3194,27.9,84,0.0,8.3,3,Clouds generally forming or developing
2026-08-20,10:00:00,Pulau Pinang,Butterworth,5.3992,100.3639,30.4,63,0.0,5.0,3,Clouds generally forming or developing
2026-08-20,10:00:00,Terengganu,Kuala Terengganu,5.3303,103.1408,28.7,81,0.0,4.7,3,Clouds generally forming or developing
2026-08-20,10:00:00,Kelantan,Kota Bharu,6.1333,102.25,29.6,67,0.0,9.5,3,Clouds generally forming or developing
2026-08-20,10:00:00,Sarawak,Bintulu,3.17,113.03,27.8,88,0.1,7.8,51,"Drizzle, not freezing, continuous 	slight at time of observation"
2026-08-20,10:00:00,Melaka,Melaka,2.1889,102.2511,30.5,63,0.0,9.9,3,Clouds generally forming or developing
2026-08-20,10:00:00,Sabah,Kota Kinabalu,5.975,116.0725,30.6,65,0.0,4.2,2,State of sky on the whole unchanged
2026-08-20,10:00:00,Johor,Muar,2.05,102.56,30.4,62,0.0,15.3,3,Clouds generally forming or developing
2026-08-20,10:00:00,Sarawak,Kuching,1.5397,110.3542,29.4,77,0.0,5.4,3,Clouds generally forming or developing
2026-08-20,10:00:00,Pulau Pinang,Bukit Mertajam,5.3631,100.4667,30.4,63,0.0,5.0,3,Clouds generally forming or developing
2026-08-20,10:00:00,Sarawak,Miri,4.4028,113.9933,28.7,78,0.1,8.0,51,"Drizzle, not freezing, continuous 	slight at time of observation"
2026-08-20,10:00:00,Pulau Pinang,George Town,5.4145,100.3292,29.4,75,0.0,3.7,3,Clouds generally forming or developing
2026-08-20,10:00:00,Sabah,Sandakan,5.8388,118.1173,29.6,71,0.0,11.8,51,"Drizzle, not freezing, continuous 	slight at time of observation"
2026-08-20,10:00:00,Perak,Ipoh,4.6,101.07,27.4,80,0.0,3.8,3,Clouds generally forming or developing
2026-08-20,09:00:00,Kedah,Alor Setar,6.1167,100.3667,27.3,84,0.0,5.7,3,Clouds generally forming or developing
2026-08-20,09:00:00,Sarawak,Kuching,1.5397,110.3542,27.4,83,0.0,5.3,3,Clouds generally forming or developing
2026-08-20,09:00:00,Perlis,Kangar,6.4333,100.2,29.1,72,0.0,10.8,3,Clouds generally forming or developing
2026-08-20,09:00:00,Sarawak,Miri,4.4028,113.9933,27.1,84,0.0,10.2,1,Clouds generally dissolving or becoming less developed
2026-08-20,09:00:00,Johor,Batu Pahat,1.85,102.93,27.5,84,0.0,5.5,3,Clouds generally forming or developing
2026-08-20,09:00:00,Johor,Johor Bahru,1.4556,103.7611,26.3,90,0.0,3.3,3,Clouds generally forming or developing
2026-08-20,09:00:00,Johor,Kluang,2.0336,103.3194,25.7,93,0.0,4.5,3,Clouds generally forming or developing
2026-08-20,09:00:00,Sabah,Sandakan,5.8388,118.1173,28.5,76,0.0,11.0,2,State of sky on the whole unchanged
2026-08-20,09:00:00,Pulau Pinang,Bukit Mertajam,5.3631,100.4667,29.2,68,0.0,4.1,3,Clouds generally forming or developing
2026-08-20,09:00:00,Melaka,Melaka,2.1889,102.2511,28.6,74,0.0,3.9,3,Clouds generally forming or developing
2026-08-20,09:00:00,Perak,Teluk Intan,4.0259,101.0213,26.1,87,0.0,4.9,3,Clouds generally forming or developing
2026-08-20,09:00:00,Sarawak,Bintulu,3.17,113.03,25.9,95,0.0,10.2,1,Clouds generally dissolving or becoming less developed
2026-08-20,09:00:00,Kelantan,Kota Bharu,6.1333,102.25,27.7,78,0.0,7.4,3,Clouds generally forming or developing
2026-08-20,09:00:00,Kuala Lumpur,Kuala Lumpur,3.1478,101.6953,25.7,89,0.0,3.1,3,Clouds generally forming or developing
2026-08-20,09:00:00,Putrajaya,Putrajaya,2.93,101.69,25.7,90,0.0,4.4,3,Clouds generally forming or developing
2026-08-20,09:00:00,Johor,Muar,2.05,102.56,29.2,67,0.0,10.6,3,Clouds generally forming or developing
2026-08-20,09:00:00,Selangor,Shah Alam,3.0833,101.5333,26.3,87,0.0,4.9,3,Clouds generally forming or developing
2026-08-20,09:00:00,Pahang,Kuantan,3.8167,103.3333,26.2,81,0.0,10.2,3,Clouds generally forming or developing
2026-08-20,09:00:00,Sabah,Tawau,4.2448,117.8911,27.4,81,0.1,6.9,51,"Drizzle, not freezing, continuous 	slight at time of observation"
2026-08-20,09:00:00,Perak,Taiping,4.85,100.7333,27.0,85,0.0,3.8,3,Clouds generally forming or developing
2026-08-20,09:00:00,Negeri Sembilan,Seremban,2.7297,101.9381,27.0,76,0.0,2.4,3,Clouds generally forming or developing
2026-08-20,09:00:00,Selangor,Klang,3.0333,101.45,26.7,86,0.0,5.0,3,Clouds generally forming or developing
2026-08-20,09:00:00,Pulau Pinang,George Town,5.4145,100.3292,28.2,84,0.0,3.9,3,Clouds generally forming or developing
2026-08-20,09:00:00,Pahang,Raub,3.7931,101.8569,27.0,68,0.0,2.7,3,Clouds generally forming or developing
2026-08-20,09:00:00,Terengganu,Kuala Terengganu,5.3303,103.1408,26.8,91,0.0,4.0,3,Clouds generally forming or developing
2026-08-20,09:00:00,Selangor,Petaling Jaya,3.1073,101.6067,25.5,93,0.0,3.2,3,Clouds generally forming or developing
2026-08-20,09:00:00,Perak,Ipoh,4.6,101.07,26.5,86,0.0,4.1,3,Clouds generally forming or developing
2026-08-20,09:00:00,Sabah,Kota Kinabalu,5.975,116.0725,30.1,67,0.0,2.7,3,Clouds generally forming or developing
2026-08-20,09:00:00,Pulau Pinang,Butterworth,5.3992,100.3639,29.2,68,0.0,4.1,3,Clouds generally forming or developing
2026-08-20,09:00:00,Terengganu,Cukai,4.2332,103.4479,26.8,83,0.0,8.8,3,Clouds generally forming or developing
2026-08-20,09:00:00,Sabah,Lahad Datu,5.03,118.34,28.6,72,0.1,10.1,51,"Drizzle, not freezing, continuous 	slight at time of observation"
2026-08-20,09:00:00,Sarawak,Sibu,2.3,111.8167,28.3,83,0.0,2.1,1,Clouds generally dissolving or becoming less developed
2026-08-20,09:00:00,Pahang,Kuala Lipis,4.184,102.042,26.6,78,0.0,4.9,3,Clouds generally forming or developing
2026-08-20,08:00:00,Pulau Pinang,George Town,5.4145,100.3292,27.0,90,0.0,3.2,3,Clouds generally forming or developing
2026-08-20,08:00:00,Sarawak,Bintulu,3.17,113.03,24.4,97,0.3,8.2,51,"Drizzle, not freezing, continuous 	slight at time of observation"
2026-08-20,08:00:00,Kuala Lumpur,Kuala Lumpur,3.1478,101.6953,25.0,95,0.0,3.6,3,Clouds generally forming or developing
2026-08-20,08:00:00,Sabah,Tawau,4.2448,117.8911,26.3,89,0.1,2.7,51,"Drizzle, not freezing, continuous 	slight at time of observation"
2026-08-20,08:00:00,Perak,Ipoh,4.6,101.07,25.3,95,0.0,4.5,3,Clouds generally forming or developing
2026-08-20,08:00:00,Johor,Kluang,2.0336,103.3194,24.4,95,0.0,4.4,3,Clouds generally forming or developing
2026-08-20,08:00:00,Pulau Pinang,Butterworth,5.3992,100.3639,27.1,78,0.0,5.2,3,Clouds generally forming or developing
2026-08-20,08:00:00,Sabah,Lahad Datu,5.03,118.34,28.0,75,0.1,8.2,51,"Drizzle, not freezing, continuous 	slight at time of observation"
2026-08-20,08:00:00,Pahang,Kuantan,3.8167,103.3333,24.9,87,0.0,11.3,3,Clouds generally forming or developing
2026-08-20,08:00:00,Selangor,Petaling Jaya,3.1073,101.6067,25.1,94,0.0,4.0,3,Clouds generally forming or developing
2026-08-20,08:00:00,Kelantan,Kota Bharu,6.1333,102.25,26.1,81,0.0,8.1,3,Clouds generally forming or developing
2026-08-20,08:00:00,Johor,Batu Pahat,1.85,102.93,24.8,94,0.0,3.6,3,Clouds generally forming or developing
2026-08-20,08:00:00,Selangor,Shah Alam,3.0833,101.5333,25.7,90,0.0,5.0,3,Clouds generally forming or developing
2026-08-20,08:00:00,Pahang,Kuala Lipis,4.184,102.042,24.8,90,0.0,5.4,3,Clouds generally forming or developing
2026-08-20,08:00:00,Perak,Teluk Intan,4.0259,101.0213,25.6,87,0.0,5.6,3,Clouds generally forming or developing
2026-08-20,08:00:00,Selangor,Klang,3.0333,101.45,25.7,93,0.0,5.5,3,Clouds generally forming or developing
2026-08-20,08:00:00,Johor,Johor Bahru,1.4556,103.7611,23.5,99,0.0,4.5,3,Clouds generally forming or developing
2026-08-20,08:00:00,Putrajaya,Putrajaya,2.93,101.69,25.1,94,0.0,5.9,3,Clouds generally forming or developing
2026-08-20,08:00:00,Pahang,Raub,3.7931,101.8569,25.5,74,0.0,2.7,3,Clouds generally forming or developing
2026-08-20,08:00:00,Johor,Muar,2.05,102.56,27.5,77,0.0,9.7,3,Clouds generally forming or developing
2026-08-20,08:00:00,Perlis,Kangar,6.4333,100.2,27.9,78,0.0,9.7,3,Clouds generally forming or developing
2026-08-20,08:00:00,Terengganu,Cukai,4.2332,103.4479,25.7,93,0.0,9.3,3,Clouds generally forming or developing
2026-08-20,08:00:00,Sarawak,Sibu,2.3,111.8167,26.3,89,0.0,2.2,1,Clouds generally dissolving or becoming less developed
2026-08-20,08:00:00,Sarawak,Kuching,1.5397,110.3542,25.6,90,0.0,5.6,3,Clouds generally forming or developing
2026-08-20,08:00:00,Sabah,Sandakan,5.8388,118.1173,27.6,81,0.0,10.2,3,Clouds generally forming or developing
2026-08-20,08:00:00,Melaka,Melaka,2.1889,102.2511,26.3,84,0.0,3.6,3,Clouds generally forming or developing
2026-08-20,08:00:00,Pulau Pinang,Bukit Mertajam,5.3631,100.4667,27.1,78,0.0,5.2,3,Clouds generally forming or developing
2026-08-20,08:00:00,Perak,Taiping,4.85,100.7333,25.7,90,0.0,4.9,3,Clouds generally forming or developing
2026-08-20,08:00:00,Negeri Sembilan,Seremban,2.7297,101.9381,25.6,83,0.0,5.2,3,Clouds generally forming or developing
2026-08-20,08:00:00,Terengganu,Kuala Terengganu,5.3303,103.1408,24.9,97,0.0,4.5,3,Clouds generally forming or developing
2026-08-20,08:00:00,Kedah,Alor Setar,6.1167,100.3667,26.1,85,0.0,5.7,3,Clouds generally forming or developing
2026-08-20,08:00:00,Sabah,Kota Kinabalu,5.975,116.0725,28.5,76,0.0,3.1,3,Clouds generally forming or developing
2026-08-20,08:00:00,Sarawak,Miri,4.4028,113.9933,26.5,87,0.0,13.4,2,State of sky on the whole unchanged
2026-08-20,07:00:00,Sabah,Lahad Datu,5.03,118.34,27.3,82,0.1,4.9,51,"Drizzle, not freezing, continuous 	slight at time of observation"
2026-08-20,07:00:00,Kelantan,Kota Bharu,6.1333,102.25,25.1,83,0.0,6.0,3,Clouds generally forming or developing
2026-08-20,07:00:00,Kedah,Alor Setar,6.1167,100.3667,26.1,82,0.0,2.6,3,Clouds generally forming or developing
2026-08-20,07:00:00,Sabah,Kota Kinabalu,5.975,116.0725,25.1,89,0.0,4.5,3,Clouds generally forming or developing
2026-08-20,07:00:00,Perlis,Kangar,6.4333,100.2,27.7,77,0.0,9.9,3,Clouds generally forming or developing
2026-08-20,07:00:00,Johor,Batu Pahat,1.85,102.93,23.9,96,0.0,2.0,3,Clouds generally forming or developing
2026-08-20,07:00:00,Sarawak,Sibu,2.3,111.8167,24.9,94,0.0,6.4,2,State of sky on the whole unchanged
2026-08-20,07:00:00,Sarawak,Miri,4.4028,113.9933,25.1,93,0.0,8.6,1,Clouds generally dissolving or becoming less developed
2026-08-20,07:00:00,Pulau Pinang,Bukit Mertajam,5.3631,100.4667,26.5,83,0.0,6.3,3,Clouds generally forming or developing
2026-08-20,07:00:00,Putrajaya,Putrajaya,2.93,101.69,24.9,97,0.0,3.5,3,Clouds generally forming or developing
2026-08-20,07:00:00,Pulau Pinang,George Town,5.4145,100.3292,26.4,95,0.0,3.4,3,Clouds generally forming or developing
2026-08-20,07:00:00,Terengganu,Kuala Terengganu,5.3303,103.1408,24.3,98,0.0,5.8,3,Clouds generally forming or developing
2026-08-20,07:00:00,Sarawak,Kuching,1.5397,110.3542,24.3,98,0.0,6.2,3,Clouds generally forming or developing
2026-08-20,07:00:00,Sabah,Tawau,4.2448,117.8911,25.7,92,0.2,7.5,51,"Drizzle, not freezing, continuous 	slight at time of observation"
2026-08-20,07:00:00,Johor,Johor Bahru,1.4556,103.7611,23.0,100,0.0,1.3,3,Clouds generally forming or developing
2026-08-20,07:00:00,Perak,Teluk Intan,4.0259,101.0213,25.2,90,0.0,4.4,3,Clouds generally forming or developing
2026-08-20,07:00:00,Melaka,Melaka,2.1889,102.2511,26.0,85,0.0,7.1,3,Clouds generally forming or developing
2026-08-20,07:00:00,Perak,Ipoh,4.6,101.07,24.6,99,0.0,1.4,3,Clouds generally forming or developing
2026-08-20,07:00:00,Sabah,Sandakan,5.8388,118.1173,26.8,85,0.0,9.6,2,State of sky on the whole unchanged
2026-08-20,07:00:00,Kuala Lumpur,Kuala Lumpur,3.1478,101.6953,24.6,97,0.0,4.7,3,Clouds generally forming or developing
2026-08-20,07:00:00,Pahang,Kuala Lipis,4.184,102.042,23.9,96,0.0,2.4,3,Clouds generally forming or developing
2026-08-20,07:00:00,Johor,Muar,2.05,102.56,26.8,81,0.0,10.9,3,Clouds generally forming or developing
2026-08-20,07:00:00,Sarawak,Bintulu,3.17,113.03,23.0,98,1.0,10.3,81,"Rain shower(s), moderate or heavy"
2026-08-20,07:00:00,Perak,Taiping,4.85,100.7333,24.8,94,0.0,2.7,3,Clouds generally forming or developing
2026-08-20,07:00:00,Negeri Sembilan,Seremban,2.7297,101.9381,24.8,85,0.0,3.9,3,Clouds generally forming or developing
2026-08-20,07:00:00,Selangor,Klang,3.0333,101.45,25.3,95,0.0,4.9,3,Clouds generally forming or developing
2026-08-20,07:00:00,Pulau Pinang,Butterworth,5.3992,100.3639,26.6,83,0.0,6.3,3,Clouds generally forming or developing
2026-08-20,07:00:00,Pahang,Raub,3.7931,101.8569,24.2,79,0.0,2.0,3,Clouds generally forming or developing
2026-08-20,07:00:00,Pahang,Kuantan,3.8167,103.3333,24.5,87,0.0,12.2,3,Clouds generally forming or developing
2026-08-20,07:00:00,Terengganu,Cukai,4.2332,103.4479,25.1,96,0.0,8.7,3,Clouds generally forming or developing
2026-08-20,07:00:00,Selangor,Petaling Jaya,3.1073,101.6067,24.7,96,0.0,3.2,3,Clouds generally forming or developing
2026-08-20,07:00:00,Johor,Kluang,2.0336,103.3194,23.8,95,0.0,2.3,3,Clouds generally forming or developing
2026-08-20,07:00:00,Selangor,Shah Alam,3.0833,101.5333,25.4,92,0.0,3.8,3,Clouds generally forming or developing
2026-08-20,06:00:00,Terengganu,Cukai,4.2332,103.4479,25.5,95,0.0,9.2,3,Clouds generally forming or developing
2026-08-20,06:00:00,Sarawak,Kuching,1.5397,110.3542,24.6,98,0.0,10.7,2,State of sky on the whole unchanged
2026-08-20,06:00:00,Sarawak,Miri,4.4028,113.9933,24.7,94,0.0,5.5,0,Cloud development not observed or not observable
2026-08-20,06:00:00,Perak,Teluk Intan,4.0259,101.0213,24.8,93,0.0,5.1,3,Clouds generally forming or developing
2026-08-20,06:00:00,Johor,Johor Bahru,1.4556,103.7611,23.2,99,0.0,2.8,3,Clouds generally forming or developing
2026-08-20,06:00:00,Sabah,Lahad Datu,5.03,118.34,26.2,86,0.0,2.2,1,Clouds generally dissolving or becoming less developed
2026-08-20,06:00:00,Pulau Pinang,George Town,5.4145,100.3292,26.8,93,0.0,2.3,3,Clouds generally forming or developing
2026-08-20,06:00:00,Pahang,Kuantan,3.8167,103.3333,24.7,88,0.0,10.9,3,Clouds generally forming or developing
2026-08-20,06:00:00,Perlis,Kangar,6.4333,100.2,27.8,76,0.0,11.0,3,Clouds generally forming or developing
2026-08-20,06:00:00,Negeri Sembilan,Seremban,2.7297,101.9381,25.0,84,0.0,3.9,3,Clouds generally forming or developing
2026-08-20,06:00:00,Selangor,Klang,3.0333,101.45,25.5,95,0.0,5.2,3,Clouds generally forming or developing
2026-08-20,06:00:00,Putrajaya,Putrajaya,2.93,101.69,25.1,97,0.0,2.3,3,Clouds generally forming or developing
2026-08-20,06:00:00,Perak,Taiping,4.85,100.7333,25.1,93,0.0,3.0,3,Clouds generally forming or developing
2026-08-20,06:00:00,Selangor,Petaling Jaya,3.1073,101.6067,24.9,96,0.0,1.5,3,Clouds generally forming or developing
2026-08-20,06:00:00,Sarawak,Sibu,2.3,111.8167,25.2,97,0.0,11.5,2,State of sky on the whole unchanged
2026-08-20,06:00:00,Selangor,Shah Alam,3.0833,101.5333,25.6,91,0.0,3.2,3,Clouds generally forming or developing
2026-08-20,06:00:00,Pahang,Raub,3.7931,101.8569,24.5,80,0.0,1.9,3,Clouds generally forming or developing
2026-08-20,06:00:00,Kedah,Alor Setar,6.1167,100.3667,27.0,79,0.0,4.1,3,Clouds generally forming or developing
2026-08-20,06:00:00,Pahang,Kuala Lipis,4.184,102.042,24.1,96,0.0,2.5,3,Clouds generally forming or developing
2026-08-20,06:00:00,Sabah,Kota Kinabalu,5.975,116.0725,24.5,87,0.0,3.7,2,State of sky on the whole unchanged
2026-08-20,06:00:00,Sabah,Tawau,4.2448,117.8911,25.4,92,0.1,6.7,51,"Drizzle, not freezing, continuous 	slight at time of observation"
2026-08-20,06:00:00,Johor,Batu Pahat,1.85,102.93,24.5,93,0.0,1.9,3,Clouds generally forming or developing
2026-08-20,06:00:00,Pulau Pinang,Bukit Mertajam,5.3631,100.4667,26.6,84,0.0,3.2,3,Clouds generally forming or developing
2026-08-20,06:00:00,Terengganu,Kuala Terengganu,5.3303,103.1408,24.4,98,0.0,6.3,3,Clouds generally forming or developing
2026-08-20,06:00:00,Pulau Pinang,Butterworth,5.3992,100.3639,26.6,84,0.0,3.2,3,Clouds generally forming or developing
2026-08-20,06:00:00,Kelantan,Kota Bharu,6.1333,102.25,25.4,81,0.0,5.7,3,Clouds generally forming or developing
2026-08-20,06:00:00,Johor,Kluang,2.0336,103.3194,23.8,95,0.0,2.5,3,Clouds generally forming or developing
2026-08-20,06:00:00,Kuala Lumpur,Kuala Lumpur,3.1478,101.6953,24.8,98,0.0,3.3,3,Clouds generally forming or developing
2026-08-20,06:00:00,Melaka,Melaka,2.1889,102.2511,26.1,83,0.0,8.8,3,Clouds generally forming or developing
2026-08-20,06:00:00,Sarawak,Bintulu,3.17,113.03,23.5,95,0.0,7.7,53,"Drizzle, not freezing, continuous 	moderate at time of observation"
2026-08-20,06:00:00,Johor,Muar,2.05,102.56,26.4,84,0.0,11.7,3,Clouds generally forming or developing
2026-08-20,06:00:00,Perak,Ipoh,4.6,101.07,25.0,98,0.0,1.8,3,Clouds generally forming or developing
2026-08-20,06:00:00,Sabah,Sandakan,5.8388,118.1173,26.2,89,0.0,9.0,2,State of sky on the whole unchanged
2026-08-20,05:00:00,Kedah,Alor Setar,6.1167,100.3667,27.2,77,0.0,5.3,3,Clouds generally forming or developing
2026-08-20,05:00:00,Sarawak,Miri,4.4028,113.9933,24.7,95,0.0,5.3,2,State of sky on the whole unchanged
2026-08-20,05:00:00,Pahang,Kuantan,3.8167,103.3333,24.9,89,0.0,10.1,3,Clouds generally forming or developing
2026-08-20,05:00:00,Johor,Muar,2.05,102.56,26.0,86,0.0,13.9,3,Clouds generally forming or developing
2026-08-20,05:00:00,Selangor,Shah Alam,3.0833,101.5333,25.5,92,0.0,0.3,3,Clouds generally forming or developing
2026-08-20,05:00:00,Selangor,Petaling Jaya,3.1073,101.6067,24.8,95,0.0,2.1,3,Clouds generally forming or developing
2026-08-20,05:00:00,Sabah,Sandakan,5.8388,118.1173,26.4,88,0.0,12.1,2,State of sky on the whole unchanged
2026-08-20,05:00:00,Terengganu,Kuala Terengganu,5.3303,103.1408,24.5,99,0.0,4.9,3,Clouds generally forming or developing
2026-08-20,05:00:00,Perlis,Kangar,6.4333,100.2,28.1,73,0.0,11.9,3,Clouds generally forming or developing
2026-08-20,05:00:00,Terengganu,Cukai,4.2332,103.4479,25.7,95,0.0,9.4,3,Clouds generally forming or developing
2026-08-20,05:00:00,Sabah,Kota Kinabalu,5.975,116.0725,24.3,91,0.0,3.4,1,Clouds generally dissolving or becoming less developed
2026-08-20,05:00:00,Johor,Kluang,2.0336,103.3194,23.7,97,0.0,5.2,3,Clouds generally forming or developing
2026-08-20,05:00:00,Kelantan,Kota Bharu,6.1333,102.25,25.5,79,0.0,6.1,3,Clouds generally forming or developing
2026-08-20,05:00:00,Pahang,Raub,3.7931,101.8569,24.4,80,0.0,2.6,3,Clouds generally forming or developing
2026-08-20,05:00:00,Perak,Teluk Intan,4.0259,101.0213,24.4,97,0.0,5.6,3,Clouds generally forming or developing
2026-08-20,05:00:00,Selangor,Klang,3.0333,101.45,25.3,99,0.0,1.6,3,Clouds generally forming or developing
2026-08-20,05:00:00,Pahang,Kuala Lipis,4.184,102.042,24.3,95,0.0,3.0,1,Clouds generally dissolving or becoming less developed
2026-08-20,05:00:00,Perak,Taiping,4.85,100.7333,25.5,91,0.0,2.3,3,Clouds generally forming or developing
2026-08-20,05:00:00,Pulau Pinang,Butterworth,5.3992,100.3639,27.1,81,0.0,3.6,3,Clouds generally forming or developing
2026-08-20,05:00:00,Johor,Johor Bahru,1.4556,103.7611,23.4,98,0.0,2.9,3,Clouds generally forming or developing
2026-08-20,05:00:00,Sabah,Lahad Datu,5.03,118.34,26.2,86,0.0,1.6,1,Clouds generally dissolving or becoming less developed
2026-08-20,05:00:00,Sarawak,Kuching,1.5397,110.3542,24.9,97,0.0,10.6,3,Clouds generally forming or developing
2026-08-20,05:00:00,Kuala Lumpur,Kuala Lumpur,3.1478,101.6953,24.9,98,0.0,3.6,3,Clouds generally forming or developing
2026-08-20,05:00:00,Sarawak,Bintulu,3.17,113.03,25.1,92,0.0,5.8,2,State of sky on the whole unchanged
2026-08-20,05:00:00,Putrajaya,Putrajaya,2.93,101.69,24.9,97,0.0,0.3,3,Clouds generally forming or developing
2026-08-20,05:00:00,Pulau Pinang,Bukit Mertajam,5.3631,100.4667,27.0,81,0.0,3.6,3,Clouds generally forming or developing
2026-08-20,05:00:00,Johor,Batu Pahat,1.85,102.93,24.3,94,0.0,2.5,3,Clouds generally forming or developing
2026-08-20,05:00:00,Pulau Pinang,George Town,5.4145,100.3292,27.1,91,0.0,1.5,3,Clouds generally forming or developing
2026-08-20,05:00:00,Perak,Ipoh,4.6,101.07,25.3,97,0.0,2.2,3,Clouds generally forming or developing
2026-08-20,05:00:00,Sabah,Tawau,4.2448,117.8911,25.5,91,0.0,4.2,3,Clouds generally forming or developing
2026-08-20,05:00:00,Melaka,Melaka,2.1889,102.2511,26.1,83,0.0,8.8,3,Clouds generally forming or developing
2026-08-20,05:00:00,Sarawak,Sibu,2.3,111.8167,25.4,99,0.0,2.0,3,Clouds generally forming or developing
2026-08-20,05:00:00,Negeri Sembilan,Seremban,2.7297,101.9381,24.8,84,0.0,3.9,3,Clouds generally forming or developing
2026-08-20,04:00:00,Melaka,Melaka,2.1889,102.2511,26.0,82,0.0,9.4,3,Clouds generally forming or developing
2026-08-20,04:00:00,Terengganu,Cukai,4.2332,103.4479,25.7,96,0.0,7.6,3,Clouds generally forming or developing
2026-08-20,04:00:00,Pulau Pinang,Butterworth,5.3992,100.3639,27.1,80,0.0,4.6,3,Clouds generally forming or developing
2026-08-20,04:00:00,Sabah,Kota Kinabalu,5.975,116.0725,24.3,92,0.0,4.6,2,State of sky on the whole unchanged
2026-08-20,04:00:00,Pahang,Raub,3.7931,101.8569,24.6,80,0.0,2.8,3,Clouds generally forming or developing
2026-08-20,04:00:00,Selangor,Shah Alam,3.0833,101.5333,25.3,95,0.0,1.5,3,Clouds generally forming or developing
2026-08-20,04:00:00,Johor,Kluang,2.0336,103.3194,23.8,97,0.0,4.4,3,Clouds generally forming or developing
2026-08-20,04:00:00,Negeri Sembilan,Seremban,2.7297,101.9381,24.7,84,0.0,3.2,3,Clouds generally forming or developing
2026-08-20,04:00:00,Pahang,Kuantan,3.8167,103.3333,25.2,90,0.0,9.8,3,Clouds generally forming or developing
2026-08-20,04:00:00,Perak,Taiping,4.85,100.7333,25.7,90,0.0,2.7,3,Clouds generally forming or developing
2026-08-20,04:00:00,Selangor,Petaling Jaya,3.1073,101.6067,25.0,94,0.1,3.5,51,"Drizzle, not freezing, continuous 	slight at time of observation"
2026-08-20,04:00:00,Perak,Teluk Intan,4.0259,101.0213,24.4,97,0.0,6.2,3,Clouds generally forming or developing
2026-08-20,04:00:00,Perak,Ipoh,4.6,101.07,25.4,96,0.0,1.2,3,Clouds generally forming or developing
2026-08-20,04:00:00,Sabah,Sandakan,5.8388,118.1173,26.7,86,0.1,11.6,51,"Drizzle, not freezing, continuous 	slight at time of observation"
2026-08-20,04:00:00,Pulau Pinang,George Town,5.4145,100.3292,27.1,89,0.0,2.2,3,Clouds generally forming or developing
2026-08-20,04:00:00,Sabah,Tawau,4.2448,117.8911,25.2,89,0.1,2.4,51,"Drizzle, not freezing, continuous 	slight at time of observation"
2026-08-20,04:00:00,Sarawak,Bintulu,3.17,113.03,25.3,91,0.0,6.7,1,Clouds generally dissolving or becoming less developed
2026-08-20,04:00:00,Sarawak,Kuching,1.5397,110.3542,25.3,95,0.0,9.5,3,Clouds generally forming or developing
2026-08-20,04:00:00,Pulau Pinang,Bukit Mertajam,5.3631,100.4667,27.1,80,0.0,4.6,3,Clouds generally forming or developing
2026-08-20,04:00:00,Kelantan,Kota Bharu,6.1333,102.25,25.8,76,0.0,8.2,3,Clouds generally forming or developing
2026-08-20,04:00:00,Pahang,Kuala Lipis,4.184,102.042,24.7,93,0.0,4.5,3,Clouds generally forming or developing
2026-08-20,04:00:00,Putrajaya,Putrajaya,2.93,101.69,24.8,97,0.0,0.3,3,Clouds generally forming or developing
2026-08-20,04:00:00,Johor,Batu Pahat,1.85,102.93,24.1,95,0.0,4.7,3,Clouds generally forming or developing
2026-08-20,04:00:00,Johor,Johor Bahru,1.4556,103.7611,23.5,96,0.0,6.4,3,Clouds generally forming or developing
2026-08-20,04:00:00,Sabah,Lahad Datu,5.03,118.34,26.3,87,0.1,2.7,51,"Drizzle, not freezing, continuous 	slight at time of observation"
2026-08-20,04:00:00,Selangor,Klang,3.0333,101.45,25.3,99,0.0,2.8,3,Clouds generally forming or developing
2026-08-20,04:00:00,Johor,Muar,2.05,102.56,25.8,88,0.0,11.0,3,Clouds generally forming or developing
2026-08-20,04:00:00,Sarawak,Sibu,2.3,111.8167,25.8,97,0.0,0.5,3,Clouds generally forming or developing
2026-08-20,04:00:00,Sarawak,Miri,4.4028,113.9933,24.8,96,0.0,6.1,1,Clouds generally dissolving or becoming less developed
2026-08-20,04:00:00,Kedah,Alor Setar,6.1167,100.3667,27.6,75,0.0,6.5,3,Clouds generally forming or developing
2026-08-20,04:00:00,Kuala Lumpur,Kuala Lumpur,3.1478,101.6953,25.2,96,0.0,5.5,3,Clouds generally forming or developing
2026-08-20,04:00:00,Perlis,Kangar,6.4333,100.2,28.3,72,0.0,12.2,3,Clouds generally forming or developing
2026-08-20,04:00:00,Terengganu,Kuala Terengganu,5.3303,103.1408,24.5,99,0.0,4.5,3,Clouds generally forming or developing
2026-08-20,03:00:00,Sarawak,Sibu,2.3,111.8167,25.8,97,0.0,1.5,3,Clouds generally forming or developing
2026-08-20,03:00:00,Pahang,Kuantan,3.8167,103.3333,25.5,91,0.0,11.0,3,Clouds generally forming or developing
2026-08-20,03:00:00,Pulau Pinang,George Town,5.4145,100.3292,27.4,86,0.0,2.2,3,Clouds generally forming or developing
2026-08-20,03:00:00,Pulau Pinang,Butterworth,5.3992,100.3639,27.1,80,0.0,5.5,3,Clouds generally forming or developing
2026-08-20,03:00:00,Selangor,Shah Alam,3.0833,101.5333,25.5,93,0.0,1.3,51,"Drizzle, not freezing, continuous 	slight at time of observation"
2026-08-20,03:00:00,Johor,Kluang,2.0336,103.3194,24.2,97,0.1,3.7,51,"Drizzle, not freezing, continuous 	slight at time of observation"
2026-08-20,03:00:00,Putrajaya,Putrajaya,2.93,101.69,24.7,97,0.0,3.3,51,"Drizzle, not freezing, continuous 	slight at time of observation"
2026-08-20,03:00:00,Selangor,Petaling Jaya,3.1073,101.6067,25.2,93,0.0,1.3,3,Clouds generally forming or developing
2026-08-20,03:00:00,Sabah,Sandakan,5.8388,118.1173,26.9,85,0.1,10.8,51,"Drizzle, not freezing, continuous 	slight at time of observation"
2026-08-20,03:00:00,Terengganu,Kuala Terengganu,5.3303,103.1408,24.7,99,0.0,6.0,3,Clouds generally forming or developing
2026-08-20,03:00:00,Sabah,Lahad Datu,5.03,118.34,26.5,84,0.1,3.6,51,"Drizzle, not freezing, continuous 	slight at time of observation"
2026-08-20,03:00:00,Sabah,Tawau,4.2448,117.8911,25.2,88,0.0,6.0,2,State of sky on the whole unchanged
2026-08-20,03:00:00,Sarawak,Bintulu,3.17,113.03,25.5,92,0.0,1.9,0,Cloud development not observed or not observable
2026-08-20,03:00:00,Johor,Johor Bahru,1.4556,103.7611,23.9,96,0.1,5.1,51,"Drizzle, not freezing, continuous 	slight at time of observation"
2026-08-20,03:00:00,Perak,Ipoh,4.6,101.07,25.6,95,0.0,3.1,3,Clouds generally forming or developing
2026-08-20,03:00:00,Selangor,Klang,3.0333,101.45,25.3,97,0.0,1.6,53,"Drizzle, not freezing, continuous 	moderate at time of observation"
2026-08-20,03:00:00,Perak,Taiping,4.85,100.7333,25.7,88,0.0,3.1,3,Clouds generally forming or developing
2026-08-20,03:00:00,Negeri Sembilan,Seremban,2.7297,101.9381,24.5,85,0.0,3.4,3,Clouds generally forming or developing
2026-08-20,03:00:00,Pahang,Kuala Lipis,4.184,102.042,24.9,91,0.0,3.8,3,Clouds generally forming or developing
2026-08-20,03:00:00,Melaka,Melaka,2.1889,102.2511,26.0,82,0.0,11.1,3,Clouds generally forming or developing
2026-08-20,03:00:00,Kuala Lumpur,Kuala Lumpur,3.1478,101.6953,25.5,92,0.0,1.5,3,Clouds generally forming or developing
2026-08-20,03:00:00,Sarawak,Kuching,1.5397,110.3542,25.7,93,0.0,8.9,2,State of sky on the whole unchanged
2026-08-20,03:00:00,Perak,Teluk Intan,4.0259,101.0213,24.5,96,0.0,7.6,3,Clouds generally forming or developing
2026-08-20,03:00:00,Pulau Pinang,Bukit Mertajam,5.3631,100.4667,27.0,80,0.0,5.5,3,Clouds generally forming or developing
2026-08-20,03:00:00,Kelantan,Kota Bharu,6.1333,102.25,26.5,73,0.0,9.5,3,Clouds generally forming or developing
2026-08-20,03:00:00,Johor,Batu Pahat,1.85,102.93,23.9,96,0.0,7.0,3,Clouds generally forming or developing
2026-08-20,03:00:00,Sabah,Kota Kinabalu,5.975,116.0725,24.6,91,0.0,3.7,3,Clouds generally forming or developing
2026-08-20,03:00:00,Perlis,Kangar,6.4333,100.2,28.2,74,0.0,11.4,3,Clouds generally forming or developing
2026-08-20,03:00:00,Kedah,Alor Setar,6.1167,100.3667,27.8,73,0.0,7.9,3,Clouds generally forming or developing
2026-08-20,03:00:00,Terengganu,Cukai,4.2332,103.4479,25.8,96,0.0,7.9,3,Clouds generally forming or developing
2026-08-20,03:00:00,Sarawak,Miri,4.4028,113.9933,24.9,96,0.0,7.0,1,Clouds generally dissolving or becoming less developed
2026-08-20,03:00:00,Johor,Muar,2.05,102.56,25.5,93,0.0,7.3,3,Clouds generally forming or developing
2026-08-20,03:00:00,Pahang,Raub,3.7931,101.8569,24.7,80,0.0,2.8,3,Clouds generally forming or developing
2026-08-20,02:00:00,Selangor,Petaling Jaya,3.1073,101.6067,25.2,93,0.0,4.5,3,Clouds generally forming or developing
2026-08-20,02:00:00,Sarawak,Sibu,2.3,111.8167,25.9,99,0.0,1.5,3,Clouds generally forming or developing
2026-08-20,02:00:00,Pahang,Kuantan,3.8167,103.3333,25.7,94,0.0,9.8,3,Clouds generally forming or developing
2026-08-20,02:00:00,Negeri Sembilan,Seremban,2.7297,101.9381,24.9,83,0.0,1.9,3,Clouds generally forming or developing
2026-08-20,02:00:00,Selangor,Shah Alam,3.0833,101.5333,25.7,93,0.0,2.7,3,Clouds generally forming or developing
2026-08-20,02:00:00,Kelantan,Kota Bharu,6.1333,102.25,26.9,71,0.0,12.6,3,Clouds generally forming or developing
2026-08-20,02:00:00,Perak,Ipoh,4.6,101.07,25.7,93,0.0,4.0,3,Clouds generally forming or developing
2026-08-20,02:00:00,Selangor,Klang,3.0333,101.45,25.6,94,0.0,4.5,3,Clouds generally forming or developing
2026-08-20,02:00:00,Pulau Pinang,Bukit Mertajam,5.3631,100.4667,27.3,78,0.0,6.0,3,Clouds generally forming or developing
2026-08-20,02:00:00,Perak,Teluk Intan,4.0259,101.0213,24.9,95,0.0,8.3,3,Clouds generally forming or developing
2026-08-20,02:00:00,Johor,Batu Pahat,1.85,102.93,24.1,95,0.0,7.8,3,Clouds generally forming or developing
2026-08-20,02:00:00,Sabah,Sandakan,5.8388,118.1173,27.0,84,0.0,9.4,1,Clouds generally dissolving or becoming less developed
2026-08-20,02:00:00,Pulau Pinang,George Town,5.4145,100.3292,27.8,82,0.0,0.4,3,Clouds generally forming or developing
2026-08-20,02:00:00,Sarawak,Kuching,1.5397,110.3542,25.9,97,0.0,7.0,3,Clouds generally forming or developing
2026-08-20,02:00:00,Sarawak,Bintulu,3.17,113.03,25.8,91,0.0,2.8,2,State of sky on the whole unchanged
2026-08-20,02:00:00,Johor,Johor Bahru,1.4556,103.7611,24.1,95,0.0,5.6,3,Clouds generally forming or developing
2026-08-20,02:00:00,Putrajaya,Putrajaya,2.93,101.69,25.3,93,0.0,3.3,3,Clouds generally forming or developing
2026-08-20,02:00:00,Pahang,Kuala Lipis,4.184,102.042,25.4,88,0.0,4.8,3,Clouds generally forming or developing
2026-08-20,02:00:00,Pulau Pinang,Butterworth,5.3992,100.3639,27.3,78,0.0,6.0,3,Clouds generally forming or developing
2026-08-20,02:00:00,Sabah,Lahad Datu,5.03,118.34,27.1,80,0.0,5.2,1,Clouds generally dissolving or becoming less developed
2026-08-20,02:00:00,Terengganu,Kuala Terengganu,5.3303,103.1408,25.0,98,0.0,9.5,3,Clouds generally forming or developing
2026-08-20,02:00:00,Perlis,Kangar,6.4333,100.2,28.1,74,0.0,10.1,3,Clouds generally forming or developing
2026-08-20,02:00:00,Kuala Lumpur,Kuala Lumpur,3.1478,101.6953,25.4,95,0.0,5.0,3,Clouds generally forming or developing
2026-08-20,02:00:00,Sarawak,Miri,4.4028,113.9933,25.0,96,0.0,7.4,1,Clouds generally dissolving or becoming less developed
2026-08-20,02:00:00,Sabah,Kota Kinabalu,5.975,116.0725,24.5,94,0.4,5.5,51,"Drizzle, not freezing, continuous 	slight at time of observation"
2026-08-20,02:00:00,Pahang,Raub,3.7931,101.8569,25.5,76,0.0,2.8,3,Clouds generally forming or developing
2026-08-20,02:00:00,Terengganu,Cukai,4.2332,103.4479,25.8,94,0.0,8.3,3,Clouds generally forming or developing
2026-08-20,02:00:00,Johor,Muar,2.05,102.56,25.4,95,0.0,10.1,3,Clouds generally forming or developing
2026-08-20,02:00:00,Kedah,Alor Setar,6.1167,100.3667,27.6,72,0.0,9.2,3,Clouds generally forming or developing
2026-08-20,02:00:00,Melaka,Melaka,2.1889,102.2511,25.9,87,0.0,10.8,3,Clouds generally forming or developing
2026-08-20,02:00:00,Sabah,Tawau,4.2448,117.8911,25.8,84,0.0,3.2,1,Clouds generally dissolving or becoming less developed
2026-08-20,02:00:00,Perak,Taiping,4.85,100.7333,25.7,87,0.0,4.2,3,Clouds generally forming or developing
2026-08-20,02:00:00,Johor,Kluang,2.0336,103.3194,24.4,97,0.0,6.3,3,Clouds generally forming or developing
2026-08-20,01:00:00,Pulau Pinang,Butterworth,5.3992,100.3639,28.9,70,0.0,7.6,3,Clouds generally forming or developing
2026-08-20,01:00:00,Melaka,Melaka,2.1889,102.2511,25.0,87,0.0,7.8,3,Clouds generally forming or developing
2026-08-20,01:00:00,Sabah,Sandakan,5.8388,118.1173,27.3,82,0.0,10.9,0,Cloud development not observed or not observable
2026-08-20,01:00:00,Johor,Muar,2.05,102.56,24.6,95,0.2,2.6,51,"Drizzle, not freezing, continuous 	slight at time of observation"
2026-08-20,01:00:00,Sarawak,Kuching,1.5397,110.3542,25.6,99,0.0,5.6,2,State of sky on the whole unchanged
2026-08-20,01:00:00,Perak,Teluk Intan,4.0259,101.0213,25.0,95,0.1,7.9,51,"Drizzle, not freezing, continuous 	slight at time of observation"
2026-08-20,01:00:00,Johor,Kluang,2.0336,103.3194,24.9,89,0.0,7.3,3,Clouds generally forming or developing
2026-08-20,01:00:00,Terengganu,Kuala Terengganu,5.3303,103.1408,25.4,97,0.0,7.4,3,Clouds generally forming or developing
2026-08-20,01:00:00,Pulau Pinang,George Town,5.4145,100.3292,27.6,81,0.0,3.0,3,Clouds generally forming or developing
2026-08-20,01:00:00,Pulau Pinang,Bukit Mertajam,5.3631,100.4667,28.8,70,0.0,7.6,3,Clouds generally forming or developing
2026-08-20,01:00:00,Johor,Batu Pahat,1.85,102.93,23.8,97,0.0,7.5,3,Clouds generally forming or developing
2026-08-20,01:00:00,Sabah,Kota Kinabalu,5.975,116.0725,23.9,95,1.2,6.9,81,"Rain shower(s), moderate or heavy"
2026-08-20,01:00:00,Kelantan,Kota Bharu,6.1333,102.25,27.8,66,0.0,11.7,3,Clouds generally forming or developing
2026-08-20,01:00:00,Negeri Sembilan,Seremban,2.7297,101.9381,24.6,85,0.0,8.9,2,State of sky on the whole unchanged
2026-08-20,01:00:00,Putrajaya,Putrajaya,2.93,101.69,24.4,95,0.0,7.7,3,Clouds generally forming or developing
2026-08-20,01:00:00,Pahang,Raub,3.7931,101.8569,25.7,72,0.0,5.1,3,Clouds generally forming or developing
2026-08-20,01:00:00,Sarawak,Miri,4.4028,113.9933,24.6,94,0.2,9.9,51,"Drizzle, not freezing, continuous 	slight at time of observation"
2026-08-20,01:00:00,Perlis,Kangar,6.4333,100.2,28.2,72,0.0,9.9,3,Clouds generally forming or developing
2026-08-20,01:00:00,Terengganu,Cukai,4.2332,103.4479,26.5,89,0.0,7.4,3,Clouds generally forming or developing
2026-08-20,01:00:00,Selangor,Petaling Jaya,3.1073,101.6067,24.5,96,0.0,6.9,3,Clouds generally forming or developing
2026-08-20,01:00:00,Sabah,Lahad Datu,5.03,118.34,27.4,77,0.0,8.1,0,Cloud development not observed or not observable
2026-08-20,01:00:00,Perak,Ipoh,4.6,101.07,25.9,99,0.0,3.4,3,Clouds generally forming or developing
2026-08-20,01:00:00,Sabah,Tawau,4.2448,117.8911,26.0,84,0.0,3.6,0,Cloud development not observed or not observable
2026-08-20,01:00:00,Pahang,Kuantan,3.8167,103.3333,26.3,92,0.0,8.7,3,Clouds generally forming or developing
2026-08-20,01:00:00,Selangor,Klang,3.0333,101.45,24.8,95,0.0,9.6,3,Clouds generally forming or developing
2026-08-20,01:00:00,Sarawak,Sibu,2.3,111.8167,26.1,99,0.0,2.8,3,Clouds generally forming or developing
2026-08-20,01:00:00,Perak,Taiping,4.85,100.7333,25.8,89,0.0,5.2,3,Clouds generally forming or developing
2026-08-20,01:00:00,Kedah,Alor Setar,6.1167,100.3667,28.0,69,0.0,10.2,3,Clouds generally forming or developing
2026-08-20,01:00:00,Kuala Lumpur,Kuala Lumpur,3.1478,101.6953,24.6,96,0.0,6.7,3,Clouds generally forming or developing
2026-08-20,01:00:00,Pahang,Kuala Lipis,4.184,102.042,25.9,91,0.0,5.4,3,Clouds generally forming or developing
2026-08-20,01:00:00,Johor,Johor Bahru,1.4556,103.7611,26.0,83,0.0,4.2,3,Clouds generally forming or developing
2026-08-20,01:00:00,Sarawak,Bintulu,3.17,113.03,26.0,90,0.0,3.5,2,State of sky on the whole unchanged
2026-08-20,01:00:00,Selangor,Shah Alam,3.0833,101.5333,24.8,93,0.0,8.6,3,Clouds generally forming or developing
2026-08-20,00:00:00,Pahang,Raub,3.7931,101.8569,26.7,67,0.0,6.5,3,Clouds generally forming or developing
2026-08-20,00:00:00,Pulau Pinang,Butterworth,5.3992,100.3639,29.3,66,0.0,6.7,3,Clouds generally forming or developing
2026-08-20,00:00:00,Selangor,Shah Alam,3.0833,101.5333,24.9,92,0.1,8.3,51,"Drizzle, not freezing, continuous 	slight at time of observation"
2026-08-20,00:00:00,Pahang,Kuala Lipis,4.184,102.042,26.4,89,0.0,3.1,3,Clouds generally forming or developing
2026-08-20,00:00:00,Pahang,Kuantan,3.8167,103.3333,26.4,95,0.0,7.8,3,Clouds generally forming or developing
2026-08-20,00:00:00,Kedah,Alor Setar,6.1167,100.3667,28.2,70,0.0,10.3,3,Clouds generally forming or developing
2026-08-20,00:00:00,Melaka,Melaka,2.1889,102.2511,25.6,86,0.0,10.4,3,Clouds generally forming or developing
2026-08-20,00:00:00,Sabah,Kota Kinabalu,5.975,116.0725,24.7,91,0.0,16.6,80,"Rain shower(s), slight"
2026-08-20,00:00:00,Selangor,Petaling Jaya,3.1073,101.6067,24.3,96,0.1,5.5,51,"Drizzle, not freezing, continuous 	slight at time of observation"
2026-08-20,00:00:00,Kuala Lumpur,Kuala Lumpur,3.1478,101.6953,24.3,96,0.2,5.9,51,"Drizzle, not freezing, continuous 	slight at time of observation"
2026-08-20,00:00:00,Sabah,Sandakan,5.8388,118.1173,27.6,82,0.0,10.1,0,Cloud development not observed or not observable
2026-08-20,00:00:00,Negeri Sembilan,Seremban,2.7297,101.9381,24.6,84,0.0,10.3,3,Clouds generally forming or developing
2026-08-20,00:00:00,Terengganu,Cukai,4.2332,103.4479,26.5,88,0.0,5.9,3,Clouds generally forming or developing
2026-08-20,00:00:00,Sabah,Lahad Datu,5.03,118.34,27.6,77,0.0,10.8,0,Cloud development not observed or not observable
2026-08-20,00:00:00,Perak,Taiping,4.85,100.7333,26.4,85,0.0,4.1,3,Clouds generally forming or developing
2026-08-20,00:00:00,Sarawak,Sibu,2.3,111.8167,26.2,100,0.0,2.2,3,Clouds generally forming or developing
2026-08-20,00:00:00,Johor,Muar,2.05,102.56,24.6,96,0.1,12.2,51,"Drizzle, not freezing, continuous 	slight at time of observation"
2026-08-20,00:00:00,Putrajaya,Putrajaya,2.93,101.69,24.6,95,0.0,8.6,3,Clouds generally forming or developing
2026-08-20,00:00:00,Johor,Kluang,2.0336,103.3194,25.6,87,0.1,10.2,51,"Drizzle, not freezing, continuous 	slight at time of observation"
2026-08-20,00:00:00,Sarawak,Kuching,1.5397,110.3542,25.8,100,0.0,2.0,3,Clouds generally forming or developing
2026-08-20,00:00:00,Johor,Batu Pahat,1.85,102.93,24.3,96,0.1,7.5,51,"Drizzle, not freezing, continuous 	slight at time of observation"
2026-08-20,00:00:00,Johor,Johor Bahru,1.4556,103.7611,26.2,81,0.0,4.5,3,Clouds generally forming or developing
2026-08-20,00:00:00,Pulau Pinang,Bukit Mertajam,5.3631,100.4667,29.3,66,0.0,6.7,3,Clouds generally forming or developing
2026-08-20,00:00:00,Pulau Pinang,George Town,5.4145,100.3292,27.8,79,0.0,3.6,3,Clouds generally forming or developing
2026-08-20,00:00:00,Perak,Teluk Intan,4.0259,101.0213,25.7,94,0.2,9.9,51,"Drizzle, not freezing, continuous 	slight at time of observation"
2026-08-20,00:00:00,Sarawak,Miri,4.4028,113.9933,25.4,90,0.1,14.9,51,"Drizzle, not freezing, continuous 	slight at time of observation"
2026-08-20,00:00:00,Selangor,Klang,3.0333,101.45,25.0,95,0.0,9.0,3,Clouds generally forming or developing
2026-08-20,00:00:00,Sarawak,Bintulu,3.17,113.03,26.9,87,0.0,1.1,1,Clouds generally dissolving or becoming less developed
2026-08-20,00:00:00,Terengganu,Kuala Terengganu,5.3303,103.1408,25.7,96,0.1,7.7,51,"Drizzle, not freezing, continuous 	slight at time of observation"
2026-08-20,00:00:00,Sabah,Tawau,4.2448,117.8911,25.9,84,0.0,4.1,1,Clouds generally dissolving or becoming less developed
2026-08-20,00:00:00,Kelantan,Kota Bharu,6.1333,102.25,27.7,66,0.0,12.2,3,Clouds generally forming or developing
2026-08-20,00:00:00,Perlis,Kangar,6.4333,100.2,28.5,71,0.0,11.2,3,Clouds generally forming or developing
2026-08-20,00:00:00,Perak,Ipoh,4.6,101.07,26.0,99,0.0,0.7,3,Clouds generally forming or developing
2026-08-20,12:00:00,Sarawak,Miri,4.4028,113.9933,31.2,69,0.0,5.8,2,State of sky on the whole unchanged
2026-08-20,12:00:00,Kuala Lumpur,Kuala Lumpur,3.1478,101.6953,30.2,62,0.0,1.3,3,Clouds generally forming or developing
2026-08-20,12:00:00,Kedah,Alor Setar,6.1167,100.3667,30.0,71,0.0,7.2,3,Clouds generally forming or developing
2026-08-20,12:00:00,Perak,Taiping,4.85,100.7333,30.7,65,0.0,4.2,3,Clouds generally forming or developing
2026-08-20,12:00:00,Sabah,Lahad Datu,5.03,118.34,29.8,70,0.0,10.6,1,Clouds generally dissolving or becoming less developed
2026-08-20,12:00:00,Terengganu,Kuala Terengganu,5.3303,103.1408,31.5,67,0.0,2.7,2,State of sky on the whole unchanged
2026-08-20,12:00:00,Perlis,Kangar,6.4333,100.2,31.0,64,0.0,13.3,3,Clouds generally forming or developing
2026-08-20,12:00:00,Kedah,Sungai Petani,5.65,100.48,31.3,63,0.0,5.9,3,Clouds generally forming or developing
2026-08-20,12:00:00,Johor,Batu Pahat,1.85,102.93,30.8,63,0.0,13.3,3,Clouds generally forming or developing
2026-08-20,12:00:00,Johor,Muar,2.05,102.56,30.8,62,0.0,14.1,3,Clouds generally forming or developing
2026-08-20,12:00:00,Putrajaya,Putrajaya,2.93,101.69,30.1,69,0.0,3.7,3,Clouds generally forming or developing
2026-08-20,12:00:00,Perak,Teluk Intan,4.0259,101.0213,28.2,77,0.0,4.7,3,Clouds generally forming or developing
2026-08-20,12:00:00,Pulau Pinang,Bukit Mertajam,5.3631,100.4667,32.1,54,0.0,8.1,3,Clouds generally forming or developing
2026-08-20,12:00:00,Melaka,Melaka,2.1889,102.2511,32.2,52,0.0,13.6,3,Clouds generally forming or developing
2026-08-20,12:00:00,Sarawak,Kuching,1.5397,110.3542,32.3,60,0.0,7.5,0,Cloud development not observed or not observable
2026-08-20,12:00:00,Pulau Pinang,George Town,5.4145,100.3292,31.3,65,0.0,6.7,3,Clouds generally forming or developing
2026-08-20,12:00:00,Johor,Kluang,2.0336,103.3194,30.7,63,0.0,13.6,51,"Drizzle, not freezing, continuous 	slight at time of observation"
2026-08-20,12:00:00,Terengganu,Cukai,4.2332,103.4479,30.6,66,0.0,12.6,3,Clouds generally forming or developing
2026-08-20,12:00:00,Selangor,Petaling Jaya,3.1073,101.6067,29.7,66,0.0,2.9,3,Clouds generally forming or developing
2026-08-20,12:00:00,Sabah,Sandakan,5.8388,118.1173,31.4,61,0.0,10.2,0,Cloud development not observed or not observable
2026-08-20,12:00:00,Pulau Pinang,Butterworth,5.3992,100.3639,32.1,54,0.0,8.1,3,Clouds generally forming or developing
2026-08-20,12:00:00,Pahang,Raub,3.7931,101.8569,30.3,53,0.0,4.4,3,Clouds generally forming or developing
2026-08-20,12:00:00,Pahang,Kuala Lipis,4.184,102.042,29.8,61,0.0,0.9,3,Clouds generally forming or developing
2026-08-20,12:00:00,Selangor,Klang,3.0333,101.45,30.2,69,0.0,4.3,3,Clouds generally forming or developing
2026-08-20,12:00:00,Selangor,Shah Alam,3.0833,101.5333,29.6,70,0.0,3.9,3,Clouds generally forming or developing
2026-08-20,12:00:00,Kelantan,Kota Bharu,6.1333,102.25,30.6,63,0.0,8.5,3,Clouds generally forming or developing
2026-08-20,12:00:00,Sabah,Tawau,4.2448,117.8911,29.9,70,0.1,7.7,51,"Drizzle, not freezing, continuous 	slight at time of observation"
2026-08-20,12:00:00,Sarawak,Sibu,2.3,111.8167,31.6,71,0.0,4.6,51,"Drizzle, not freezing, continuous 	slight at time of observation"
2026-08-20,12:00:00,Johor,Johor Bahru,1.4556,103.7611,31.6,59,0.1,12.6,51,"Drizzle, not freezing, continuous 	slight at time of observation"
2026-08-20,12:00:00,Perak,Ipoh,4.6,101.07,30.8,62,0.0,2.1,3,Clouds generally forming or developing
2026-08-20,12:00:00,Labuan,Labuan,5.2803,115.2475,27.8,81,0.3,9.4,53,"Drizzle, not freezing, continuous 	moderate at time of observation"
2026-08-20,12:00:00,Pahang,Kuantan,3.8167,103.3333,30.2,68,0.0,12.0,3,Clouds generally forming or developing
2026-08-20,12:00:00,Sabah,Kota Kinabalu,5.975,116.0725,29.9,73,0.2,8.0,53,"Drizzle, not freezing, continuous 	moderate at time of observation"
2026-08-20,11:00:00,Sabah,Tawau,4.2448,117.8911,29.0,74,0.1,7.9,51,"Drizzle, not freezing, continuous 	slight at time of observation"
2026-08-20,11:00:00,Putrajaya,Putrajaya,2.93,101.69,28.8,74,0.0,3.2,3,Clouds generally forming or developing
2026-08-20,11:00:00,Pahang,Kuala Lipis,4.184,102.042,29.8,63,0.0,0.4,3,Clouds generally forming or developing
2026-08-20,11:00:00,Perak,Teluk Intan,4.0259,101.0213,28.3,75,0.0,4.3,3,Clouds generally forming or developing
2026-08-20,11:00:00,Sabah,Lahad Datu,5.03,118.34,30.0,69,0.0,11.2,0,Cloud development not observed or not observable
2026-08-20,11:00:00,Johor,Johor Bahru,1.4556,103.7611,30.7,65,0.0,11.2,51,"Drizzle, not freezing, continuous 	slight at time of observation"
2026-08-20,11:00:00,Selangor,Petaling Jaya,3.1073,101.6067,28.1,75,0.0,3.7,3,Clouds generally forming or developing
2026-08-20,11:00:00,Johor,Kluang,2.0336,103.3194,29.2,74,0.0,11.0,3,Clouds generally forming or developing
2026-08-20,11:00:00,Perak,Taiping,4.85,100.7333,29.5,71,0.0,3.3,3,Clouds generally forming or developing
2026-08-20,11:00:00,Selangor,Klang,3.0333,101.45,28.9,73,0.0,4.7,3,Clouds generally forming or developing
2026-08-20,11:00:00,Selangor,Shah Alam,3.0833,101.5333,28.4,75,0.0,4.7,3,Clouds generally forming or developing
2026-08-20,11:00:00,Johor,Batu Pahat,1.85,102.93,30.9,60,0.0,12.6,3,Clouds generally forming or developing
2026-08-20,11:00:00,Sabah,Kota Kinabalu,5.975,116.0725,30.5,67,0.1,4.8,51,"Drizzle, not freezing, continuous 	slight at time of observation"
2026-08-20,11:00:00,Kuala Lumpur,Kuala Lumpur,3.1478,101.6953,28.7,69,0.0,2.5,3,Clouds generally forming or developing
2026-08-20,11:00:00,Perak,Ipoh,4.6,101.07,28.3,75,0.0,3.0,3,Clouds generally forming or developing
2026-08-20,11:00:00,Pahang,Kuantan,3.8167,103.3333,29.1,72,0.0,11.0,3,Clouds generally forming or developing
2026-08-20,11:00:00,Terengganu,Cukai,4.2332,103.4479,29.6,69,0.0,10.9,3,Clouds generally forming or developing
2026-08-20,11:00:00,Kedah,Sungai Petani,5.65,100.48,29.9,69,0.0,3.0,3,Clouds generally forming or developing
2026-08-20,11:00:00,Sarawak,Miri,4.4028,113.9933,30.3,72,0.0,5.2,1,Clouds generally dissolving or becoming less developed
2026-08-20,11:00:00,Pulau Pinang,Butterworth,5.3992,100.3639,31.3,58,0.0,5.6,3,Clouds generally forming or developing
2026-08-20,11:00:00,Terengganu,Kuala Terengganu,5.3303,103.1408,30.1,75,0.0,3.6,2,State of sky on the whole unchanged
2026-08-20,11:00:00,Sarawak,Kuching,1.5397,110.3542,31.1,69,0.0,6.8,0,Cloud development not observed or not observable
2026-08-20,11:00:00,Perlis,Kangar,6.4333,100.2,30.6,66,0.0,13.4,3,Clouds generally forming or developing
2026-08-20,11:00:00,Sarawak,Sibu,2.3,111.8167,30.8,74,0.0,3.8,0,Cloud development not observed or not observable
2026-08-20,11:00:00,Labuan,Labuan,5.2803,115.2475,29.9,70,0.0,10.9,51,"Drizzle, not freezing, continuous 	slight at time of observation"
2026-08-20,11:00:00,Johor,Muar,2.05,102.56,30.6,63,0.0,14.7,3,Clouds generally forming or developing
2026-08-20,11:00:00,Melaka,Melaka,2.1889,102.2511,31.5,56,0.0,12.7,3,Clouds generally forming or developing
2026-08-20,11:00:00,Pulau Pinang,George Town,5.4145,100.3292,30.2,70,0.0,4.4,3,Clouds generally forming or developing
2026-08-20,11:00:00,Pahang,Raub,3.7931,101.8569,28.9,59,0.0,4.0,3,Clouds generally forming or developing
2026-08-20,11:00:00,Pulau Pinang,Bukit Mertajam,5.3631,100.4667,31.2,58,0.0,5.6,3,Clouds generally forming or developing
2026-08-20,11:00:00,Kedah,Alor Setar,6.1167,100.3667,29.8,75,0.0,5.7,3,Clouds generally forming or developing
2026-08-20,11:00:00,Kelantan,Kota Bharu,6.1333,102.25,30.3,64,0.0,9.4,3,Clouds generally forming or developing
2026-08-20,11:00:00,Sabah,Sandakan,5.8388,118.1173,30.6,65,0.0,12.2,0,Cloud development not observed or not observable
2026-08-20,10:00:00,Johor,Muar,2.05,102.56,30.4,62,0.0,15.3,3,Clouds generally forming or developing
2026-08-20,10:00:00,Pulau Pinang,Bukit Mertajam,5.3631,100.4667,30.4,63,0.0,5.0,3,Clouds generally forming or developing
2026-08-20,10:00:00,Johor,Batu Pahat,1.85,102.93,29.8,66,0.0,10.1,3,Clouds generally forming or developing
2026-08-20,10:00:00,Sabah,Lahad Datu,5.03,118.34,29.2,70,0.1,12.0,51,"Drizzle, not freezing, continuous 	slight at time of observation"
2026-08-20,10:00:00,Sarawak,Miri,4.4028,113.9933,28.7,78,0.1,8.0,51,"Drizzle, not freezing, continuous 	slight at time of observation"
2026-08-20,10:00:00,Pahang,Kuantan,3.8167,103.3333,27.6,77,0.0,10.4,3,Clouds generally forming or developing
2026-08-20,10:00:00,Pulau Pinang,Butterworth,5.3992,100.3639,30.4,63,0.0,5.0,3,Clouds generally forming or developing
2026-08-20,10:00:00,Perak,Taiping,4.85,100.7333,27.9,81,0.0,3.0,3,Clouds generally forming or developing
2026-08-20,10:00:00,Perak,Ipoh,4.6,101.07,27.4,80,0.0,3.8,3,Clouds generally forming or developing
2026-08-20,10:00:00,Selangor,Petaling Jaya,3.1073,101.6067,26.3,88,0.0,2.7,3,Clouds generally forming or developing
2026-08-20,10:00:00,Pulau Pinang,George Town,5.4145,100.3292,29.4,75,0.0,3.7,3,Clouds generally forming or developing
2026-08-20,10:00:00,Sabah,Kota Kinabalu,5.975,116.0725,30.6,65,0.0,4.2,2,State of sky on the whole unchanged
2026-08-20,10:00:00,Sabah,Tawau,4.2448,117.8911,27.7,80,0.1,8.3,51,"Drizzle, not freezing, continuous 	slight at time of observation"
2026-08-20,10:00:00,Kedah,Alor Setar,6.1167,100.3667,28.6,80,0.0,5.1,3,Clouds generally forming or developing
2026-08-20,10:00:00,Johor,Kluang,2.0336,103.3194,27.9,84,0.0,8.3,3,Clouds generally forming or developing
2026-08-20,10:00:00,Sabah,Sandakan,5.8388,118.1173,29.6,71,0.0,11.8,51,"Drizzle, not freezing, continuous 	slight at time of observation"
2026-08-20,10:00:00,Pahang,Kuala Lipis,4.184,102.042,28.7,68,0.0,3.2,3,Clouds generally forming or developing
2026-08-20,10:00:00,Selangor,Klang,3.0333,101.45,27.5,81,0.0,5.2,3,Clouds generally forming or developing
2026-08-20,10:00:00,Putrajaya,Putrajaya,2.93,101.69,27.2,82,0.0,4.4,3,Clouds generally forming or developing
2026-08-20,10:00:00,Kelantan,Kota Bharu,6.1333,102.25,29.6,67,0.0,9.5,3,Clouds generally forming or developing
2026-08-20,10:00:00,Pahang,Raub,3.7931,101.8569,28.6,61,0.0,3.9,3,Clouds generally forming or developing
2026-08-20,10:00:00,Sarawak,Kuching,1.5397,110.3542,29.4,77,0.0,5.4,3,Clouds generally forming or developing
2026-08-20,10:00:00,Johor,Johor Bahru,1.4556,103.7611,29.3,74,0.0,7.2,3,Clouds generally forming or developing
2026-08-20,10:00:00,Kedah,Sungai Petani,5.65,100.48,28.5,74,0.0,3.1,3,Clouds generally forming or developing
2026-08-20,10:00:00,Perlis,Kangar,6.4333,100.2,30.1,67,0.0,12.2,3,Clouds generally forming or developing
2026-08-20,10:00:00,Terengganu,Kuala Terengganu,5.3303,103.1408,28.7,81,0.0,4.7,3,Clouds generally forming or developing
2026-08-20,10:00:00,Labuan,Labuan,5.2803,115.2475,30.6,67,0.0,1.5,3,Clouds generally forming or developing
2026-08-20,10:00:00,Sarawak,Sibu,2.3,111.8167,29.7,79,0.0,3.1,1,Clouds generally dissolving or becoming less developed
2026-08-20,10:00:00,Perak,Teluk Intan,4.0259,101.0213,27.5,80,0.0,3.6,3,Clouds generally forming or developing
2026-08-20,10:00:00,Terengganu,Cukai,4.2332,103.4479,28.1,76,0.0,9.4,3,Clouds generally forming or developing
2026-08-20,10:00:00,Melaka,Melaka,2.1889,102.2511,30.5,63,0.0,9.9,3,Clouds generally forming or developing
2026-08-20,10:00:00,Kuala Lumpur,Kuala Lumpur,3.1478,101.6953,26.9,81,0.0,1.9,3,Clouds generally forming or developing
2026-08-20,10:00:00,Selangor,Shah Alam,3.0833,101.5333,26.8,84,0.0,4.8,3,Clouds generally forming or developing
2026-08-20,09:00:00,Sabah,Sandakan,5.8388,118.1173,28.5,76,0.0,11.0,2,State of sky on the whole unchanged
2026-08-20,09:00:00,Kelantan,Kota Bharu,6.1333,102.25,27.7,78,0.0,7.4,3,Clouds generally forming or developing
2026-08-20,09:00:00,Kedah,Alor Setar,6.1167,100.3667,27.3,84,0.0,5.7,3,Clouds generally forming or developing
2026-08-20,09:00:00,Labuan,Labuan,5.2803,115.2475,30.1,70,0.0,5.9,3,Clouds generally forming or developing
2026-08-20,09:00:00,Sarawak,Sibu,2.3,111.8167,28.3,83,0.0,2.1,1,Clouds generally dissolving or becoming less developed
2026-08-20,09:00:00,Pahang,Raub,3.7931,101.8569,27.0,68,0.0,2.7,3,Clouds generally forming or developing
2026-08-20,09:00:00,Pulau Pinang,George Town,5.4145,100.3292,28.2,84,0.0,3.9,3,Clouds generally forming or developing
2026-08-20,09:00:00,Sarawak,Miri,4.4028,113.9933,27.1,84,0.0,10.2,1,Clouds generally dissolving or becoming less developed
2026-08-20,09:00:00,Melaka,Melaka,2.1889,102.2511,28.6,74,0.0,3.9,3,Clouds generally forming or developing
2026-08-20,09:00:00,Kedah,Sungai Petani,5.65,100.48,26.9,81,0.0,3.5,3,Clouds generally forming or developing
2026-08-20,09:00:00,Johor,Kluang,2.0336,103.3194,25.7,93,0.0,4.5,3,Clouds generally forming or developing
2026-08-20,09:00:00,Perlis,Kangar,6.4333,100.2,29.1,72,0.0,10.8,3,Clouds generally forming or developing
2026-08-20,09:00:00,Pahang,Kuantan,3.8167,103.3333,26.2,81,0.0,10.2,3,Clouds generally forming or developing
2026-08-20,09:00:00,Pulau Pinang,Butterworth,5.3992,100.3639,29.2,68,0.0,4.1,3,Clouds generally forming or developing
2026-08-20,09:00:00,Pulau Pinang,Bukit Mertajam,5.3631,100.4667,29.2,68,0.0,4.1,3,Clouds generally forming or developing
2026-08-20,09:00:00,Perak,Teluk Intan,4.0259,101.0213,26.1,87,0.0,4.9,3,Clouds generally forming or developing
2026-08-20,09:00:00,Selangor,Shah Alam,3.0833,101.5333,26.3,87,0.0,4.9,3,Clouds generally forming or developing
2026-08-20,09:00:00,Johor,Batu Pahat,1.85,102.93,27.5,84,0.0,5.5,3,Clouds generally forming or developing
2026-08-20,09:00:00,Kuala Lumpur,Kuala Lumpur,3.1478,101.6953,25.7,89,0.0,3.1,3,Clouds generally forming or developing
2026-08-20,09:00:00,Sabah,Lahad Datu,5.03,118.34,28.6,72,0.1,10.1,51,"Drizzle, not freezing, continuous 	slight at time of observation"
2026-08-20,09:00:00,Perak,Taiping,4.85,100.7333,27.0,85,0.0,3.8,3,Clouds generally forming or developing
2026-08-20,09:00:00,Terengganu,Kuala Terengganu,5.3303,103.1408,26.8,91,0.0,4.0,3,Clouds generally forming or developing
2026-08-20,09:00:00,Selangor,Klang,3.0333,101.45,26.7,86,0.0,5.0,3,Clouds generally forming or developing
2026-08-20,09:00:00,Johor,Johor Bahru,1.4556,103.7611,26.3,90,0.0,3.3,3,Clouds generally forming or developing
2026-08-20,09:00:00,Selangor,Petaling Jaya,3.1073,101.6067,25.5,93,0.0,3.2,3,Clouds generally forming or developing
2026-08-20,09:00:00,Sarawak,Kuching,1.5397,110.3542,27.4,83,0.0,5.3,3,Clouds generally forming or developing
2026-08-20,09:00:00,Terengganu,Cukai,4.2332,103.4479,26.8,83,0.0,8.8,3,Clouds generally forming or developing
2026-08-20,09:00:00,Sabah,Tawau,4.2448,117.8911,27.4,81,0.1,6.9,51,"Drizzle, not freezing, continuous 	slight at time of observation"
2026-08-20,09:00:00,Putrajaya,Putrajaya,2.93,101.69,25.7,90,0.0,4.4,3,Clouds generally forming or developing
2026-08-20,09:00:00,Perak,Ipoh,4.6,101.07,26.5,86,0.0,4.1,3,Clouds generally forming or developing
2026-08-20,09:00:00,Johor,Muar,2.05,102.56,29.2,67,0.0,10.6,3,Clouds generally forming or developing
2026-08-20,09:00:00,Pahang,Kuala Lipis,4.184,102.042,26.6,78,0.0,4.9,3,Clouds generally forming or developing
2026-08-20,09:00:00,Sabah,Kota Kinabalu,5.975,116.0725,30.1,67,0.0,2.7,3,Clouds generally forming or developing
2026-08-20,08:00:00,Terengganu,Cukai,4.2332,103.4479,25.7,93,0.0,9.3,3,Clouds generally forming or developing
2026-08-20,08:00:00,Johor,Muar,2.05,102.56,27.5,77,0.0,9.7,3,Clouds generally forming or developing
2026-08-20,08:00:00,Johor,Kluang,2.0336,103.3194,24.4,95,0.0,4.4,3,Clouds generally forming or developing
2026-08-20,08:00:00,Perlis,Kangar,6.4333,100.2,27.9,78,0.0,9.7,3,Clouds generally forming or developing
2026-08-20,08:00:00,Perak,Teluk Intan,4.0259,101.0213,25.6,87,0.0,5.6,3,Clouds generally forming or developing
2026-08-20,08:00:00,Sarawak,Sibu,2.3,111.8167,26.3,89,0.0,2.2,1,Clouds generally dissolving or becoming less developed
2026-08-20,08:00:00,Pahang,Kuala Lipis,4.184,102.042,24.8,90,0.0,5.4,3,Clouds generally forming or developing
2026-08-20,08:00:00,Putrajaya,Putrajaya,2.93,101.69,25.1,94,0.0,5.9,3,Clouds generally forming or developing
2026-08-20,08:00:00,Sabah,Tawau,4.2448,117.8911,26.3,89,0.1,2.7,51,"Drizzle, not freezing, continuous 	slight at time of observation"
2026-08-20,08:00:00,Johor,Batu Pahat,1.85,102.93,24.8,94,0.0,3.6,3,Clouds generally forming or developing
2026-08-20,08:00:00,Sabah,Lahad Datu,5.03,118.34,28.0,75,0.1,8.2,51,"Drizzle, not freezing, continuous 	slight at time of observation"
2026-08-20,08:00:00,Pahang,Raub,3.7931,101.8569,25.5,74,0.0,2.7,3,Clouds generally forming or developing
2026-08-20,08:00:00,Kedah,Sungai Petani,5.65,100.48,24.9,88,0.0,5.2,3,Clouds generally forming or developing
2026-08-20,08:00:00,Labuan,Labuan,5.2803,115.2475,28.6,80,0.0,9.0,2,State of sky on the whole unchanged
2026-08-20,08:00:00,Melaka,Melaka,2.1889,102.2511,26.3,84,0.0,3.6,3,Clouds generally forming or developing
2026-08-20,08:00:00,Perak,Ipoh,4.6,101.07,25.3,95,0.0,4.5,3,Clouds generally forming or developing
2026-08-20,08:00:00,Sarawak,Miri,4.4028,113.9933,26.5,87,0.0,13.4,2,State of sky on the whole unchanged
2026-08-20,08:00:00,Perak,Taiping,4.85,100.7333,25.7,90,0.0,4.9,3,Clouds generally forming or developing
2026-08-20,08:00:00,Kelantan,Kota Bharu,6.1333,102.25,26.1,81,0.0,8.1,3,Clouds generally forming or developing
2026-08-20,08:00:00,Pulau Pinang,Butterworth,5.3992,100.3639,27.1,78,0.0,5.2,3,Clouds generally forming or developing
2026-08-20,08:00:00,Terengganu,Kuala Terengganu,5.3303,103.1408,24.9,97,0.0,4.5,3,Clouds generally forming or developing
2026-08-20,08:00:00,Selangor,Shah Alam,3.0833,101.5333,25.7,90,0.0,5.0,3,Clouds generally forming or developing
2026-08-20,08:00:00,Pulau Pinang,George Town,5.4145,100.3292,27.0,90,0.0,3.2,3,Clouds generally forming or developing
2026-08-20,08:00:00,Selangor,Klang,3.0333,101.45,25.7,93,0.0,5.5,3,Clouds generally forming or developing
2026-08-20,08:00:00,Pahang,Kuantan,3.8167,103.3333,24.9,87,0.0,11.3,3,Clouds generally forming or developing
2026-08-20,08:00:00,Sabah,Sandakan,5.8388,118.1173,27.6,81,0.0,10.2,3,Clouds generally forming or developing
2026-08-20,08:00:00,Johor,Johor Bahru,1.4556,103.7611,23.5,99,0.0,4.5,3,Clouds generally forming or developing
2026-08-20,08:00:00,Kuala Lumpur,Kuala Lumpur,3.1478,101.6953,25.0,95,0.0,3.6,3,Clouds generally forming or developing
2026-08-20,08:00:00,Sabah,Kota Kinabalu,5.975,116.0725,28.5,76,0.0,3.1,3,Clouds generally forming or developing
2026-08-20,08:00:00,Sarawak,Kuching,1.5397,110.3542,25.6,90,0.0,5.6,3,Clouds generally forming or developing
2026-08-20,08:00:00,Pulau Pinang,Bukit Mertajam,5.3631,100.4667,27.1,78,0.0,5.2,3,Clouds generally forming or developing
2026-08-20,08:00:00,Selangor,Petaling Jaya,3.1073,101.6067,25.1,94,0.0,4.0,3,Clouds generally forming or developing
2026-08-20,08:00:00,Kedah,Alor Setar,6.1167,100.3667,26.1,85,0.0,5.7,3,Clouds generally forming or developing
2026-08-20,07:00:00,Perak,Ipoh,4.6,101.07,24.6,99,0.0,1.4,3,Clouds generally forming or developing
2026-08-20,07:00:00,Pulau Pinang,George Town,5.4145,100.3292,26.4,95,0.0,3.4,3,Clouds generally forming or developing
2026-08-20,07:00:00,Perak,Teluk Intan,4.0259,101.0213,25.2,90,0.0,4.4,3,Clouds generally forming or developing
2026-08-20,07:00:00,Sabah,Lahad Datu,5.03,118.34,27.3,82,0.1,4.9,51,"Drizzle, not freezing, continuous 	slight at time of observation"
2026-08-20,07:00:00,Kelantan,Kota Bharu,6.1333,102.25,25.1,83,0.0,6.0,3,Clouds generally forming or developing
2026-08-20,07:00:00,Kedah,Sungai Petani,5.65,100.48,24.0,91,0.0,4.7,3,Clouds generally forming or developing
2026-08-20,07:00:00,Perak,Taiping,4.85,100.7333,24.8,94,0.0,2.7,3,Clouds generally forming or developing
2026-08-20,07:00:00,Selangor,Klang,3.0333,101.45,25.3,95,0.0,4.9,3,Clouds generally forming or developing
2026-08-20,07:00:00,Johor,Johor Bahru,1.4556,103.7611,23.0,100,0.0,1.3,3,Clouds generally forming or developing
2026-08-20,07:00:00,Johor,Batu Pahat,1.85,102.93,23.9,96,0.0,2.0,3,Clouds generally forming or developing
2026-08-20,07:00:00,Sabah,Kota Kinabalu,5.975,116.0725,25.1,89,0.0,4.5,3,Clouds generally forming or developing
2026-08-20,07:00:00,Kuala Lumpur,Kuala Lumpur,3.1478,101.6953,24.6,97,0.0,4.7,3,Clouds generally forming or developing
2026-08-20,07:00:00,Labuan,Labuan,5.2803,115.2475,27.4,88,0.0,9.4,3,Clouds generally forming or developing
2026-08-20,07:00:00,Sabah,Tawau,4.2448,117.8911,25.7,92,0.2,7.5,51,"Drizzle, not freezing, continuous 	slight at time of observation"
2026-08-20,07:00:00,Terengganu,Cukai,4.2332,103.4479,25.1,96,0.0,8.7,3,Clouds generally forming or developing
2026-08-20,07:00:00,Johor,Kluang,2.0336,103.3194,23.8,95,0.0,2.3,3,Clouds generally forming or developing
2026-08-20,07:00:00,Pahang,Kuala Lipis,4.184,102.042,23.9,96,0.0,2.4,3,Clouds generally forming or developing
2026-08-20,07:00:00,Sarawak,Sibu,2.3,111.8167,24.9,94,0.0,6.4,2,State of sky on the whole unchanged
2026-08-20,07:00:00,Sarawak,Kuching,1.5397,110.3542,24.3,98,0.0,6.2,3,Clouds generally forming or developing
2026-08-20,07:00:00,Pulau Pinang,Bukit Mertajam,5.3631,100.4667,26.5,83,0.0,6.3,3,Clouds generally forming or developing
2026-08-20,07:00:00,Putrajaya,Putrajaya,2.93,101.69,24.9,97,0.0,3.5,3,Clouds generally forming or developing
2026-08-20,07:00:00,Pahang,Raub,3.7931,101.8569,24.2,79,0.0,2.0,3,Clouds generally forming or developing
2026-08-20,07:00:00,Selangor,Shah Alam,3.0833,101.5333,25.4,92,0.0,3.8,3,Clouds generally forming or developing
2026-08-20,07:00:00,Johor,Muar,2.05,102.56,26.8,81,0.0,10.9,3,Clouds generally forming or developing
2026-08-20,07:00:00,Pahang,Kuantan,3.8167,103.3333,24.5,87,0.0,12.2,3,Clouds generally forming or developing
2026-08-20,07:00:00,Pulau Pinang,Butterworth,5.3992,100.3639,26.6,83,0.0,6.3,3,Clouds generally forming or developing
2026-08-20,07:00:00,Sarawak,Miri,4.4028,113.9933,25.1,93,0.0,8.6,1,Clouds generally dissolving or becoming less developed
2026-08-20,07:00:00,Perlis,Kangar,6.4333,100.2,27.7,77,0.0,9.9,3,Clouds generally forming or developing
2026-08-20,07:00:00,Kedah,Alor Setar,6.1167,100.3667,26.1,82,0.0,2.6,3,Clouds generally forming or developing
2026-08-20,07:00:00,Sabah,Sandakan,5.8388,118.1173,26.8,85,0.0,9.6,2,State of sky on the whole unchanged
2026-08-20,07:00:00,Melaka,Melaka,2.1889,102.2511,26.0,85,0.0,7.1,3,Clouds generally forming or developing
2026-08-20,07:00:00,Selangor,Petaling Jaya,3.1073,101.6067,24.7,96,0.0,3.2,3,Clouds generally forming or developing
2026-08-20,07:00:00,Terengganu,Kuala Terengganu,5.3303,103.1408,24.3,98,0.0,5.8,3,Clouds generally forming or developing
2026-08-20,06:00:00,Kedah,Sungai Petani,5.65,100.48,24.0,92,0.0,4.2,3,Clouds generally forming or developing
2026-08-20,06:00:00,Perlis,Kangar,6.4333,100.2,27.8,76,0.0,11.0,3,Clouds generally forming or developing
2026-08-20,06:00:00,Labuan,Labuan,5.2803,115.2475,26.7,90,0.0,9.1,2,State of sky on the whole unchanged
2026-08-20,06:00:00,Pahang,Kuantan,3.8167,103.3333,24.7,88,0.0,10.9,3,Clouds generally forming or developing
2026-08-20,06:00:00,Perak,Teluk Intan,4.0259,101.0213,24.8,93,0.0,5.1,3,Clouds generally forming or developing
2026-08-20,06:00:00,Selangor,Shah Alam,3.0833,101.5333,25.6,91,0.0,3.2,3,Clouds generally forming or developing
2026-08-20,06:00:00,Putrajaya,Putrajaya,2.93,101.69,25.1,97,0.0,2.3,3,Clouds generally forming or developing
2026-08-20,06:00:00,Terengganu,Kuala Terengganu,5.3303,103.1408,24.4,98,0.0,6.3,3,Clouds generally forming or developing
2026-08-20,06:00:00,Kuala Lumpur,Kuala Lumpur,3.1478,101.6953,24.8,98,0.0,3.3,3,Clouds generally forming or developing
2026-08-20,06:00:00,Johor,Johor Bahru,1.4556,103.7611,23.2,99,0.0,2.8,3,Clouds generally forming or developing
2026-08-20,06:00:00,Sabah,Tawau,4.2448,117.8911,25.4,92,0.1,6.7,51,"Drizzle, not freezing, continuous 	slight at time of observation"
2026-08-20,06:00:00,Selangor,Petaling Jaya,3.1073,101.6067,24.9,96,0.0,1.5,3,Clouds generally forming or developing
2026-08-20,06:00:00,Kedah,Alor Setar,6.1167,100.3667,27.0,79,0.0,4.1,3,Clouds generally forming or developing
2026-08-20,06:00:00,Sarawak,Sibu,2.3,111.8167,25.2,97,0.0,11.5,2,State of sky on the whole unchanged
2026-08-20,06:00:00,Sarawak,Kuching,1.5397,110.3542,24.6,98,0.0,10.7,2,State of sky on the whole unchanged
2026-08-20,06:00:00,Kelantan,Kota Bharu,6.1333,102.25,25.4,81,0.0,5.7,3,Clouds generally forming or developing
2026-08-20,06:00:00,Pulau Pinang,Butterworth,5.3992,100.3639,26.6,84,0.0,3.2,3,Clouds generally forming or developing
2026-08-20,06:00:00,Pahang,Raub,3.7931,101.8569,24.5,80,0.0,1.9,3,Clouds generally forming or developing
2026-08-20,06:00:00,Johor,Muar,2.05,102.56,26.4,84,0.0,11.7,3,Clouds generally forming or developing
2026-08-20,06:00:00,Pulau Pinang,Bukit Mertajam,5.3631,100.4667,26.6,84,0.0,3.2,3,Clouds generally forming or developing
2026-08-20,06:00:00,Pahang,Kuala Lipis,4.184,102.042,24.1,96,0.0,2.5,3,Clouds generally forming or developing
2026-08-20,06:00:00,Sarawak,Miri,4.4028,113.9933,24.7,94,0.0,5.5,0,Cloud development not observed or not observable
2026-08-20,06:00:00,Sabah,Sandakan,5.8388,118.1173,26.2,89,0.0,9.0,2,State of sky on the whole unchanged
2026-08-20,06:00:00,Melaka,Melaka,2.1889,102.2511,26.1,83,0.0,8.8,3,Clouds generally forming or developing
2026-08-20,06:00:00,Johor,Kluang,2.0336,103.3194,23.8,95,0.0,2.5,3,Clouds generally forming or developing
2026-08-20,06:00:00,Sabah,Lahad Datu,5.03,118.34,26.2,86,0.0,2.2,1,Clouds generally dissolving or becoming less developed
2026-08-20,06:00:00,Terengganu,Cukai,4.2332,103.4479,25.5,95,0.0,9.2,3,Clouds generally forming or developing
2026-08-20,06:00:00,Sabah,Kota Kinabalu,5.975,116.0725,24.5,87,0.0,3.7,2,State of sky on the whole unchanged
2026-08-20,06:00:00,Perak,Taiping,4.85,100.7333,25.1,93,0.0,3.0,3,Clouds generally forming or developing
2026-08-20,06:00:00,Johor,Batu Pahat,1.85,102.93,24.5,93,0.0,1.9,3,Clouds generally forming or developing
2026-08-20,06:00:00,Perak,Ipoh,4.6,101.07,25.0,98,0.0,1.8,3,Clouds generally forming or developing
2026-08-20,06:00:00,Selangor,Klang,3.0333,101.45,25.5,95,0.0,5.2,3,Clouds generally forming or developing
2026-08-20,06:00:00,Pulau Pinang,George Town,5.4145,100.3292,26.8,93,0.0,2.3,3,Clouds generally forming or developing
2026-08-20,05:00:00,Perlis,Kangar,6.4333,100.2,28.1,73,0.0,11.9,3,Clouds generally forming or developing
2026-08-20,05:00:00,Johor,Johor Bahru,1.4556,103.7611,23.4,98,0.0,2.9,3,Clouds generally forming or developing
2026-08-20,05:00:00,Melaka,Melaka,2.1889,102.2511,26.1,83,0.0,8.8,3,Clouds generally forming or developing
2026-08-20,05:00:00,Pahang,Raub,3.7931,101.8569,24.4,80,0.0,2.6,3,Clouds generally forming or developing
2026-08-20,05:00:00,Sarawak,Miri,4.4028,113.9933,24.7,95,0.0,5.3,2,State of sky on the whole unchanged
2026-08-20,05:00:00,Selangor,Klang,3.0333,101.45,25.3,99,0.0,1.6,3,Clouds generally forming or developing
2026-08-20,05:00:00,Kedah,Sungai Petani,5.65,100.48,24.1,93,0.0,5.0,3,Clouds generally forming or developing
2026-08-20,05:00:00,Selangor,Shah Alam,3.0833,101.5333,25.5,92,0.0,0.3,3,Clouds generally forming or developing
2026-08-20,05:00:00,Kelantan,Kota Bharu,6.1333,102.25,25.5,79,0.0,6.1,3,Clouds generally forming or developing
2026-08-20,05:00:00,Sabah,Kota Kinabalu,5.975,116.0725,24.3,91,0.0,3.4,1,Clouds generally dissolving or becoming less developed
2026-08-20,05:00:00,Labuan,Labuan,5.2803,115.2475,26.6,91,0.0,8.9,3,Clouds generally forming or developing
2026-08-20,05:00:00,Sabah,Lahad Datu,5.03,118.34,26.2,86,0.0,1.6,1,Clouds generally dissolving or becoming less developed
2026-08-20,05:00:00,Kuala Lumpur,Kuala Lumpur,3.1478,101.6953,24.9,98,0.0,3.6,3,Clouds generally forming or developing
2026-08-20,05:00:00,Terengganu,Cukai,4.2332,103.4479,25.7,95,0.0,9.4,3,Clouds generally forming or developing
2026-08-20,05:00:00,Selangor,Petaling Jaya,3.1073,101.6067,24.8,95,0.0,2.1,3,Clouds generally forming or developing
2026-08-20,05:00:00,Sabah,Sandakan,5.8388,118.1173,26.4,88,0.0,12.1,2,State of sky on the whole unchanged
2026-08-20,05:00:00,Johor,Batu Pahat,1.85,102.93,24.3,94,0.0,2.5,3,Clouds generally forming or developing
2026-08-20,05:00:00,Sarawak,Sibu,2.3,111.8167,25.4,99,0.0,2.0,3,Clouds generally forming or developing
2026-08-20,05:00:00,Pahang,Kuala Lipis,4.184,102.042,24.3,95,0.0,3.0,1,Clouds generally dissolving or becoming less developed
2026-08-20,05:00:00,Perak,Ipoh,4.6,101.07,25.3,97,0.0,2.2,3,Clouds generally forming or developing
2026-08-20,05:00:00,Kedah,Alor Setar,6.1167,100.3667,27.2,77,0.0,5.3,3,Clouds generally forming or developing
2026-08-20,05:00:00,Sabah,Tawau,4.2448,117.8911,25.5,91,0.0,4.2,3,Clouds generally forming or developing
2026-08-20,05:00:00,Johor,Kluang,2.0336,103.3194,23.7,97,0.0,5.2,3,Clouds generally forming or developing
2026-08-20,05:00:00,Pulau Pinang,George Town,5.4145,100.3292,27.1,91,0.0,1.5,3,Clouds generally forming or developing
2026-08-20,05:00:00,Terengganu,Kuala Terengganu,5.3303,103.1408,24.5,99,0.0,4.9,3,Clouds generally forming or developing
2026-08-20,05:00:00,Perak,Teluk Intan,4.0259,101.0213,24.4,97,0.0,5.6,3,Clouds generally forming or developing
2026-08-20,05:00:00,Pahang,Kuantan,3.8167,103.3333,24.9,89,0.0,10.1,3,Clouds generally forming or developing
2026-08-20,05:00:00,Johor,Muar,2.05,102.56,26.0,86,0.0,13.9,3,Clouds generally forming or developing
2026-08-20,05:00:00,Pulau Pinang,Butterworth,5.3992,100.3639,27.1,81,0.0,3.6,3,Clouds generally forming or developing
2026-08-20,05:00:00,Sarawak,Kuching,1.5397,110.3542,24.9,97,0.0,10.6,3,Clouds generally forming or developing
2026-08-20,05:00:00,Putrajaya,Putrajaya,2.93,101.69,24.9,97,0.0,0.3,3,Clouds generally forming or developing
2026-08-20,05:00:00,Perak,Taiping,4.85,100.7333,25.5,91,0.0,2.3,3,Clouds generally forming or developing
2026-08-20,05:00:00,Pulau Pinang,Bukit Mertajam,5.3631,100.4667,27.0,81,0.0,3.6,3,Clouds generally forming or developing
2026-08-20,04:00:00,Pulau Pinang,George Town,5.4145,100.3292,27.1,89,0.0,2.2,3,Clouds generally forming or developing
2026-08-20,04:00:00,Perak,Taiping,4.85,100.7333,25.7,90,0.0,2.7,3,Clouds generally forming or developing
2026-08-20,04:00:00,Johor,Kluang,2.0336,103.3194,23.8,97,0.0,4.4,3,Clouds generally forming or developing
2026-08-20,04:00:00,Selangor,Klang,3.0333,101.45,25.3,99,0.0,2.8,3,Clouds generally forming or developing
2026-08-20,04:00:00,Johor,Muar,2.05,102.56,25.8,88,0.0,11.0,3,Clouds generally forming or developing
2026-08-20,04:00:00,Pulau Pinang,Bukit Mertajam,5.3631,100.4667,27.1,80,0.0,4.6,3,Clouds generally forming or developing
2026-08-20,04:00:00,Kelantan,Kota Bharu,6.1333,102.25,25.8,76,0.0,8.2,3,Clouds generally forming or developing
2026-08-20,04:00:00,Pahang,Raub,3.7931,101.8569,24.6,80,0.0,2.8,3,Clouds generally forming or developing
2026-08-20,04:00:00,Kedah,Alor Setar,6.1167,100.3667,27.6,75,0.0,6.5,3,Clouds generally forming or developing
2026-08-20,04:00:00,Terengganu,Cukai,4.2332,103.4479,25.7,96,0.0,7.6,3,Clouds generally forming or developing
2026-08-20,04:00:00,Melaka,Melaka,2.1889,102.2511,26.0,82,0.0,9.4,3,Clouds generally forming or developing
2026-08-20,04:00:00,Sabah,Kota Kinabalu,5.975,116.0725,24.3,92,0.0,4.6,2,State of sky on the whole unchanged
2026-08-20,04:00:00,Johor,Batu Pahat,1.85,102.93,24.1,95,0.0,4.7,3,Clouds generally forming or developing
2026-08-20,04:00:00,Pulau Pinang,Butterworth,5.3992,100.3639,27.1,80,0.0,4.6,3,Clouds generally forming or developing
2026-08-20,04:00:00,Pahang,Kuala Lipis,4.184,102.042,24.7,93,0.0,4.5,3,Clouds generally forming or developing
2026-08-20,04:00:00,Sabah,Sandakan,5.8388,118.1173,26.7,86,0.1,11.6,51,"Drizzle, not freezing, continuous 	slight at time of observation"
2026-08-20,04:00:00,Sabah,Tawau,4.2448,117.8911,25.2,89,0.1,2.4,51,"Drizzle, not freezing, continuous 	slight at time of observation"
2026-08-20,04:00:00,Kedah,Sungai Petani,5.65,100.48,24.2,94,0.0,5.4,3,Clouds generally forming or developing
2026-08-20,04:00:00,Selangor,Shah Alam,3.0833,101.5333,25.3,95,0.0,1.5,3,Clouds generally forming or developing
2026-08-20,04:00:00,Sarawak,Kuching,1.5397,110.3542,25.3,95,0.0,9.5,3,Clouds generally forming or developing
2026-08-20,04:00:00,Putrajaya,Putrajaya,2.93,101.69,24.8,97,0.0,0.3,3,Clouds generally forming or developing
2026-08-20,04:00:00,Johor,Johor Bahru,1.4556,103.7611,23.5,96,0.0,6.4,3,Clouds generally forming or developing
2026-08-20,04:00:00,Pahang,Kuantan,3.8167,103.3333,25.2,90,0.0,9.8,3,Clouds generally forming or developing
2026-08-20,04:00:00,Perlis,Kangar,6.4333,100.2,28.3,72,0.0,12.2,3,Clouds generally forming or developing
2026-08-20,04:00:00,Sabah,Lahad Datu,5.03,118.34,26.3,87,0.1,2.7,51,"Drizzle, not freezing, continuous 	slight at time of observation"
2026-08-20,04:00:00,Kuala Lumpur,Kuala Lumpur,3.1478,101.6953,25.2,96,0.0,5.5,3,Clouds generally forming or developing
2026-08-20,04:00:00,Perak,Teluk Intan,4.0259,101.0213,24.4,97,0.0,6.2,3,Clouds generally forming or developing
2026-08-20,04:00:00,Terengganu,Kuala Terengganu,5.3303,103.1408,24.5,99,0.0,4.5,3,Clouds generally forming or developing
2026-08-20,04:00:00,Sarawak,Sibu,2.3,111.8167,25.8,97,0.0,0.5,3,Clouds generally forming or developing
2026-08-20,04:00:00,Perak,Ipoh,4.6,101.07,25.4,96,0.0,1.2,3,Clouds generally forming or developing
2026-08-20,04:00:00,Selangor,Petaling Jaya,3.1073,101.6067,25.0,94,0.1,3.5,51,"Drizzle, not freezing, continuous 	slight at time of observation"
2026-08-20,04:00:00,Labuan,Labuan,5.2803,115.2475,26.4,93,0.0,9.5,3,Clouds generally forming or developing
2026-08-20,04:00:00,Sarawak,Miri,4.4028,113.9933,24.8,96,0.0,6.1,1,Clouds generally dissolving or becoming less developed
2026-08-20,03:00:00,Johor,Johor Bahru,1.4556,103.7611,23.9,96,0.1,5.1,51,"Drizzle, not freezing, continuous 	slight at time of observation"
2026-08-20,03:00:00,Sabah,Sandakan,5.8388,118.1173,26.9,85,0.1,10.8,51,"Drizzle, not freezing, continuous 	slight at time of observation"
2026-08-20,03:00:00,Johor,Kluang,2.0336,103.3194,24.2,97,0.1,3.7,51,"Drizzle, not freezing, continuous 	slight at time of observation"
2026-08-20,03:00:00,Kelantan,Kota Bharu,6.1333,102.25,26.5,73,0.0,9.5,3,Clouds generally forming or developing
2026-08-20,03:00:00,Putrajaya,Putrajaya,2.93,101.69,24.7,97,0.0,3.3,51,"Drizzle, not freezing, continuous 	slight at time of observation"
2026-08-20,03:00:00,Perak,Ipoh,4.6,101.07,25.6,95,0.0,3.1,3,Clouds generally forming or developing
2026-08-20,03:00:00,Selangor,Shah Alam,3.0833,101.5333,25.5,93,0.0,1.3,51,"Drizzle, not freezing, continuous 	slight at time of observation"
2026-08-20,03:00:00,Pahang,Kuala Lipis,4.184,102.042,24.9,91,0.0,3.8,3,Clouds generally forming or developing
2026-08-20,03:00:00,Pahang,Kuantan,3.8167,103.3333,25.5,91,0.0,11.0,3,Clouds generally forming or developing
2026-08-20,03:00:00,Sabah,Lahad Datu,5.03,118.34,26.5,84,0.1,3.6,51,"Drizzle, not freezing, continuous 	slight at time of observation"
2026-08-20,03:00:00,Selangor,Klang,3.0333,101.45,25.3,97,0.0,1.6,53,"Drizzle, not freezing, continuous 	moderate at time of observation"
2026-08-20,03:00:00,Selangor,Petaling Jaya,3.1073,101.6067,25.2,93,0.0,1.3,3,Clouds generally forming or developing
2026-08-20,03:00:00,Pulau Pinang,George Town,5.4145,100.3292,27.4,86,0.0,2.2,3,Clouds generally forming or developing
2026-08-20,03:00:00,Pulau Pinang,Butterworth,5.3992,100.3639,27.1,80,0.0,5.5,3,Clouds generally forming or developing
2026-08-20,03:00:00,Perak,Teluk Intan,4.0259,101.0213,24.5,96,0.0,7.6,3,Clouds generally forming or developing
2026-08-20,03:00:00,Sarawak,Sibu,2.3,111.8167,25.8,97,0.0,1.5,3,Clouds generally forming or developing
2026-08-20,03:00:00,Perlis,Kangar,6.4333,100.2,28.2,74,0.0,11.4,3,Clouds generally forming or developing
2026-08-20,03:00:00,Kedah,Sungai Petani,5.65,100.48,24.5,96,0.0,6.0,3,Clouds generally forming or developing
2026-08-20,03:00:00,Pulau Pinang,Bukit Mertajam,5.3631,100.4667,27.0,80,0.0,5.5,3,Clouds generally forming or developing
2026-08-20,03:00:00,Johor,Muar,2.05,102.56,25.5,93,0.0,7.3,3,Clouds generally forming or developing
2026-08-20,03:00:00,Sarawak,Kuching,1.5397,110.3542,25.7,93,0.0,8.9,2,State of sky on the whole unchanged
2026-08-20,03:00:00,Sarawak,Miri,4.4028,113.9933,24.9,96,0.0,7.0,1,Clouds generally dissolving or becoming less developed
2026-08-20,03:00:00,Terengganu,Kuala Terengganu,5.3303,103.1408,24.7,99,0.0,6.0,3,Clouds generally forming or developing
2026-08-20,03:00:00,Labuan,Labuan,5.2803,115.2475,26.7,94,0.0,9.9,2,State of sky on the whole unchanged
2026-08-20,03:00:00,Terengganu,Cukai,4.2332,103.4479,25.8,96,0.0,7.9,3,Clouds generally forming or developing
2026-08-20,03:00:00,Sabah,Kota Kinabalu,5.975,116.0725,24.6,91,0.0,3.7,3,Clouds generally forming or developing
2026-08-20,03:00:00,Kuala Lumpur,Kuala Lumpur,3.1478,101.6953,25.5,92,0.0,1.5,3,Clouds generally forming or developing
2026-08-20,03:00:00,Sabah,Tawau,4.2448,117.8911,25.2,88,0.0,6.0,2,State of sky on the whole unchanged
2026-08-20,03:00:00,Pahang,Raub,3.7931,101.8569,24.7,80,0.0,2.8,3,Clouds generally forming or developing
2026-08-20,03:00:00,Perak,Taiping,4.85,100.7333,25.7,88,0.0,3.1,3,Clouds generally forming or developing
2026-08-20,03:00:00,Melaka,Melaka,2.1889,102.2511,26.0,82,0.0,11.1,3,Clouds generally forming or developing
2026-08-20,03:00:00,Johor,Batu Pahat,1.85,102.93,23.9,96,0.0,7.0,3,Clouds generally forming or developing
2026-08-20,03:00:00,Kedah,Alor Setar,6.1167,100.3667,27.8,73,0.0,7.9,3,Clouds generally forming or developing
2026-08-20,02:00:00,Johor,Kluang,2.0336,103.3194,24.4,97,0.0,6.3,3,Clouds generally forming or developing
2026-08-20,02:00:00,Pulau Pinang,George Town,5.4145,100.3292,27.8,82,0.0,0.4,3,Clouds generally forming or developing
2026-08-20,02:00:00,Sabah,Lahad Datu,5.03,118.34,27.1,80,0.0,5.2,1,Clouds generally dissolving or becoming less developed
2026-08-20,02:00:00,Kuala Lumpur,Kuala Lumpur,3.1478,101.6953,25.4,95,0.0,5.0,3,Clouds generally forming or developing
2026-08-20,02:00:00,Sarawak,Kuching,1.5397,110.3542,25.9,97,0.0,7.0,3,Clouds generally forming or developing
2026-08-20,02:00:00,Putrajaya,Putrajaya,2.93,101.69,25.3,93,0.0,3.3,3,Clouds generally forming or developing
2026-08-20,02:00:00,Labuan,Labuan,5.2803,115.2475,27.0,94,0.0,6.6,2,State of sky on the whole unchanged
2026-08-20,02:00:00,Terengganu,Kuala Terengganu,5.3303,103.1408,25.0,98,0.0,9.5,3,Clouds generally forming or developing
2026-08-20,02:00:00,Johor,Batu Pahat,1.85,102.93,24.1,95,0.0,7.8,3,Clouds generally forming or developing
2026-08-20,02:00:00,Selangor,Petaling Jaya,3.1073,101.6067,25.2,93,0.0,4.5,3,Clouds generally forming or developing
2026-08-20,02:00:00,Pahang,Kuantan,3.8167,103.3333,25.7,94,0.0,9.8,3,Clouds generally forming or developing
2026-08-20,02:00:00,Sabah,Tawau,4.2448,117.8911,25.8,84,0.0,3.2,1,Clouds generally dissolving or becoming less developed
2026-08-20,02:00:00,Perak,Ipoh,4.6,101.07,25.7,93,0.0,4.0,3,Clouds generally forming or developing
2026-08-20,02:00:00,Sabah,Kota Kinabalu,5.975,116.0725,24.5,94,0.4,5.5,51,"Drizzle, not freezing, continuous 	slight at time of observation"
2026-08-20,02:00:00,Kedah,Alor Setar,6.1167,100.3667,27.6,72,0.0,9.2,3,Clouds generally forming or developing
2026-08-20,02:00:00,Perak,Taiping,4.85,100.7333,25.7,87,0.0,4.2,3,Clouds generally forming or developing
2026-08-20,02:00:00,Perak,Teluk Intan,4.0259,101.0213,24.9,95,0.0,8.3,3,Clouds generally forming or developing
2026-08-20,02:00:00,Sarawak,Sibu,2.3,111.8167,25.9,99,0.0,1.5,3,Clouds generally forming or developing
2026-08-20,02:00:00,Pulau Pinang,Butterworth,5.3992,100.3639,27.3,78,0.0,6.0,3,Clouds generally forming or developing
2026-08-20,02:00:00,Selangor,Shah Alam,3.0833,101.5333,25.7,93,0.0,2.7,3,Clouds generally forming or developing
2026-08-20,02:00:00,Kedah,Sungai Petani,5.65,100.48,24.9,95,0.0,5.3,3,Clouds generally forming or developing
2026-08-20,02:00:00,Perlis,Kangar,6.4333,100.2,28.1,74,0.0,10.1,3,Clouds generally forming or developing
2026-08-20,02:00:00,Terengganu,Cukai,4.2332,103.4479,25.8,94,0.0,8.3,3,Clouds generally forming or developing
2026-08-20,02:00:00,Pulau Pinang,Bukit Mertajam,5.3631,100.4667,27.3,78,0.0,6.0,3,Clouds generally forming or developing
2026-08-20,02:00:00,Sabah,Sandakan,5.8388,118.1173,27.0,84,0.0,9.4,1,Clouds generally dissolving or becoming less developed
2026-08-20,02:00:00,Sarawak,Miri,4.4028,113.9933,25.0,96,0.0,7.4,1,Clouds generally dissolving or becoming less developed
2026-08-20,02:00:00,Johor,Muar,2.05,102.56,25.4,95,0.0,10.1,3,Clouds generally forming or developing
2026-08-20,02:00:00,Pahang,Raub,3.7931,101.8569,25.5,76,0.0,2.8,3,Clouds generally forming or developing
2026-08-20,02:00:00,Pahang,Kuala Lipis,4.184,102.042,25.4,88,0.0,4.8,3,Clouds generally forming or developing
2026-08-20,02:00:00,Selangor,Klang,3.0333,101.45,25.6,94,0.0,4.5,3,Clouds generally forming or developing
2026-08-20,02:00:00,Kelantan,Kota Bharu,6.1333,102.25,26.9,71,0.0,12.6,3,Clouds generally forming or developing
2026-08-20,02:00:00,Johor,Johor Bahru,1.4556,103.7611,24.1,95,0.0,5.6,3,Clouds generally forming or developing
2026-08-20,02:00:00,Melaka,Melaka,2.1889,102.2511,25.9,87,0.0,10.8,3,Clouds generally forming or developing
2026-08-20,01:00:00,Pahang,Kuala Lipis,4.184,102.042,25.9,91,0.0,5.4,3,Clouds generally forming or developing
2026-08-20,01:00:00,Perak,Teluk Intan,4.0259,101.0213,25.0,95,0.1,7.9,51,"Drizzle, not freezing, continuous 	slight at time of observation"
2026-08-20,01:00:00,Sarawak,Sibu,2.3,111.8167,26.1,99,0.0,2.8,3,Clouds generally forming or developing
2026-08-20,01:00:00,Melaka,Melaka,2.1889,102.2511,25.0,87,0.0,7.8,3,Clouds generally forming or developing
2026-08-20,01:00:00,Selangor,Klang,3.0333,101.45,24.8,95,0.0,9.6,3,Clouds generally forming or developing
2026-08-20,01:00:00,Sabah,Kota Kinabalu,5.975,116.0725,23.9,95,1.2,6.9,81,"Rain shower(s), moderate or heavy"
2026-08-20,01:00:00,Sabah,Lahad Datu,5.03,118.34,27.4,77,0.0,8.1,0,Cloud development not observed or not observable
2026-08-20,01:00:00,Kelantan,Kota Bharu,6.1333,102.25,27.8,66,0.0,11.7,3,Clouds generally forming or developing
2026-08-20,01:00:00,Sabah,Sandakan,5.8388,118.1173,27.3,82,0.0,10.9,0,Cloud development not observed or not observable
2026-08-20,01:00:00,Johor,Muar,2.05,102.56,24.6,95,0.2,2.6,51,"Drizzle, not freezing, continuous 	slight at time of observation"
2026-08-20,01:00:00,Johor,Batu Pahat,1.85,102.93,23.8,97,0.0,7.5,3,Clouds generally forming or developing
2026-08-20,01:00:00,Labuan,Labuan,5.2803,115.2475,26.6,93,0.1,9.0,51,"Drizzle, not freezing, continuous 	slight at time of observation"
2026-08-20,01:00:00,Johor,Kluang,2.0336,103.3194,24.9,89,0.0,7.3,3,Clouds generally forming or developing
2026-08-20,01:00:00,Perak,Taiping,4.85,100.7333,25.8,89,0.0,5.2,3,Clouds generally forming or developing
2026-08-20,01:00:00,Pahang,Raub,3.7931,101.8569,25.7,72,0.0,5.1,3,Clouds generally forming or developing
2026-08-20,01:00:00,Selangor,Petaling Jaya,3.1073,101.6067,24.5,96,0.0,6.9,3,Clouds generally forming or developing
2026-08-20,01:00:00,Pulau Pinang,Butterworth,5.3992,100.3639,28.9,70,0.0,7.6,3,Clouds generally forming or developing
2026-08-20,01:00:00,Kedah,Alor Setar,6.1167,100.3667,28.0,69,0.0,10.2,3,Clouds generally forming or developing
2026-08-20,01:00:00,Terengganu,Cukai,4.2332,103.4479,26.5,89,0.0,7.4,3,Clouds generally forming or developing
2026-08-20,01:00:00,Terengganu,Kuala Terengganu,5.3303,103.1408,25.4,97,0.0,7.4,3,Clouds generally forming or developing
2026-08-20,01:00:00,Johor,Johor Bahru,1.4556,103.7611,26.0,83,0.0,4.2,3,Clouds generally forming or developing
2026-08-20,01:00:00,Kuala Lumpur,Kuala Lumpur,3.1478,101.6953,24.6,96,0.0,6.7,3,Clouds generally forming or developing
2026-08-20,01:00:00,Perlis,Kangar,6.4333,100.2,28.2,72,0.0,9.9,3,Clouds generally forming or developing
2026-08-20,01:00:00,Selangor,Shah Alam,3.0833,101.5333,24.8,93,0.0,8.6,3,Clouds generally forming or developing
2026-08-20,01:00:00,Putrajaya,Putrajaya,2.93,101.69,24.4,95,0.0,7.7,3,Clouds generally forming or developing
2026-08-20,01:00:00,Perak,Ipoh,4.6,101.07,25.9,99,0.0,3.4,3,Clouds generally forming or developing
2026-08-20,01:00:00,Pulau Pinang,Bukit Mertajam,5.3631,100.4667,28.8,70,0.0,7.6,3,Clouds generally forming or developing
2026-08-20,01:00:00,Pulau Pinang,George Town,5.4145,100.3292,27.6,81,0.0,3.0,3,Clouds generally forming or developing
2026-08-20,01:00:00,Kedah,Sungai Petani,5.65,100.48,26.6,80,0.0,0.4,3,Clouds generally forming or developing
2026-08-20,01:00:00,Pahang,Kuantan,3.8167,103.3333,26.3,92,0.0,8.7,3,Clouds generally forming or developing
2026-08-20,01:00:00,Sabah,Tawau,4.2448,117.8911,26.0,84,0.0,3.6,0,Cloud development not observed or not observable
2026-08-20,01:00:00,Sarawak,Miri,4.4028,113.9933,24.6,94,0.2,9.9,51,"Drizzle, not freezing, continuous 	slight at time of observation"
2026-08-20,01:00:00,Sarawak,Kuching,1.5397,110.3542,25.6,99,0.0,5.6,2,State of sky on the whole unchanged
2026-08-20,00:00:00,Labuan,Labuan,5.2803,115.2475,26.4,93,0.4,11.3,51,"Drizzle, not freezing, continuous 	slight at time of observation"
2026-08-20,00:00:00,Pulau Pinang,George Town,5.4145,100.3292,27.8,79,0.0,3.6,3,Clouds generally forming or developing
2026-08-20,00:00:00,Sabah,Sandakan,5.8388,118.1173,27.6,82,0.0,10.1,0,Cloud development not observed or not observable
2026-08-20,00:00:00,Perak,Teluk Intan,4.0259,101.0213,25.7,94,0.2,9.9,51,"Drizzle, not freezing, continuous 	slight at time of observation"
2026-08-20,00:00:00,Pulau Pinang,Bukit Mertajam,5.3631,100.4667,29.3,66,0.0,6.7,3,Clouds generally forming or developing
2026-08-20,00:00:00,Pulau Pinang,Butterworth,5.3992,100.3639,29.3,66,0.0,6.7,3,Clouds generally forming or developing
2026-08-20,00:00:00,Sabah,Kota Kinabalu,5.975,116.0725,24.7,91,0.0,16.6,80,"Rain shower(s), slight"
2026-08-20,00:00:00,Selangor,Klang,3.0333,101.45,25.0,95,0.0,9.0,3,Clouds generally forming or developing
2026-08-20,00:00:00,Kedah,Alor Setar,6.1167,100.3667,28.2,70,0.0,10.3,3,Clouds generally forming or developing
2026-08-20,00:00:00,Sarawak,Kuching,1.5397,110.3542,25.8,100,0.0,2.0,3,Clouds generally forming or developing
2026-08-20,00:00:00,Pahang,Kuala Lipis,4.184,102.042,26.4,89,0.0,3.1,3,Clouds generally forming or developing
2026-08-20,00:00:00,Pahang,Raub,3.7931,101.8569,26.7,67,0.0,6.5,3,Clouds generally forming or developing
2026-08-20,00:00:00,Kelantan,Kota Bharu,6.1333,102.25,27.7,66,0.0,12.2,3,Clouds generally forming or developing
2026-08-20,00:00:00,Terengganu,Cukai,4.2332,103.4479,26.5,88,0.0,5.9,3,Clouds generally forming or developing
2026-08-20,00:00:00,Kuala Lumpur,Kuala Lumpur,3.1478,101.6953,24.3,96,0.2,5.9,51,"Drizzle, not freezing, continuous 	slight at time of observation"
2026-08-20,00:00:00,Selangor,Petaling Jaya,3.1073,101.6067,24.3,96,0.1,5.5,51,"Drizzle, not freezing, continuous 	slight at time of observation"
2026-08-20,00:00:00,Kedah,Sungai Petani,5.65,100.48,27.3,75,0.0,1.3,3,Clouds generally forming or developing
2026-08-20,00:00:00,Selangor,Shah Alam,3.0833,101.5333,24.9,92,0.1,8.3,51,"Drizzle, not freezing, continuous 	slight at time of observation"
2026-08-20,00:00:00,Johor,Johor Bahru,1.4556,103.7611,26.2,81,0.0,4.5,3,Clouds generally forming or developing
2026-08-20,00:00:00,Perlis,Kangar,6.4333,100.2,28.5,71,0.0,11.2,3,Clouds generally forming or developing
2026-08-20,00:00:00,Perak,Ipoh,4.6,101.07,26.0,99,0.0,0.7,3,Clouds generally forming or developing
2026-08-20,00:00:00,Johor,Batu Pahat,1.85,102.93,24.3,96,0.1,7.5,51,"Drizzle, not freezing, continuous 	slight at time of observation"
2026-08-20,00:00:00,Putrajaya,Putrajaya,2.93,101.69,24.6,95,0.0,8.6,3,Clouds generally forming or developing
2026-08-20,00:00:00,Terengganu,Kuala Terengganu,5.3303,103.1408,25.7,96,0.1,7.7,51,"Drizzle, not freezing, continuous 	slight at time of observation"
2026-08-20,00:00:00,Sabah,Tawau,4.2448,117.8911,25.9,84,0.0,4.1,1,Clouds generally dissolving or becoming less developed
2026-08-20,00:00:00,Melaka,Melaka,2.1889,102.2511,25.6,86,0.0,10.4,3,Clouds generally forming or developing
2026-08-20,00:00:00,Pahang,Kuantan,3.8167,103.3333,26.4,95,0.0,7.8,3,Clouds generally forming or developing
2026-08-20,00:00:00,Sarawak,Sibu,2.3,111.8167,26.2,100,0.0,2.2,3,Clouds generally forming or developing
2026-08-20,00:00:00,Sabah,Lahad Datu,5.03,118.34,27.6,77,0.0,10.8,0,Cloud development not observed or not observable
2026-08-20,00:00:00,Johor,Muar,2.05,102.56,24.6,96,0.1,12.2,51,"Drizzle, not freezing, continuous 	slight at time of observation"
2026-08-20,00:00:00,Johor,Kluang,2.0336,103.3194,25.6,87,0.1,10.2,51,"Drizzle, not freezing, continuous 	slight at time of observation"
2026-08-20,00:00:00,Perak,Taiping,4.85,100.7333,26.4,85,0.0,4.1,3,Clouds generally forming or developing
2026-08-20,00:00:00,Sarawak,Miri,4.4028,113.9933,25.4,90,0.1,14.9,51,"Drizzle, not freezing, continuous 	slight at time of observation"
2026-08-20,13:00:00,Negeri Sembilan,Seremban,2.7297,101.9381,32.9,50,0.0,10.2,3,Clouds generally forming or developing
2026-08-20,13:00:00,Perlis,Kangar,6.4333,100.2,31.3,64,0.0,13.5,3,Clouds generally forming or developing
2026-08-20,13:00:00,Sarawak,Miri,4.4028,113.9933,31.3,67,0.0,10.0,1,Clouds generally dissolving or becoming less developed
2026-08-20,13:00:00,Putrajaya,Putrajaya,2.93,101.69,31.4,61,0.0,6.4,3,Clouds generally forming or developing
2026-08-20,13:00:00,Kelantan,Kota Bharu,6.1333,102.25,31.5,60,0.0,7.7,3,Clouds generally forming or developing
2026-08-20,13:00:00,Perak,Taiping,4.85,100.7333,31.7,60,0.0,5.8,3,Clouds generally forming or developing
2026-08-20,13:00:00,Sarawak,Bintulu,3.17,113.03,30.3,76,0.0,3.8,51,"Drizzle, not freezing, continuous 	slight at time of observation"
2026-08-20,13:00:00,Sabah,Sandakan,5.8388,118.1173,31.9,60,0.0,9.0,1,Clouds generally dissolving or becoming less developed
2026-08-20,13:00:00,Pulau Pinang,Butterworth,5.3992,100.3639,32.5,52,0.0,11.4,3,Clouds generally forming or developing
2026-08-20,13:00:00,Perak,Teluk Intan,4.0259,101.0213,28.9,73,0.0,6.0,3,Clouds generally forming or developing
2026-08-20,13:00:00,Johor,Johor Bahru,1.4556,103.7611,32.1,57,0.1,14.7,51,"Drizzle, not freezing, continuous 	slight at time of observation"
2026-08-20,13:00:00,Kedah,Alor Setar,6.1167,100.3667,30.9,67,0.0,9.9,2,State of sky on the whole unchanged
2026-08-20,13:00:00,Perak,Ipoh,4.6,101.07,31.3,59,0.0,3.9,3,Clouds generally forming or developing
2026-08-20,13:00:00,Sabah,Kota Kinabalu,5.975,116.0725,29.8,75,0.0,6.3,51,"Drizzle, not freezing, continuous 	slight at time of observation"
2026-08-20,13:00:00,Selangor,Klang,3.0333,101.45,31.2,64,0.0,4.1,3,Clouds generally forming or developing
2026-08-20,13:00:00,Pahang,Kuala Lipis,4.184,102.042,30.3,59,0.0,3.1,3,Clouds generally forming or developing
2026-08-20,13:00:00,Pulau Pinang,Bukit Mertajam,5.3631,100.4667,32.5,52,0.0,11.4,3,Clouds generally forming or developing
2026-08-20,13:00:00,Sarawak,Sibu,2.3,111.8167,32.1,68,0.0,5.4,51,"Drizzle, not freezing, continuous 	slight at time of observation"
2026-08-20,13:00:00,Labuan,Labuan,5.2803,115.2475,29.1,74,0.2,5.9,51,"Drizzle, not freezing, continuous 	slight at time of observation"
2026-08-20,13:00:00,Kuala Lumpur,Kuala Lumpur,3.1478,101.6953,31.3,59,0.0,0.7,3,Clouds generally forming or developing
2026-08-20,13:00:00,Johor,Muar,2.05,102.56,31.1,58,0.0,13.8,3,Clouds generally forming or developing
2026-08-20,13:00:00,Sabah,Lahad Datu,5.03,118.34,29.6,71,0.0,10.2,51,"Drizzle, not freezing, continuous 	slight at time of observation"
2026-08-20,13:00:00,Johor,Kluang,2.0336,103.3194,31.6,59,0.0,14.9,51,"Drizzle, not freezing, continuous 	slight at time of observation"
2026-08-20,13:00:00,Melaka,Melaka,2.1889,102.2511,32.6,50,0.0,13.8,3,Clouds generally forming or developing
2026-08-20,13:00:00,Sabah,Tawau,4.2448,117.8911,29.6,72,0.2,8.1,53,"Drizzle, not freezing, continuous 	moderate at time of observation"
2026-08-20,13:00:00,Pulau Pinang,George Town,5.4145,100.3292,31.7,62,0.0,10.1,3,Clouds generally forming or developing
2026-08-20,13:00:00,Selangor,Shah Alam,3.0833,101.5333,30.4,67,0.0,3.5,3,Clouds generally forming or developing
2026-08-20,13:00:00,Johor,Batu Pahat,1.85,102.93,31.4,58,0.0,13.9,3,Clouds generally forming or developing
2026-08-20,13:00:00,Selangor,Petaling Jaya,3.1073,101.6067,30.6,62,0.0,2.3,3,Clouds generally forming or developing
2026-08-20,13:00:00,Pahang,Kuantan,3.8167,103.3333,31.8,62,0.0,11.7,1,Clouds generally dissolving or becoming less developed
2026-08-20,13:00:00,Pahang,Raub,3.7931,101.8569,31.4,47,0.0,5.8,3,Clouds generally forming or developing
2026-08-20,13:00:00,Terengganu,Kuala Terengganu,5.3303,103.1408,32.0,65,0.0,1.0,3,Clouds generally forming or developing
2026-08-20,13:00:00,Kedah,Sungai Petani,5.65,100.48,31.9,61,0.0,8.5,3,Clouds generally forming or developing
2026-08-20,12:00:00,Perak,Taiping,4.85,100.7333,30.7,65,0.0,4.2,3,Clouds generally forming or developing
2026-08-20,12:00:00,Johor,Muar,2.05,102.56,30.8,62,0.0,14.1,3,Clouds generally forming or developing
2026-08-20,12:00:00,Perak,Teluk Intan,4.0259,101.0213,28.2,77,0.0,4.7,3,Clouds generally forming or developing
2026-08-20,12:00:00,Sabah,Tawau,4.2448,117.8911,29.9,70,0.1,7.7,51,"Drizzle, not freezing, continuous 	slight at time of observation"
2026-08-20,12:00:00,Kedah,Sungai Petani,5.65,100.48,31.3,63,0.0,5.9,3,Clouds generally forming or developing
2026-08-20,12:00:00,Sabah,Lahad Datu,5.03,118.34,29.8,70,0.0,10.6,1,Clouds generally dissolving or becoming less developed
2026-08-20,12:00:00,Labuan,Labuan,5.2803,115.2475,27.8,81,0.3,9.4,53,"Drizzle, not freezing, continuous 	moderate at time of observation"
2026-08-20,12:00:00,Pulau Pinang,Bukit Mertajam,5.3631,100.4667,32.1,54,0.0,8.1,3,Clouds generally forming or developing
2026-08-20,12:00:00,Johor,Batu Pahat,1.85,102.93,30.8,63,0.0,13.3,3,Clouds generally forming or developing
2026-08-20,12:00:00,Negeri Sembilan,Seremban,2.7297,101.9381,32.2,54,0.0,7.3,3,Clouds generally forming or developing
2026-08-20,12:00:00,Putrajaya,Putrajaya,2.93,101.69,30.1,69,0.0,3.7,3,Clouds generally forming or developing
2026-08-20,12:00:00,Kedah,Alor Setar,6.1167,100.3667,30.0,71,0.0,7.2,3,Clouds generally forming or developing
2026-08-20,12:00:00,Sabah,Sandakan,5.8388,118.1173,31.4,61,0.0,10.2,0,Cloud development not observed or not observable
2026-08-20,12:00:00,Sabah,Kota Kinabalu,5.975,116.0725,29.9,73,0.2,8.0,53,"Drizzle, not freezing, continuous 	moderate at time of observation"
2026-08-20,12:00:00,Melaka,Melaka,2.1889,102.2511,32.2,52,0.0,13.6,3,Clouds generally forming or developing
2026-08-20,12:00:00,Selangor,Klang,3.0333,101.45,30.2,69,0.0,4.3,3,Clouds generally forming or developing
2026-08-20,12:00:00,Terengganu,Kuala Terengganu,5.3303,103.1408,31.5,67,0.0,2.7,2,State of sky on the whole unchanged
2026-08-20,12:00:00,Selangor,Petaling Jaya,3.1073,101.6067,29.7,66,0.0,2.9,3,Clouds generally forming or developing
2026-08-20,12:00:00,Pulau Pinang,George Town,5.4145,100.3292,31.3,65,0.0,6.7,3,Clouds generally forming or developing
2026-08-20,12:00:00,Pahang,Kuantan,3.8167,103.3333,30.2,68,0.0,12.0,3,Clouds generally forming or developing
2026-08-20,12:00:00,Pahang,Kuala Lipis,4.184,102.042,29.8,61,0.0,0.9,3,Clouds generally forming or developing
2026-08-20,12:00:00,Pulau Pinang,Butterworth,5.3992,100.3639,32.1,54,0.0,8.1,3,Clouds generally forming or developing
2026-08-20,12:00:00,Sarawak,Miri,4.4028,113.9933,31.2,69,0.0,5.8,2,State of sky on the whole unchanged
2026-08-20,12:00:00,Selangor,Shah Alam,3.0833,101.5333,29.6,70,0.0,3.9,3,Clouds generally forming or developing
2026-08-20,12:00:00,Sarawak,Bintulu,3.17,113.03,29.8,79,0.0,1.3,51,"Drizzle, not freezing, continuous 	slight at time of observation"
2026-08-20,12:00:00,Johor,Johor Bahru,1.4556,103.7611,31.6,59,0.1,12.6,51,"Drizzle, not freezing, continuous 	slight at time of observation"
2026-08-20,12:00:00,Perak,Ipoh,4.6,101.07,30.8,62,0.0,2.1,3,Clouds generally forming or developing
2026-08-20,12:00:00,Perlis,Kangar,6.4333,100.2,31.0,64,0.0,13.3,3,Clouds generally forming or developing
2026-08-20,12:00:00,Pahang,Raub,3.7931,101.8569,30.3,53,0.0,4.4,3,Clouds generally forming or developing
2026-08-20,12:00:00,Kelantan,Kota Bharu,6.1333,102.25,30.6,63,0.0,8.5,3,Clouds generally forming or developing
2026-08-20,12:00:00,Kuala Lumpur,Kuala Lumpur,3.1478,101.6953,30.2,62,0.0,1.3,3,Clouds generally forming or developing
2026-08-20,12:00:00,Johor,Kluang,2.0336,103.3194,30.7,63,0.0,13.6,51,"Drizzle, not freezing, continuous 	slight at time of observation"
2026-08-20,12:00:00,Sarawak,Sibu,2.3,111.8167,31.6,71,0.0,4.6,51,"Drizzle, not freezing, continuous 	slight at time of observation"
2026-08-20,11:00:00,Sarawak,Bintulu,3.17,113.03,28.8,81,0.0,2.0,51,"Drizzle, not freezing, continuous 	slight at time of observation"
2026-08-20,11:00:00,Pulau Pinang,George Town,5.4145,100.3292,30.2,70,0.0,4.4,3,Clouds generally forming or developing
2026-08-20,11:00:00,Johor,Kluang,2.0336,103.3194,29.2,74,0.0,11.0,3,Clouds generally forming or developing
2026-08-20,11:00:00,Perak,Teluk Intan,4.0259,101.0213,28.3,75,0.0,4.3,3,Clouds generally forming or developing
2026-08-20,11:00:00,Johor,Johor Bahru,1.4556,103.7611,30.7,65,0.0,11.2,51,"Drizzle, not freezing, continuous 	slight at time of observation"
2026-08-20,11:00:00,Putrajaya,Putrajaya,2.93,101.69,28.8,74,0.0,3.2,3,Clouds generally forming or developing
2026-08-20,11:00:00,Selangor,Shah Alam,3.0833,101.5333,28.4,75,0.0,4.7,3,Clouds generally forming or developing
2026-08-20,11:00:00,Kedah,Sungai Petani,5.65,100.48,29.9,69,0.0,3.0,3,Clouds generally forming or developing
2026-08-20,11:00:00,Pulau Pinang,Butterworth,5.3992,100.3639,31.3,58,0.0,5.6,3,Clouds generally forming or developing
2026-08-20,11:00:00,Kuala Lumpur,Kuala Lumpur,3.1478,101.6953,28.7,69,0.0,2.5,3,Clouds generally forming or developing
2026-08-20,11:00:00,Sarawak,Sibu,2.3,111.8167,30.8,74,0.0,3.8,0,Cloud development not observed or not observable
2026-08-20,11:00:00,Pahang,Kuantan,3.8167,103.3333,29.1,72,0.0,11.0,3,Clouds generally forming or developing
2026-08-20,11:00:00,Pahang,Kuala Lipis,4.184,102.042,29.8,63,0.0,0.4,3,Clouds generally forming or developing
2026-08-20,11:00:00,Johor,Muar,2.05,102.56,30.6,63,0.0,14.7,3,Clouds generally forming or developing
2026-08-20,11:00:00,Johor,Batu Pahat,1.85,102.93,30.9,60,0.0,12.6,3,Clouds generally forming or developing
2026-08-20,11:00:00,Kedah,Alor Setar,6.1167,100.3667,29.8,75,0.0,5.7,3,Clouds generally forming or developing
2026-08-20,11:00:00,Terengganu,Kuala Terengganu,5.3303,103.1408,30.1,75,0.0,3.6,2,State of sky on the whole unchanged
2026-08-20,11:00:00,Sabah,Kota Kinabalu,5.975,116.0725,30.5,67,0.1,4.8,51,"Drizzle, not freezing, continuous 	slight at time of observation"
2026-08-20,11:00:00,Sabah,Tawau,4.2448,117.8911,29.0,74,0.1,7.9,51,"Drizzle, not freezing, continuous 	slight at time of observation"
2026-08-20,11:00:00,Selangor,Klang,3.0333,101.45,28.9,73,0.0,4.7,3,Clouds generally forming or developing
2026-08-20,11:00:00,Pulau Pinang,Bukit Mertajam,5.3631,100.4667,31.2,58,0.0,5.6,3,Clouds generally forming or developing
2026-08-20,11:00:00,Pahang,Raub,3.7931,101.8569,28.9,59,0.0,4.0,3,Clouds generally forming or developing
2026-08-20,11:00:00,Sabah,Sandakan,5.8388,118.1173,30.6,65,0.0,12.2,0,Cloud development not observed or not observable
2026-08-20,11:00:00,Negeri Sembilan,Seremban,2.7297,101.9381,30.7,61,0.0,3.2,3,Clouds generally forming or developing
2026-08-20,11:00:00,Perak,Taiping,4.85,100.7333,29.5,71,0.0,3.3,3,Clouds generally forming or developing
2026-08-20,11:00:00,Sarawak,Miri,4.4028,113.9933,30.3,72,0.0,5.2,1,Clouds generally dissolving or becoming less developed
2026-08-20,11:00:00,Selangor,Petaling Jaya,3.1073,101.6067,28.1,75,0.0,3.7,3,Clouds generally forming or developing
2026-08-20,11:00:00,Perlis,Kangar,6.4333,100.2,30.6,66,0.0,13.4,3,Clouds generally forming or developing
2026-08-20,11:00:00,Labuan,Labuan,5.2803,115.2475,29.9,70,0.0,10.9,51,"Drizzle, not freezing, continuous 	slight at time of observation"
2026-08-20,11:00:00,Perak,Ipoh,4.6,101.07,28.3,75,0.0,3.0,3,Clouds generally forming or developing
2026-08-20,11:00:00,Sabah,Lahad Datu,5.03,118.34,30.0,69,0.0,11.2,0,Cloud development not observed or not observable
2026-08-20,11:00:00,Kelantan,Kota Bharu,6.1333,102.25,30.3,64,0.0,9.4,3,Clouds generally forming or developing
2026-08-20,11:00:00,Melaka,Melaka,2.1889,102.2511,31.5,56,0.0,12.7,3,Clouds generally forming or developing
2026-08-20,10:00:00,Pulau Pinang,Bukit Mertajam,5.3631,100.4667,30.4,63,0.0,5.0,3,Clouds generally forming or developing
2026-08-20,10:00:00,Sarawak,Bintulu,3.17,113.03,27.8,88,0.1,7.8,51,"Drizzle, not freezing, continuous 	slight at time of observation"
2026-08-20,10:00:00,Selangor,Petaling Jaya,3.1073,101.6067,26.3,88,0.0,2.7,3,Clouds generally forming or developing
2026-08-20,10:00:00,Sabah,Lahad Datu,5.03,118.34,29.2,70,0.1,12.0,51,"Drizzle, not freezing, continuous 	slight at time of observation"
2026-08-20,10:00:00,Sarawak,Miri,4.4028,113.9933,28.7,78,0.1,8.0,51,"Drizzle, not freezing, continuous 	slight at time of observation"
2026-08-20,10:00:00,Pulau Pinang,Butterworth,5.3992,100.3639,30.4,63,0.0,5.0,3,Clouds generally forming or developing
2026-08-20,10:00:00,Johor,Batu Pahat,1.85,102.93,29.8,66,0.0,10.1,3,Clouds generally forming or developing
2026-08-20,10:00:00,Perak,Taiping,4.85,100.7333,27.9,81,0.0,3.0,3,Clouds generally forming or developing
2026-08-20,10:00:00,Pulau Pinang,George Town,5.4145,100.3292,29.4,75,0.0,3.7,3,Clouds generally forming or developing
2026-08-20,10:00:00,Pahang,Kuala Lipis,4.184,102.042,28.7,68,0.0,3.2,3,Clouds generally forming or developing
2026-08-20,10:00:00,Kuala Lumpur,Kuala Lumpur,3.1478,101.6953,26.9,81,0.0,1.9,3,Clouds generally forming or developing
2026-08-20,10:00:00,Selangor,Klang,3.0333,101.45,27.5,81,0.0,5.2,3,Clouds generally forming or developing
2026-08-20,10:00:00,Perak,Ipoh,4.6,101.07,27.4,80,0.0,3.8,3,Clouds generally forming or developing
2026-08-20,10:00:00,Sabah,Tawau,4.2448,117.8911,27.7,80,0.1,8.3,51,"Drizzle, not freezing, continuous 	slight at time of observation"
2026-08-20,10:00:00,Sabah,Sandakan,5.8388,118.1173,29.6,71,0.0,11.8,51,"Drizzle, not freezing, continuous 	slight at time of observation"
2026-08-20,10:00:00,Johor,Kluang,2.0336,103.3194,27.9,84,0.0,8.3,3,Clouds generally forming or developing
2026-08-20,10:00:00,Kedah,Alor Setar,6.1167,100.3667,28.6,80,0.0,5.1,3,Clouds generally forming or developing
2026-08-20,10:00:00,Johor,Muar,2.05,102.56,30.4,62,0.0,15.3,3,Clouds generally forming or developing
2026-08-20,10:00:00,Pahang,Raub,3.7931,101.8569,28.6,61,0.0,3.9,3,Clouds generally forming or developing
2026-08-20,10:00:00,Perlis,Kangar,6.4333,100.2,30.1,67,0.0,12.2,3,Clouds generally forming or developing
2026-08-20,10:00:00,Negeri Sembilan,Seremban,2.7297,101.9381,28.7,70,0.0,1.3,3,Clouds generally forming or developing
2026-08-20,10:00:00,Selangor,Shah Alam,3.0833,101.5333,26.8,84,0.0,4.8,3,Clouds generally forming or developing
2026-08-20,10:00:00,Sarawak,Sibu,2.3,111.8167,29.7,79,0.0,3.1,1,Clouds generally dissolving or becoming less developed
2026-08-20,10:00:00,Pahang,Kuantan,3.8167,103.3333,27.6,77,0.0,10.4,3,Clouds generally forming or developing
2026-08-20,10:00:00,Kelantan,Kota Bharu,6.1333,102.25,29.6,67,0.0,9.5,3,Clouds generally forming or developing
2026-08-20,10:00:00,Johor,Johor Bahru,1.4556,103.7611,29.3,74,0.0,7.2,3,Clouds generally forming or developing
2026-08-20,10:00:00,Terengganu,Kuala Terengganu,5.3303,103.1408,28.7,81,0.0,4.7,3,Clouds generally forming or developing
2026-08-20,10:00:00,Putrajaya,Putrajaya,2.93,101.69,27.2,82,0.0,4.4,3,Clouds generally forming or developing
2026-08-20,10:00:00,Labuan,Labuan,5.2803,115.2475,30.6,67,0.0,1.5,3,Clouds generally forming or developing
2026-08-20,10:00:00,Sabah,Kota Kinabalu,5.975,116.0725,30.6,65,0.0,4.2,2,State of sky on the whole unchanged
2026-08-20,10:00:00,Kedah,Sungai Petani,5.65,100.48,28.5,74,0.0,3.1,3,Clouds generally forming or developing
2026-08-20,10:00:00,Melaka,Melaka,2.1889,102.2511,30.5,63,0.0,9.9,3,Clouds generally forming or developing
2026-08-20,10:00:00,Perak,Teluk Intan,4.0259,101.0213,27.5,80,0.0,3.6,3,Clouds generally forming or developing
2026-08-20,09:00:00,Sabah,Sandakan,5.8388,118.1173,28.5,76,0.0,11.0,2,State of sky on the whole unchanged
2026-08-20,09:00:00,Johor,Johor Bahru,1.4556,103.7611,26.3,90,0.0,3.3,3,Clouds generally forming or developing
2026-08-20,09:00:00,Kedah,Sungai Petani,5.65,100.48,26.9,81,0.0,3.5,3,Clouds generally forming or developing
2026-08-20,09:00:00,Pulau Pinang,Butterworth,5.3992,100.3639,29.2,68,0.0,4.1,3,Clouds generally forming or developing
2026-08-20,09:00:00,Sabah,Tawau,4.2448,117.8911,27.4,81,0.1,6.9,51,"Drizzle, not freezing, continuous 	slight at time of observation"
2026-08-20,09:00:00,Negeri Sembilan,Seremban,2.7297,101.9381,27.0,76,0.0,2.4,3,Clouds generally forming or developing
2026-08-20,09:00:00,Perak,Ipoh,4.6,101.07,26.5,86,0.0,4.1,3,Clouds generally forming or developing
2026-08-20,09:00:00,Perlis,Kangar,6.4333,100.2,29.1,72,0.0,10.8,3,Clouds generally forming or developing
2026-08-20,09:00:00,Johor,Kluang,2.0336,103.3194,25.7,93,0.0,4.5,3,Clouds generally forming or developing
2026-08-20,09:00:00,Kelantan,Kota Bharu,6.1333,102.25,27.7,78,0.0,7.4,3,Clouds generally forming or developing
2026-08-20,09:00:00,Pulau Pinang,Bukit Mertajam,5.3631,100.4667,29.2,68,0.0,4.1,3,Clouds generally forming or developing
2026-08-20,09:00:00,Putrajaya,Putrajaya,2.93,101.69,25.7,90,0.0,4.4,3,Clouds generally forming or developing
2026-08-20,09:00:00,Selangor,Klang,3.0333,101.45,26.7,86,0.0,5.0,3,Clouds generally forming or developing
2026-08-20,09:00:00,Sabah,Kota Kinabalu,5.975,116.0725,30.1,67,0.0,2.7,3,Clouds generally forming or developing
2026-08-20,09:00:00,Sarawak,Sibu,2.3,111.8167,28.3,83,0.0,2.1,1,Clouds generally dissolving or becoming less developed
2026-08-20,09:00:00,Kuala Lumpur,Kuala Lumpur,3.1478,101.6953,25.7,89,0.0,3.1,3,Clouds generally forming or developing
2026-08-20,09:00:00,Sabah,Lahad Datu,5.03,118.34,28.6,72,0.1,10.1,51,"Drizzle, not freezing, continuous 	slight at time of observation"
2026-08-20,09:00:00,Melaka,Melaka,2.1889,102.2511,28.6,74,0.0,3.9,3,Clouds generally forming or developing
2026-08-20,09:00:00,Johor,Muar,2.05,102.56,29.2,67,0.0,10.6,3,Clouds generally forming or developing
2026-08-20,09:00:00,Sarawak,Bintulu,3.17,113.03,25.9,95,0.0,10.2,1,Clouds generally dissolving or becoming less developed
2026-08-20,09:00:00,Kedah,Alor Setar,6.1167,100.3667,27.3,84,0.0,5.7,3,Clouds generally forming or developing
2026-08-20,09:00:00,Selangor,Shah Alam,3.0833,101.5333,26.3,87,0.0,4.9,3,Clouds generally forming or developing
2026-08-20,09:00:00,Pulau Pinang,George Town,5.4145,100.3292,28.2,84,0.0,3.9,3,Clouds generally forming or developing
2026-08-20,09:00:00,Terengganu,Kuala Terengganu,5.3303,103.1408,26.8,91,0.0,4.0,3,Clouds generally forming or developing
2026-08-20,09:00:00,Selangor,Petaling Jaya,3.1073,101.6067,25.5,93,0.0,3.2,3,Clouds generally forming or developing
2026-08-20,09:00:00,Sarawak,Miri,4.4028,113.9933,27.1,84,0.0,10.2,1,Clouds generally dissolving or becoming less developed
2026-08-20,09:00:00,Pahang,Raub,3.7931,101.8569,27.0,68,0.0,2.7,3,Clouds generally forming or developing
2026-08-20,09:00:00,Perak,Teluk Intan,4.0259,101.0213,26.1,87,0.0,4.9,3,Clouds generally forming or developing
2026-08-20,09:00:00,Perak,Taiping,4.85,100.7333,27.0,85,0.0,3.8,3,Clouds generally forming or developing
2026-08-20,09:00:00,Pahang,Kuantan,3.8167,103.3333,26.2,81,0.0,10.2,3,Clouds generally forming or developing
2026-08-20,09:00:00,Johor,Batu Pahat,1.85,102.93,27.5,84,0.0,5.5,3,Clouds generally forming or developing
2026-08-20,09:00:00,Pahang,Kuala Lipis,4.184,102.042,26.6,78,0.0,4.9,3,Clouds generally forming or developing
2026-08-20,09:00:00,Labuan,Labuan,5.2803,115.2475,30.1,70,0.0,5.9,3,Clouds generally forming or developing
2026-08-20,08:00:00,Johor,Johor Bahru,1.4556,103.7611,23.5,99,0.0,4.5,3,Clouds generally forming or developing
2026-08-20,08:00:00,Pulau Pinang,Butterworth,5.3992,100.3639,27.1,78,0.0,5.2,3,Clouds generally forming or developing
2026-08-20,08:00:00,Sarawak,Bintulu,3.17,113.03,24.4,97,0.3,8.2,51,"Drizzle, not freezing, continuous 	slight at time of observation"
2026-08-20,08:00:00,Selangor,Klang,3.0333,101.45,25.7,93,0.0,5.5,3,Clouds generally forming or developing
2026-08-20,08:00:00,Pahang,Kuantan,3.8167,103.3333,24.9,87,0.0,11.3,3,Clouds generally forming or developing
2026-08-20,08:00:00,Sarawak,Sibu,2.3,111.8167,26.3,89,0.0,2.2,1,Clouds generally dissolving or becoming less developed
2026-08-20,08:00:00,Pahang,Raub,3.7931,101.8569,25.5,74,0.0,2.7,3,Clouds generally forming or developing
2026-08-20,08:00:00,Sabah,Kota Kinabalu,5.975,116.0725,28.5,76,0.0,3.1,3,Clouds generally forming or developing
2026-08-20,08:00:00,Kuala Lumpur,Kuala Lumpur,3.1478,101.6953,25.0,95,0.0,3.6,3,Clouds generally forming or developing
2026-08-20,08:00:00,Perak,Teluk Intan,4.0259,101.0213,25.6,87,0.0,5.6,3,Clouds generally forming or developing
2026-08-20,08:00:00,Melaka,Melaka,2.1889,102.2511,26.3,84,0.0,3.6,3,Clouds generally forming or developing
2026-08-20,08:00:00,Sabah,Lahad Datu,5.03,118.34,28.0,75,0.1,8.2,51,"Drizzle, not freezing, continuous 	slight at time of observation"
2026-08-20,08:00:00,Selangor,Petaling Jaya,3.1073,101.6067,25.1,94,0.0,4.0,3,Clouds generally forming or developing
2026-08-20,08:00:00,Terengganu,Kuala Terengganu,5.3303,103.1408,24.9,97,0.0,4.5,3,Clouds generally forming or developing
2026-08-20,08:00:00,Labuan,Labuan,5.2803,115.2475,28.6,80,0.0,9.0,2,State of sky on the whole unchanged
2026-08-20,08:00:00,Johor,Muar,2.05,102.56,27.5,77,0.0,9.7,3,Clouds generally forming or developing
2026-08-20,08:00:00,Sarawak,Miri,4.4028,113.9933,26.5,87,0.0,13.4,2,State of sky on the whole unchanged
2026-08-20,08:00:00,Pulau Pinang,George Town,5.4145,100.3292,27.0,90,0.0,3.2,3,Clouds generally forming or developing
2026-08-20,08:00:00,Putrajaya,Putrajaya,2.93,101.69,25.1,94,0.0,5.9,3,Clouds generally forming or developing
2026-08-20,08:00:00,Pulau Pinang,Bukit Mertajam,5.3631,100.4667,27.1,78,0.0,5.2,3,Clouds generally forming or developing
2026-08-20,08:00:00,Johor,Batu Pahat,1.85,102.93,24.8,94,0.0,3.6,3,Clouds generally forming or developing
2026-08-20,08:00:00,Sabah,Sandakan,5.8388,118.1173,27.6,81,0.0,10.2,3,Clouds generally forming or developing
2026-08-20,08:00:00,Kedah,Alor Setar,6.1167,100.3667,26.1,85,0.0,5.7,3,Clouds generally forming or developing
2026-08-20,08:00:00,Perak,Taiping,4.85,100.7333,25.7,90,0.0,4.9,3,Clouds generally forming or developing
2026-08-20,08:00:00,Perak,Ipoh,4.6,101.07,25.3,95,0.0,4.5,3,Clouds generally forming or developing
2026-08-20,08:00:00,Sabah,Tawau,4.2448,117.8911,26.3,89,0.1,2.7,51,"Drizzle, not freezing, continuous 	slight at time of observation"
2026-08-20,08:00:00,Perlis,Kangar,6.4333,100.2,27.9,78,0.0,9.7,3,Clouds generally forming or developing
2026-08-20,08:00:00,Negeri Sembilan,Seremban,2.7297,101.9381,25.6,83,0.0,5.2,3,Clouds generally forming or developing
2026-08-20,08:00:00,Pahang,Kuala Lipis,4.184,102.042,24.8,90,0.0,5.4,3,Clouds generally forming or developing
2026-08-20,08:00:00,Johor,Kluang,2.0336,103.3194,24.4,95,0.0,4.4,3,Clouds generally forming or developing
2026-08-20,08:00:00,Kelantan,Kota Bharu,6.1333,102.25,26.1,81,0.0,8.1,3,Clouds generally forming or developing
2026-08-20,08:00:00,Selangor,Shah Alam,3.0833,101.5333,25.7,90,0.0,5.0,3,Clouds generally forming or developing
2026-08-20,08:00:00,Kedah,Sungai Petani,5.65,100.48,24.9,88,0.0,5.2,3,Clouds generally forming or developing
2026-08-20,07:00:00,Perlis,Kangar,6.4333,100.2,27.7,77,0.0,9.9,3,Clouds generally forming or developing
2026-08-20,07:00:00,Putrajaya,Putrajaya,2.93,101.69,24.9,97,0.0,3.5,3,Clouds generally forming or developing
2026-08-20,07:00:00,Sabah,Tawau,4.2448,117.8911,25.7,92,0.2,7.5,51,"Drizzle, not freezing, continuous 	slight at time of observation"
2026-08-20,07:00:00,Johor,Kluang,2.0336,103.3194,23.8,95,0.0,2.3,3,Clouds generally forming or developing
2026-08-20,07:00:00,Sabah,Lahad Datu,5.03,118.34,27.3,82,0.1,4.9,51,"Drizzle, not freezing, continuous 	slight at time of observation"
2026-08-20,07:00:00,Pahang,Kuala Lipis,4.184,102.042,23.9,96,0.0,2.4,3,Clouds generally forming or developing
2026-08-20,07:00:00,Labuan,Labuan,5.2803,115.2475,27.4,88,0.0,9.4,3,Clouds generally forming or developing
2026-08-20,07:00:00,Perak,Teluk Intan,4.0259,101.0213,25.2,90,0.0,4.4,3,Clouds generally forming or developing
2026-08-20,07:00:00,Pahang,Raub,3.7931,101.8569,24.2,79,0.0,2.0,3,Clouds generally forming or developing
2026-08-20,07:00:00,Johor,Batu Pahat,1.85,102.93,23.9,96,0.0,2.0,3,Clouds generally forming or developing
2026-08-20,07:00:00,Negeri Sembilan,Seremban,2.7297,101.9381,24.8,85,0.0,3.9,3,Clouds generally forming or developing
2026-08-20,07:00:00,Johor,Muar,2.05,102.56,26.8,81,0.0,10.9,3,Clouds generally forming or developing
2026-08-20,07:00:00,Selangor,Petaling Jaya,3.1073,101.6067,24.7,96,0.0,3.2,3,Clouds generally forming or developing
2026-08-20,07:00:00,Kedah,Sungai Petani,5.65,100.48,24.0,91,0.0,4.7,3,Clouds generally forming or developing
2026-08-20,07:00:00,Sabah,Kota Kinabalu,5.975,116.0725,25.1,89,0.0,4.5,3,Clouds generally forming or developing
2026-08-20,07:00:00,Melaka,Melaka,2.1889,102.2511,26.0,85,0.0,7.1,3,Clouds generally forming or developing
2026-08-20,07:00:00,Kelantan,Kota Bharu,6.1333,102.25,25.1,83,0.0,6.0,3,Clouds generally forming or developing
2026-08-20,07:00:00,Johor,Johor Bahru,1.4556,103.7611,23.0,100,0.0,1.3,3,Clouds generally forming or developing
2026-08-20,07:00:00,Selangor,Shah Alam,3.0833,101.5333,25.4,92,0.0,3.8,3,Clouds generally forming or developing
2026-08-20,07:00:00,Pahang,Kuantan,3.8167,103.3333,24.5,87,0.0,12.2,3,Clouds generally forming or developing
2026-08-20,07:00:00,Pulau Pinang,George Town,5.4145,100.3292,26.4,95,0.0,3.4,3,Clouds generally forming or developing
2026-08-20,07:00:00,Perak,Taiping,4.85,100.7333,24.8,94,0.0,2.7,3,Clouds generally forming or developing
2026-08-20,07:00:00,Pulau Pinang,Butterworth,5.3992,100.3639,26.6,83,0.0,6.3,3,Clouds generally forming or developing
2026-08-20,07:00:00,Perak,Ipoh,4.6,101.07,24.6,99,0.0,1.4,3,Clouds generally forming or developing
2026-08-20,07:00:00,Selangor,Klang,3.0333,101.45,25.3,95,0.0,4.9,3,Clouds generally forming or developing
2026-08-20,07:00:00,Kuala Lumpur,Kuala Lumpur,3.1478,101.6953,24.6,97,0.0,4.7,3,Clouds generally forming or developing
2026-08-20,07:00:00,Sarawak,Sibu,2.3,111.8167,24.9,94,0.0,6.4,2,State of sky on the whole unchanged
2026-08-20,07:00:00,Sabah,Sandakan,5.8388,118.1173,26.8,85,0.0,9.6,2,State of sky on the whole unchanged
2026-08-20,07:00:00,Sarawak,Miri,4.4028,113.9933,25.1,93,0.0,8.6,1,Clouds generally dissolving or becoming less developed
2026-08-20,07:00:00,Terengganu,Kuala Terengganu,5.3303,103.1408,24.3,98,0.0,5.8,3,Clouds generally forming or developing
2026-08-20,07:00:00,Sarawak,Bintulu,3.17,113.03,23.0,98,1.0,10.3,81,"Rain shower(s), moderate or heavy"
2026-08-20,07:00:00,Kedah,Alor Setar,6.1167,100.3667,26.1,82,0.0,2.6,3,Clouds generally forming or developing
2026-08-20,07:00:00,Pulau Pinang,Bukit Mertajam,5.3631,100.4667,26.5,83,0.0,6.3,3,Clouds generally forming or developing
2026-08-20,06:00:00,Kedah,Alor Setar,6.1167,100.3667,27.0,79,0.0,4.1,3,Clouds generally forming or developing
2026-08-20,06:00:00,Pulau Pinang,George Town,5.4145,100.3292,26.8,93,0.0,2.3,3,Clouds generally forming or developing
2026-08-20,06:00:00,Negeri Sembilan,Seremban,2.7297,101.9381,25.0,84,0.0,3.9,3,Clouds generally forming or developing
2026-08-20,06:00:00,Putrajaya,Putrajaya,2.93,101.69,25.1,97,0.0,2.3,3,Clouds generally forming or developing
2026-08-20,06:00:00,Melaka,Melaka,2.1889,102.2511,26.1,83,0.0,8.8,3,Clouds generally forming or developing
2026-08-20,06:00:00,Perlis,Kangar,6.4333,100.2,27.8,76,0.0,11.0,3,Clouds generally forming or developing
2026-08-20,06:00:00,Johor,Kluang,2.0336,103.3194,23.8,95,0.0,2.5,3,Clouds generally forming or developing
2026-08-20,06:00:00,Kelantan,Kota Bharu,6.1333,102.25,25.4,81,0.0,5.7,3,Clouds generally forming or developing
2026-08-20,06:00:00,Johor,Johor Bahru,1.4556,103.7611,23.2,99,0.0,2.8,3,Clouds generally forming or developing
2026-08-20,06:00:00,Selangor,Shah Alam,3.0833,101.5333,25.6,91,0.0,3.2,3,Clouds generally forming or developing
2026-08-20,06:00:00,Pahang,Raub,3.7931,101.8569,24.5,80,0.0,1.9,3,Clouds generally forming or developing
2026-08-20,06:00:00,Johor,Muar,2.05,102.56,26.4,84,0.0,11.7,3,Clouds generally forming or developing
2026-08-20,06:00:00,Pahang,Kuantan,3.8167,103.3333,24.7,88,0.0,10.9,3,Clouds generally forming or developing
2026-08-20,06:00:00,Pahang,Kuala Lipis,4.184,102.042,24.1,96,0.0,2.5,3,Clouds generally forming or developing
2026-08-20,06:00:00,Pulau Pinang,Bukit Mertajam,5.3631,100.4667,26.6,84,0.0,3.2,3,Clouds generally forming or developing
2026-08-20,06:00:00,Pulau Pinang,Butterworth,5.3992,100.3639,26.6,84,0.0,3.2,3,Clouds generally forming or developing
2026-08-20,06:00:00,Perak,Teluk Intan,4.0259,101.0213,24.8,93,0.0,5.1,3,Clouds generally forming or developing
2026-08-20,06:00:00,Perak,Ipoh,4.6,101.07,25.0,98,0.0,1.8,3,Clouds generally forming or developing
2026-08-20,06:00:00,Selangor,Klang,3.0333,101.45,25.5,95,0.0,5.2,3,Clouds generally forming or developing
2026-08-20,06:00:00,Kuala Lumpur,Kuala Lumpur,3.1478,101.6953,24.8,98,0.0,3.3,3,Clouds generally forming or developing
2026-08-20,06:00:00,Labuan,Labuan,5.2803,115.2475,26.7,90,0.0,9.1,2,State of sky on the whole unchanged
2026-08-20,06:00:00,Sarawak,Sibu,2.3,111.8167,25.2,97,0.0,11.5,2,State of sky on the whole unchanged
2026-08-20,06:00:00,Sabah,Sandakan,5.8388,118.1173,26.2,89,0.0,9.0,2,State of sky on the whole unchanged
2026-08-20,06:00:00,Sabah,Kota Kinabalu,5.975,116.0725,24.5,87,0.0,3.7,2,State of sky on the whole unchanged
2026-08-20,06:00:00,Sabah,Tawau,4.2448,117.8911,25.4,92,0.1,6.7,51,"Drizzle, not freezing, continuous 	slight at time of observation"
2026-08-20,06:00:00,Sabah,Lahad Datu,5.03,118.34,26.2,86,0.0,2.2,1,Clouds generally dissolving or becoming less developed
2026-08-20,06:00:00,Sarawak,Bintulu,3.17,113.03,23.5,95,0.0,7.7,53,"Drizzle, not freezing, continuous 	moderate at time of observation"
2026-08-20,06:00:00,Sarawak,Miri,4.4028,113.9933,24.7,94,0.0,5.5,0,Cloud development not observed or not observable
2026-08-20,06:00:00,Kedah,Sungai Petani,5.65,100.48,24.0,92,0.0,4.2,3,Clouds generally forming or developing
2026-08-20,06:00:00,Selangor,Petaling Jaya,3.1073,101.6067,24.9,96,0.0,1.5,3,Clouds generally forming or developing
2026-08-20,06:00:00,Johor,Batu Pahat,1.85,102.93,24.5,93,0.0,1.9,3,Clouds generally forming or developing
2026-08-20,06:00:00,Terengganu,Kuala Terengganu,5.3303,103.1408,24.4,98,0.0,6.3,3,Clouds generally forming or developing
2026-08-20,06:00:00,Perak,Taiping,4.85,100.7333,25.1,93,0.0,3.0,3,Clouds generally forming or developing
2026-08-20,05:00:00,Selangor,Shah Alam,3.0833,101.5333,25.5,92,0.0,0.3,3,Clouds generally forming or developing
2026-08-20,05:00:00,Pahang,Kuala Lipis,4.184,102.042,24.3,95,0.0,3.0,1,Clouds generally dissolving or becoming less developed
2026-08-20,05:00:00,Perlis,Kangar,6.4333,100.2,28.1,73,0.0,11.9,3,Clouds generally forming or developing
2026-08-20,05:00:00,Sabah,Sandakan,5.8388,118.1173,26.4,88,0.0,12.1,2,State of sky on the whole unchanged
2026-08-20,05:00:00,Kelantan,Kota Bharu,6.1333,102.25,25.5,79,0.0,6.1,3,Clouds generally forming or developing
2026-08-20,05:00:00,Sarawak,Miri,4.4028,113.9933,24.7,95,0.0,5.3,2,State of sky on the whole unchanged
2026-08-20,05:00:00,Johor,Kluang,2.0336,103.3194,23.7,97,0.0,5.2,3,Clouds generally forming or developing
2026-08-20,05:00:00,Johor,Johor Bahru,1.4556,103.7611,23.4,98,0.0,2.9,3,Clouds generally forming or developing
2026-08-20,05:00:00,Perak,Taiping,4.85,100.7333,25.5,91,0.0,2.3,3,Clouds generally forming or developing
2026-08-20,05:00:00,Labuan,Labuan,5.2803,115.2475,26.6,91,0.0,8.9,3,Clouds generally forming or developing
2026-08-20,05:00:00,Pahang,Raub,3.7931,101.8569,24.4,80,0.0,2.6,3,Clouds generally forming or developing
2026-08-20,05:00:00,Sabah,Lahad Datu,5.03,118.34,26.2,86,0.0,1.6,1,Clouds generally dissolving or becoming less developed
2026-08-20,05:00:00,Sarawak,Sibu,2.3,111.8167,25.4,99,0.0,2.0,3,Clouds generally forming or developing
2026-08-20,05:00:00,Pahang,Kuantan,3.8167,103.3333,24.9,89,0.0,10.1,3,Clouds generally forming or developing
2026-08-20,05:00:00,Kuala Lumpur,Kuala Lumpur,3.1478,101.6953,24.9,98,0.0,3.6,3,Clouds generally forming or developing
2026-08-20,05:00:00,Kedah,Alor Setar,6.1167,100.3667,27.2,77,0.0,5.3,3,Clouds generally forming or developing
2026-08-20,05:00:00,Selangor,Petaling Jaya,3.1073,101.6067,24.8,95,0.0,2.1,3,Clouds generally forming or developing
2026-08-20,05:00:00,Selangor,Klang,3.0333,101.45,25.3,99,0.0,1.6,3,Clouds generally forming or developing
2026-08-20,05:00:00,Johor,Batu Pahat,1.85,102.93,24.3,94,0.0,2.5,3,Clouds generally forming or developing
2026-08-20,05:00:00,Pulau Pinang,George Town,5.4145,100.3292,27.1,91,0.0,1.5,3,Clouds generally forming or developing
2026-08-20,05:00:00,Pulau Pinang,Bukit Mertajam,5.3631,100.4667,27.0,81,0.0,3.6,3,Clouds generally forming or developing
2026-08-20,05:00:00,Pulau Pinang,Butterworth,5.3992,100.3639,27.1,81,0.0,3.6,3,Clouds generally forming or developing
2026-08-20,05:00:00,Perak,Ipoh,4.6,101.07,25.3,97,0.0,2.2,3,Clouds generally forming or developing
2026-08-20,05:00:00,Melaka,Melaka,2.1889,102.2511,26.1,83,0.0,8.8,3,Clouds generally forming or developing
2026-08-20,05:00:00,Sarawak,Bintulu,3.17,113.03,25.1,92,0.0,5.8,2,State of sky on the whole unchanged
2026-08-20,05:00:00,Kedah,Sungai Petani,5.65,100.48,24.1,93,0.0,5.0,3,Clouds generally forming or developing
2026-08-20,05:00:00,Perak,Teluk Intan,4.0259,101.0213,24.4,97,0.0,5.6,3,Clouds generally forming or developing
2026-08-20,05:00:00,Negeri Sembilan,Seremban,2.7297,101.9381,24.8,84,0.0,3.9,3,Clouds generally forming or developing
2026-08-20,05:00:00,Terengganu,Kuala Terengganu,5.3303,103.1408,24.5,99,0.0,4.9,3,Clouds generally forming or developing
2026-08-20,05:00:00,Putrajaya,Putrajaya,2.93,101.69,24.9,97,0.0,0.3,3,Clouds generally forming or developing
2026-08-20,05:00:00,Sabah,Tawau,4.2448,117.8911,25.5,91,0.0,4.2,3,Clouds generally forming or developing
2026-08-20,05:00:00,Johor,Muar,2.05,102.56,26.0,86,0.0,13.9,3,Clouds generally forming or developing
2026-08-20,05:00:00,Sabah,Kota Kinabalu,5.975,116.0725,24.3,91,0.0,3.4,1,Clouds generally dissolving or becoming less developed
2026-08-20,04:00:00,Sabah,Lahad Datu,5.03,118.34,26.3,87,0.1,2.7,51,"Drizzle, not freezing, continuous 	slight at time of observation"
2026-08-20,04:00:00,Johor,Johor Bahru,1.4556,103.7611,23.5,96,0.0,6.4,3,Clouds generally forming or developing
2026-08-20,04:00:00,Pahang,Kuantan,3.8167,103.3333,25.2,90,0.0,9.8,3,Clouds generally forming or developing
2026-08-20,04:00:00,Pulau Pinang,George Town,5.4145,100.3292,27.1,89,0.0,2.2,3,Clouds generally forming or developing
2026-08-20,04:00:00,Labuan,Labuan,5.2803,115.2475,26.4,93,0.0,9.5,3,Clouds generally forming or developing
2026-08-20,04:00:00,Johor,Kluang,2.0336,103.3194,23.8,97,0.0,4.4,3,Clouds generally forming or developing
2026-08-20,04:00:00,Sarawak,Sibu,2.3,111.8167,25.8,97,0.0,0.5,3,Clouds generally forming or developing
2026-08-20,04:00:00,Kedah,Sungai Petani,5.65,100.48,24.2,94,0.0,5.4,3,Clouds generally forming or developing
2026-08-20,04:00:00,Pulau Pinang,Bukit Mertajam,5.3631,100.4667,27.1,80,0.0,4.6,3,Clouds generally forming or developing
2026-08-20,04:00:00,Selangor,Shah Alam,3.0833,101.5333,25.3,95,0.0,1.5,3,Clouds generally forming or developing
2026-08-20,04:00:00,Perak,Teluk Intan,4.0259,101.0213,24.4,97,0.0,6.2,3,Clouds generally forming or developing
2026-08-20,04:00:00,Pahang,Kuala Lipis,4.184,102.042,24.7,93,0.0,4.5,3,Clouds generally forming or developing
2026-08-20,04:00:00,Johor,Batu Pahat,1.85,102.93,24.1,95,0.0,4.7,3,Clouds generally forming or developing
2026-08-20,04:00:00,Selangor,Klang,3.0333,101.45,25.3,99,0.0,2.8,3,Clouds generally forming or developing
2026-08-20,04:00:00,Kuala Lumpur,Kuala Lumpur,3.1478,101.6953,25.2,96,0.0,5.5,3,Clouds generally forming or developing
2026-08-20,04:00:00,Sabah,Sandakan,5.8388,118.1173,26.7,86,0.1,11.6,51,"Drizzle, not freezing, continuous 	slight at time of observation"
2026-08-20,04:00:00,Pahang,Raub,3.7931,101.8569,24.6,80,0.0,2.8,3,Clouds generally forming or developing
2026-08-20,04:00:00,Selangor,Petaling Jaya,3.1073,101.6067,25.0,94,0.1,3.5,51,"Drizzle, not freezing, continuous 	slight at time of observation"
2026-08-20,04:00:00,Sabah,Tawau,4.2448,117.8911,25.2,89,0.1,2.4,51,"Drizzle, not freezing, continuous 	slight at time of observation"
2026-08-20,04:00:00,Pulau Pinang,Butterworth,5.3992,100.3639,27.1,80,0.0,4.6,3,Clouds generally forming or developing
2026-08-20,04:00:00,Sarawak,Bintulu,3.17,113.03,25.3,91,0.0,6.7,1,Clouds generally dissolving or becoming less developed
2026-08-20,04:00:00,Sabah,Kota Kinabalu,5.975,116.0725,24.3,92,0.0,4.6,2,State of sky on the whole unchanged
2026-08-20,04:00:00,Terengganu,Kuala Terengganu,5.3303,103.1408,24.5,99,0.0,4.5,3,Clouds generally forming or developing
2026-08-20,04:00:00,Melaka,Melaka,2.1889,102.2511,26.0,82,0.0,9.4,3,Clouds generally forming or developing
2026-08-20,04:00:00,Perlis,Kangar,6.4333,100.2,28.3,72,0.0,12.2,3,Clouds generally forming or developing
2026-08-20,04:00:00,Negeri Sembilan,Seremban,2.7297,101.9381,24.7,84,0.0,3.2,3,Clouds generally forming or developing
2026-08-20,04:00:00,Putrajaya,Putrajaya,2.93,101.69,24.8,97,0.0,0.3,3,Clouds generally forming or developing
2026-08-20,04:00:00,Johor,Muar,2.05,102.56,25.8,88,0.0,11.0,3,Clouds generally forming or developing
2026-08-20,04:00:00,Perak,Ipoh,4.6,101.07,25.4,96,0.0,1.2,3,Clouds generally forming or developing
2026-08-20,04:00:00,Kedah,Alor Setar,6.1167,100.3667,27.6,75,0.0,6.5,3,Clouds generally forming or developing
2026-08-20,04:00:00,Kelantan,Kota Bharu,6.1333,102.25,25.8,76,0.0,8.2,3,Clouds generally forming or developing
2026-08-20,04:00:00,Perak,Taiping,4.85,100.7333,25.7,90,0.0,2.7,3,Clouds generally forming or developing
2026-08-20,04:00:00,Sarawak,Miri,4.4028,113.9933,24.8,96,0.0,6.1,1,Clouds generally dissolving or becoming less developed
2026-08-20,03:00:00,Selangor,Shah Alam,3.0833,101.5333,25.5,93,0.0,1.3,51,"Drizzle, not freezing, continuous 	slight at time of observation"
2026-08-20,03:00:00,Johor,Johor Bahru,1.4556,103.7611,23.9,96,0.1,5.1,51,"Drizzle, not freezing, continuous 	slight at time of observation"
2026-08-20,03:00:00,Selangor,Petaling Jaya,3.1073,101.6067,25.2,93,0.0,1.3,3,Clouds generally forming or developing
2026-08-20,03:00:00,Pulau Pinang,Butterworth,5.3992,100.3639,27.1,80,0.0,5.5,3,Clouds generally forming or developing
2026-08-20,03:00:00,Perak,Ipoh,4.6,101.07,25.6,95,0.0,3.1,3,Clouds generally forming or developing
2026-08-20,03:00:00,Sarawak,Bintulu,3.17,113.03,25.5,92,0.0,1.9,0,Cloud development not observed or not observable
2026-08-20,03:00:00,Pahang,Kuala Lipis,4.184,102.042,24.9,91,0.0,3.8,3,Clouds generally forming or developing
2026-08-20,03:00:00,Kedah,Alor Setar,6.1167,100.3667,27.8,73,0.0,7.9,3,Clouds generally forming or developing
2026-08-20,03:00:00,Sabah,Sandakan,5.8388,118.1173,26.9,85,0.1,10.8,51,"Drizzle, not freezing, continuous 	slight at time of observation"
2026-08-20,03:00:00,Perak,Taiping,4.85,100.7333,25.7,88,0.0,3.1,3,Clouds generally forming or developing
2026-08-20,03:00:00,Terengganu,Kuala Terengganu,5.3303,103.1408,24.7,99,0.0,6.0,3,Clouds generally forming or developing
2026-08-20,03:00:00,Pulau Pinang,George Town,5.4145,100.3292,27.4,86,0.0,2.2,3,Clouds generally forming or developing
2026-08-20,03:00:00,Perak,Teluk Intan,4.0259,101.0213,24.5,96,0.0,7.6,3,Clouds generally forming or developing
2026-08-20,03:00:00,Sabah,Tawau,4.2448,117.8911,25.2,88,0.0,6.0,2,State of sky on the whole unchanged
2026-08-20,03:00:00,Putrajaya,Putrajaya,2.93,101.69,24.7,97,0.0,3.3,51,"Drizzle, not freezing, continuous 	slight at time of observation"
2026-08-20,03:00:00,Johor,Kluang,2.0336,103.3194,24.2,97,0.1,3.7,51,"Drizzle, not freezing, continuous 	slight at time of observation"
2026-08-20,03:00:00,Johor,Muar,2.05,102.56,25.5,93,0.0,7.3,3,Clouds generally forming or developing
2026-08-20,03:00:00,Sarawak,Miri,4.4028,113.9933,24.9,96,0.0,7.0,1,Clouds generally dissolving or becoming less developed
2026-08-20,03:00:00,Sarawak,Sibu,2.3,111.8167,25.8,97,0.0,1.5,3,Clouds generally forming or developing
2026-08-20,03:00:00,Perlis,Kangar,6.4333,100.2,28.2,74,0.0,11.4,3,Clouds generally forming or developing
2026-08-20,03:00:00,Negeri Sembilan,Seremban,2.7297,101.9381,24.5,85,0.0,3.4,3,Clouds generally forming or developing
2026-08-20,03:00:00,Selangor,Klang,3.0333,101.45,25.3,97,0.0,1.6,53,"Drizzle, not freezing, continuous 	moderate at time of observation"
2026-08-20,03:00:00,Labuan,Labuan,5.2803,115.2475,26.7,94,0.0,9.9,2,State of sky on the whole unchanged
2026-08-20,03:00:00,Melaka,Melaka,2.1889,102.2511,26.0,82,0.0,11.1,3,Clouds generally forming or developing
2026-08-20,03:00:00,Kuala Lumpur,Kuala Lumpur,3.1478,101.6953,25.5,92,0.0,1.5,3,Clouds generally forming or developing
2026-08-20,03:00:00,Pahang,Raub,3.7931,101.8569,24.7,80,0.0,2.8,3,Clouds generally forming or developing
2026-08-20,03:00:00,Sabah,Kota Kinabalu,5.975,116.0725,24.6,91,0.0,3.7,3,Clouds generally forming or developing
2026-08-20,03:00:00,Pulau Pinang,Bukit Mertajam,5.3631,100.4667,27.0,80,0.0,5.5,3,Clouds generally forming or developing
2026-08-20,03:00:00,Kedah,Sungai Petani,5.65,100.48,24.5,96,0.0,6.0,3,Clouds generally forming or developing
2026-08-20,03:00:00,Sabah,Lahad Datu,5.03,118.34,26.5,84,0.1,3.6,51,"Drizzle, not freezing, continuous 	slight at time of observation"
2026-08-20,03:00:00,Pahang,Kuantan,3.8167,103.3333,25.5,91,0.0,11.0,3,Clouds generally forming or developing
2026-08-20,03:00:00,Johor,Batu Pahat,1.85,102.93,23.9,96,0.0,7.0,3,Clouds generally forming or developing
2026-08-20,03:00:00,Kelantan,Kota Bharu,6.1333,102.25,26.5,73,0.0,9.5,3,Clouds generally forming or developing
2026-08-20,02:00:00,Kedah,Alor Setar,6.1167,100.3667,27.6,72,0.0,9.2,3,Clouds generally forming or developing
2026-08-20,02:00:00,Sabah,Tawau,4.2448,117.8911,25.8,84,0.0,3.2,1,Clouds generally dissolving or becoming less developed
2026-08-20,02:00:00,Sabah,Kota Kinabalu,5.975,116.0725,24.5,94,0.4,5.5,51,"Drizzle, not freezing, continuous 	slight at time of observation"
2026-08-20,02:00:00,Johor,Muar,2.05,102.56,25.4,95,0.0,10.1,3,Clouds generally forming or developing
2026-08-20,02:00:00,Sarawak,Bintulu,3.17,113.03,25.8,91,0.0,2.8,2,State of sky on the whole unchanged
2026-08-20,02:00:00,Perak,Ipoh,4.6,101.07,25.7,93,0.0,4.0,3,Clouds generally forming or developing
2026-08-20,02:00:00,Selangor,Klang,3.0333,101.45,25.6,94,0.0,4.5,3,Clouds generally forming or developing
2026-08-20,02:00:00,Labuan,Labuan,5.2803,115.2475,27.0,94,0.0,6.6,2,State of sky on the whole unchanged
2026-08-20,02:00:00,Sarawak,Miri,4.4028,113.9933,25.0,96,0.0,7.4,1,Clouds generally dissolving or becoming less developed
2026-08-20,02:00:00,Johor,Batu Pahat,1.85,102.93,24.1,95,0.0,7.8,3,Clouds generally forming or developing
2026-08-20,02:00:00,Kuala Lumpur,Kuala Lumpur,3.1478,101.6953,25.4,95,0.0,5.0,3,Clouds generally forming or developing
2026-08-20,02:00:00,Sabah,Sandakan,5.8388,118.1173,27.0,84,0.0,9.4,1,Clouds generally dissolving or becoming less developed
2026-08-20,02:00:00,Sabah,Lahad Datu,5.03,118.34,27.1,80,0.0,5.2,1,Clouds generally dissolving or becoming less developed
2026-08-20,02:00:00,Pulau Pinang,George Town,5.4145,100.3292,27.8,82,0.0,0.4,3,Clouds generally forming or developing
2026-08-20,02:00:00,Kelantan,Kota Bharu,6.1333,102.25,26.9,71,0.0,12.6,3,Clouds generally forming or developing
2026-08-20,02:00:00,Pahang,Kuala Lipis,4.184,102.042,25.4,88,0.0,4.8,3,Clouds generally forming or developing
2026-08-20,02:00:00,Johor,Kluang,2.0336,103.3194,24.4,97,0.0,6.3,3,Clouds generally forming or developing
2026-08-20,02:00:00,Melaka,Melaka,2.1889,102.2511,25.9,87,0.0,10.8,3,Clouds generally forming or developing
2026-08-20,02:00:00,Pulau Pinang,Bukit Mertajam,5.3631,100.4667,27.3,78,0.0,6.0,3,Clouds generally forming or developing
2026-08-20,02:00:00,Negeri Sembilan,Seremban,2.7297,101.9381,24.9,83,0.0,1.9,3,Clouds generally forming or developing
2026-08-20,02:00:00,Putrajaya,Putrajaya,2.93,101.69,25.3,93,0.0,3.3,3,Clouds generally forming or developing
2026-08-20,02:00:00,Pahang,Raub,3.7931,101.8569,25.5,76,0.0,2.8,3,Clouds generally forming or developing
2026-08-20,02:00:00,Perlis,Kangar,6.4333,100.2,28.1,74,0.0,10.1,3,Clouds generally forming or developing
2026-08-20,02:00:00,Kedah,Sungai Petani,5.65,100.48,24.9,95,0.0,5.3,3,Clouds generally forming or developing
2026-08-20,02:00:00,Perak,Taiping,4.85,100.7333,25.7,87,0.0,4.2,3,Clouds generally forming or developing
2026-08-20,02:00:00,Selangor,Shah Alam,3.0833,101.5333,25.7,93,0.0,2.7,3,Clouds generally forming or developing
2026-08-20,02:00:00,Selangor,Petaling Jaya,3.1073,101.6067,25.2,93,0.0,4.5,3,Clouds generally forming or developing
2026-08-20,02:00:00,Terengganu,Kuala Terengganu,5.3303,103.1408,25.0,98,0.0,9.5,3,Clouds generally forming or developing
2026-08-20,02:00:00,Sarawak,Sibu,2.3,111.8167,25.9,99,0.0,1.5,3,Clouds generally forming or developing
2026-08-20,02:00:00,Perak,Teluk Intan,4.0259,101.0213,24.9,95,0.0,8.3,3,Clouds generally forming or developing
2026-08-20,02:00:00,Johor,Johor Bahru,1.4556,103.7611,24.1,95,0.0,5.6,3,Clouds generally forming or developing
2026-08-20,02:00:00,Pulau Pinang,Butterworth,5.3992,100.3639,27.3,78,0.0,6.0,3,Clouds generally forming or developing
2026-08-20,02:00:00,Pahang,Kuantan,3.8167,103.3333,25.7,94,0.0,9.8,3,Clouds generally forming or developing
2026-08-20,01:00:00,Sarawak,Sibu,2.3,111.8167,26.1,99,0.0,2.8,3,Clouds generally forming or developing
2026-08-20,01:00:00,Kedah,Alor Setar,6.1167,100.3667,28.0,69,0.0,10.2,3,Clouds generally forming or developing
2026-08-20,01:00:00,Negeri Sembilan,Seremban,2.7297,101.9381,24.6,85,0.0,8.9,2,State of sky on the whole unchanged
2026-08-20,01:00:00,Johor,Batu Pahat,1.85,102.93,23.8,97,0.0,7.5,3,Clouds generally forming or developing
2026-08-20,01:00:00,Perlis,Kangar,6.4333,100.2,28.2,72,0.0,9.9,3,Clouds generally forming or developing
2026-08-20,01:00:00,Pulau Pinang,Butterworth,5.3992,100.3639,28.9,70,0.0,7.6,3,Clouds generally forming or developing
2026-08-20,01:00:00,Perak,Teluk Intan,4.0259,101.0213,25.0,95,0.1,7.9,51,"Drizzle, not freezing, continuous 	slight at time of observation"
2026-08-20,01:00:00,Melaka,Melaka,2.1889,102.2511,25.0,87,0.0,7.8,3,Clouds generally forming or developing
2026-08-20,01:00:00,Kelantan,Kota Bharu,6.1333,102.25,27.8,66,0.0,11.7,3,Clouds generally forming or developing
2026-08-20,01:00:00,Labuan,Labuan,5.2803,115.2475,26.6,93,0.1,9.0,51,"Drizzle, not freezing, continuous 	slight at time of observation"
2026-08-20,01:00:00,Putrajaya,Putrajaya,2.93,101.69,24.4,95,0.0,7.7,3,Clouds generally forming or developing
2026-08-20,01:00:00,Kedah,Sungai Petani,5.65,100.48,26.6,80,0.0,0.4,3,Clouds generally forming or developing
2026-08-20,01:00:00,Pulau Pinang,Bukit Mertajam,5.3631,100.4667,28.8,70,0.0,7.6,3,Clouds generally forming or developing
2026-08-20,01:00:00,Sabah,Tawau,4.2448,117.8911,26.0,84,0.0,3.6,0,Cloud development not observed or not observable
2026-08-20,01:00:00,Terengganu,Kuala Terengganu,5.3303,103.1408,25.4,97,0.0,7.4,3,Clouds generally forming or developing
2026-08-20,01:00:00,Sabah,Lahad Datu,5.03,118.34,27.4,77,0.0,8.1,0,Cloud development not observed or not observable
2026-08-20,01:00:00,Sabah,Kota Kinabalu,5.975,116.0725,23.9,95,1.2,6.9,81,"Rain shower(s), moderate or heavy"
2026-08-20,01:00:00,Sabah,Sandakan,5.8388,118.1173,27.3,82,0.0,10.9,0,Cloud development not observed or not observable
2026-08-20,01:00:00,Sarawak,Bintulu,3.17,113.03,26.0,90,0.0,3.5,2,State of sky on the whole unchanged
2026-08-20,01:00:00,Selangor,Shah Alam,3.0833,101.5333,24.8,93,0.0,8.6,3,Clouds generally forming or developing
2026-08-20,01:00:00,Selangor,Petaling Jaya,3.1073,101.6067,24.5,96,0.0,6.9,3,Clouds generally forming or developing
2026-08-20,01:00:00,Pulau Pinang,George Town,5.4145,100.3292,27.6,81,0.0,3.0,3,Clouds generally forming or developing
2026-08-20,01:00:00,Johor,Kluang,2.0336,103.3194,24.9,89,0.0,7.3,3,Clouds generally forming or developing
2026-08-20,01:00:00,Johor,Muar,2.05,102.56,24.6,95,0.2,2.6,51,"Drizzle, not freezing, continuous 	slight at time of observation"
2026-08-20,01:00:00,Pahang,Kuala Lipis,4.184,102.042,25.9,91,0.0,5.4,3,Clouds generally forming or developing
2026-08-20,01:00:00,Sarawak,Miri,4.4028,113.9933,24.6,94,0.2,9.9,51,"Drizzle, not freezing, continuous 	slight at time of observation"
2026-08-20,01:00:00,Pahang,Kuantan,3.8167,103.3333,26.3,92,0.0,8.7,3,Clouds generally forming or developing
2026-08-20,01:00:00,Perak,Taiping,4.85,100.7333,25.8,89,0.0,5.2,3,Clouds generally forming or developing
2026-08-20,01:00:00,Perak,Ipoh,4.6,101.07,25.9,99,0.0,3.4,3,Clouds generally forming or developing
2026-08-20,01:00:00,Pahang,Raub,3.7931,101.8569,25.7,72,0.0,5.1,3,Clouds generally forming or developing
2026-08-20,01:00:00,Selangor,Klang,3.0333,101.45,24.8,95,0.0,9.6,3,Clouds generally forming or developing
2026-08-20,01:00:00,Kuala Lumpur,Kuala Lumpur,3.1478,101.6953,24.6,96,0.0,6.7,3,Clouds generally forming or developing
2026-08-20,01:00:00,Johor,Johor Bahru,1.4556,103.7611,26.0,83,0.0,4.2,3,Clouds generally forming or developing
2026-08-20,00:00:00,Pulau Pinang,George Town,5.4145,100.3292,27.8,79,0.0,3.6,3,Clouds generally forming or developing
2026-08-20,00:00:00,Labuan,Labuan,5.2803,115.2475,26.4,93,0.4,11.3,51,"Drizzle, not freezing, continuous 	slight at time of observation"
2026-08-20,00:00:00,Sabah,Lahad Datu,5.03,118.34,27.6,77,0.0,10.8,0,Cloud development not observed or not observable
2026-08-20,00:00:00,Kuala Lumpur,Kuala Lumpur,3.1478,101.6953,24.3,96,0.2,5.9,51,"Drizzle, not freezing, continuous 	slight at time of observation"
2026-08-20,00:00:00,Sabah,Kota Kinabalu,5.975,116.0725,24.7,91,0.0,16.6,80,"Rain shower(s), slight"
2026-08-20,00:00:00,Perak,Ipoh,4.6,101.07,26.0,99,0.0,0.7,3,Clouds generally forming or developing
2026-08-20,00:00:00,Terengganu,Kuala Terengganu,5.3303,103.1408,25.7,96,0.1,7.7,51,"Drizzle, not freezing, continuous 	slight at time of observation"
2026-08-20,00:00:00,Selangor,Petaling Jaya,3.1073,101.6067,24.3,96,0.1,5.5,51,"Drizzle, not freezing, continuous 	slight at time of observation"
2026-08-20,00:00:00,Kedah,Sungai Petani,5.65,100.48,27.3,75,0.0,1.3,3,Clouds generally forming or developing
2026-08-20,00:00:00,Putrajaya,Putrajaya,2.93,101.69,24.6,95,0.0,8.6,3,Clouds generally forming or developing
2026-08-20,00:00:00,Selangor,Shah Alam,3.0833,101.5333,24.9,92,0.1,8.3,51,"Drizzle, not freezing, continuous 	slight at time of observation"
2026-08-20,00:00:00,Pahang,Kuala Lipis,4.184,102.042,26.4,89,0.0,3.1,3,Clouds generally forming or developing
2026-08-20,00:00:00,Sabah,Sandakan,5.8388,118.1173,27.6,82,0.0,10.1,0,Cloud development not observed or not observable
2026-08-20,00:00:00,Johor,Kluang,2.0336,103.3194,25.6,87,0.1,10.2,51,"Drizzle, not freezing, continuous 	slight at time of observation"
2026-08-20,00:00:00,Pahang,Kuantan,3.8167,103.3333,26.4,95,0.0,7.8,3,Clouds generally forming or developing
2026-08-20,00:00:00,Selangor,Klang,3.0333,101.45,25.0,95,0.0,9.0,3,Clouds generally forming or developing
2026-08-20,00:00:00,Perak,Teluk Intan,4.0259,101.0213,25.7,94,0.2,9.9,51,"Drizzle, not freezing, continuous 	slight at time of observation"
2026-08-20,00:00:00,Johor,Muar,2.05,102.56,24.6,96,0.1,12.2,51,"Drizzle, not freezing, continuous 	slight at time of observation"
2026-08-20,00:00:00,Kelantan,Kota Bharu,6.1333,102.25,27.7,66,0.0,12.2,3,Clouds generally forming or developing
2026-08-20,00:00:00,Johor,Batu Pahat,1.85,102.93,24.3,96,0.1,7.5,51,"Drizzle, not freezing, continuous 	slight at time of observation"
2026-08-20,00:00:00,Johor,Johor Bahru,1.4556,103.7611,26.2,81,0.0,4.5,3,Clouds generally forming or developing
2026-08-20,00:00:00,Pahang,Raub,3.7931,101.8569,26.7,67,0.0,6.5,3,Clouds generally forming or developing
2026-08-20,00:00:00,Melaka,Melaka,2.1889,102.2511,25.6,86,0.0,10.4,3,Clouds generally forming or developing
2026-08-20,00:00:00,Sarawak,Sibu,2.3,111.8167,26.2,100,0.0,2.2,3,Clouds generally forming or developing
2026-08-20,00:00:00,Kedah,Alor Setar,6.1167,100.3667,28.2,70,0.0,10.3,3,Clouds generally forming or developing
2026-08-20,00:00:00,Perak,Taiping,4.85,100.7333,26.4,85,0.0,4.1,3,Clouds generally forming or developing
2026-08-20,00:00:00,Perlis,Kangar,6.4333,100.2,28.5,71,0.0,11.2,3,Clouds generally forming or developing
2026-08-20,00:00:00,Sabah,Tawau,4.2448,117.8911,25.9,84,0.0,4.1,1,Clouds generally dissolving or becoming less developed
2026-08-20,00:00:00,Sarawak,Bintulu,3.17,113.03,26.9,87,0.0,1.1,1,Clouds generally dissolving or becoming less developed
2026-08-20,00:00:00,Pulau Pinang,Bukit Mertajam,5.3631,100.4667,29.3,66,0.0,6.7,3,Clouds generally forming or developing
2026-08-20,00:00:00,Sarawak,Miri,4.4028,113.9933,25.4,90,0.1,14.9,51,"Drizzle, not freezing, continuous 	slight at time of observation"
2026-08-20,00:00:00,Negeri Sembilan,Seremban,2.7297,101.9381,24.6,84,0.0,10.3,3,Clouds generally forming or developing
2026-08-20,00:00:00,Pulau Pinang,Butterworth,5.3992,100.3639,29.3,66,0.0,6.7,3,Clouds generally forming or developing
2026-08-20,14:00:00,Pulau Pinang,Bukit Mertajam,5.3631,100.4667,32.5,52,0.0,12.5,3,Clouds generally forming or developing
2026-08-20,14:00:00,Johor,Batu Pahat,1.85,102.93,31.8,58,0.0,12.2,3,Clouds generally forming or developing
2026-08-20,14:00:00,Selangor,Shah Alam,3.0833,101.5333,31.8,60,0.0,5.1,3,Clouds generally forming or developing
2026-08-20,14:00:00,Pahang,Raub,3.7931,101.8569,32.3,41,0.0,7.8,3,Clouds generally forming or developing
2026-08-20,14:00:00,Labuan,Labuan,5.2803,115.2475,29.6,72,0.0,6.6,3,Clouds generally forming or developing
2026-08-20,14:00:00,Kedah,Alor Setar,6.1167,100.3667,31.2,66,0.0,11.5,1,Clouds generally dissolving or becoming less developed
2026-08-20,14:00:00,Perak,Taiping,4.85,100.7333,31.3,59,0.0,6.9,3,Clouds generally forming or developing
2026-08-20,14:00:00,Perak,Teluk Intan,4.0259,101.0213,29.5,67,0.0,7.0,3,Clouds generally forming or developing
2026-08-20,14:00:00,Kelantan,Kota Bharu,6.1333,102.25,32.1,59,0.0,3.2,3,Clouds generally forming or developing
2026-08-20,14:00:00,Johor,Kluang,2.0336,103.3194,31.9,58,0.0,14.0,3,Clouds generally forming or developing
2026-08-20,14:00:00,Sabah,Sandakan,5.8388,118.1173,32.2,58,0.0,7.7,2,State of sky on the whole unchanged
2026-08-20,14:00:00,Negeri Sembilan,Seremban,2.7297,101.9381,33.3,46,0.0,10.6,3,Clouds generally forming or developing
2026-08-20,14:00:00,Kuala Lumpur,Kuala Lumpur,3.1478,101.6953,32.9,52,0.0,4.2,3,Clouds generally forming or developing
2026-08-20,14:00:00,Perlis,Kangar,6.4333,100.2,31.8,62,0.0,13.2,3,Clouds generally forming or developing
2026-08-20,14:00:00,Terengganu,Cukai,4.2332,103.4479,31.7,66,0.0,14.9,2,State of sky on the whole unchanged
2026-08-20,14:00:00,Melaka,Melaka,2.1889,102.2511,32.4,53,0.0,12.6,3,Clouds generally forming or developing
2026-08-20,14:00:00,Kedah,Sungai Petani,5.65,100.48,32.2,59,0.0,9.4,3,Clouds generally forming or developing
2026-08-20,14:00:00,Putrajaya,Putrajaya,2.93,101.69,32.2,56,0.0,8.2,3,Clouds generally forming or developing
2026-08-20,14:00:00,Terengganu,Kuala Terengganu,5.3303,103.1408,31.5,66,0.0,4.0,3,Clouds generally forming or developing
2026-08-20,14:00:00,Pulau Pinang,George Town,5.4145,100.3292,31.4,61,0.0,10.2,3,Clouds generally forming or developing
2026-08-20,14:00:00,Pulau Pinang,Butterworth,5.3992,100.3639,32.5,52,0.0,12.5,3,Clouds generally forming or developing
2026-08-20,14:00:00,Pahang,Kuala Lipis,4.184,102.042,31.3,55,0.0,4.7,3,Clouds generally forming or developing
2026-08-20,14:00:00,Sarawak,Sibu,2.3,111.8167,32.1,67,0.0,5.1,51,"Drizzle, not freezing, continuous 	slight at time of observation"
2026-08-20,14:00:00,Sarawak,Bintulu,3.17,113.03,30.5,76,0.0,7.3,51,"Drizzle, not freezing, continuous 	slight at time of observation"
2026-08-20,14:00:00,Selangor,Petaling Jaya,3.1073,101.6067,32.0,56,0.0,4.4,3,Clouds generally forming or developing
2026-08-20,14:00:00,Selangor,Klang,3.0333,101.45,32.6,55,0.0,6.0,3,Clouds generally forming or developing
2026-08-20,14:00:00,Sarawak,Miri,4.4028,113.9933,30.0,73,0.2,11.9,51,"Drizzle, not freezing, continuous 	slight at time of observation"
2026-08-20,14:00:00,Sabah,Tawau,4.2448,117.8911,29.5,73,0.1,9.1,51,"Drizzle, not freezing, continuous 	slight at time of observation"
2026-08-20,14:00:00,Pahang,Kuantan,3.8167,103.3333,33.2,55,0.0,12.3,1,Clouds generally dissolving or becoming less developed
2026-08-20,14:00:00,Johor,Johor Bahru,1.4556,103.7611,32.6,56,0.1,13.4,51,"Drizzle, not freezing, continuous 	slight at time of observation"
2026-08-20,14:00:00,Sarawak,Kuching,1.5397,110.3542,33.2,53,0.0,8.3,1,Clouds generally dissolving or becoming less developed
2026-08-20,14:00:00,Perak,Ipoh,4.6,101.07,31.1,60,0.0,5.0,3,Clouds generally forming or developing
2026-08-20,14:00:00,Sabah,Lahad Datu,5.03,118.34,29.2,71,0.1,11.6,51,"Drizzle, not freezing, continuous 	slight at time of observation"
2026-08-20,13:00:00,Selangor,Klang,3.0333,101.45,31.2,64,0.0,4.1,3,Clouds generally forming or developing
2026-08-20,13:00:00,Terengganu,Cukai,4.2332,103.4479,31.3,66,0.0,14.2,1,Clouds generally dissolving or becoming less developed
2026-08-20,13:00:00,Perak,Teluk Intan,4.0259,101.0213,28.9,73,0.0,6.0,3,Clouds generally forming or developing
2026-08-20,13:00:00,Pahang,Kuantan,3.8167,103.3333,31.8,62,0.0,11.7,1,Clouds generally dissolving or becoming less developed
2026-08-20,13:00:00,Selangor,Petaling Jaya,3.1073,101.6067,30.6,62,0.0,2.3,3,Clouds generally forming or developing
2026-08-20,13:00:00,Johor,Batu Pahat,1.85,102.93,31.4,58,0.0,13.9,3,Clouds generally forming or developing
2026-08-20,13:00:00,Melaka,Melaka,2.1889,102.2511,32.6,50,0.0,13.8,3,Clouds generally forming or developing
2026-08-20,13:00:00,Sarawak,Sibu,2.3,111.8167,32.1,68,0.0,5.4,51,"Drizzle, not freezing, continuous 	slight at time of observation"
2026-08-20,13:00:00,Selangor,Shah Alam,3.0833,101.5333,30.4,67,0.0,3.5,3,Clouds generally forming or developing
2026-08-20,13:00:00,Sabah,Lahad Datu,5.03,118.34,29.6,71,0.0,10.2,51,"Drizzle, not freezing, continuous 	slight at time of observation"
2026-08-20,13:00:00,Kelantan,Kota Bharu,6.1333,102.25,31.5,60,0.0,7.7,3,Clouds generally forming or developing
2026-08-20,13:00:00,Pulau Pinang,George Town,5.4145,100.3292,31.7,62,0.0,10.1,3,Clouds generally forming or developing
2026-08-20,13:00:00,Negeri Sembilan,Seremban,2.7297,101.9381,32.9,50,0.0,10.2,3,Clouds generally forming or developing
2026-08-20,13:00:00,Johor,Kluang,2.0336,103.3194,31.6,59,0.0,14.9,51,"Drizzle, not freezing, continuous 	slight at time of observation"
2026-08-20,13:00:00,Sarawak,Bintulu,3.17,113.03,30.3,76,0.0,3.8,51,"Drizzle, not freezing, continuous 	slight at time of observation"
2026-08-20,13:00:00,Pulau Pinang,Bukit Mertajam,5.3631,100.4667,32.5,52,0.0,11.4,3,Clouds generally forming or developing
2026-08-20,13:00:00,Kedah,Sungai Petani,5.65,100.48,31.9,61,0.0,8.5,3,Clouds generally forming or developing
2026-08-20,13:00:00,Labuan,Labuan,5.2803,115.2475,29.1,74,0.2,5.9,51,"Drizzle, not freezing, continuous 	slight at time of observation"
2026-08-20,13:00:00,Pulau Pinang,Butterworth,5.3992,100.3639,32.5,52,0.0,11.4,3,Clouds generally forming or developing
2026-08-20,13:00:00,Kedah,Alor Setar,6.1167,100.3667,30.9,67,0.0,9.9,2,State of sky on the whole unchanged
2026-08-20,13:00:00,Sabah,Tawau,4.2448,117.8911,29.6,72,0.2,8.1,53,"Drizzle, not freezing, continuous 	moderate at time of observation"
2026-08-20,13:00:00,Perak,Taiping,4.85,100.7333,31.7,60,0.0,5.8,3,Clouds generally forming or developing
2026-08-20,13:00:00,Perak,Ipoh,4.6,101.07,31.3,59,0.0,3.9,3,Clouds generally forming or developing
2026-08-20,13:00:00,Johor,Johor Bahru,1.4556,103.7611,32.1,57,0.1,14.7,51,"Drizzle, not freezing, continuous 	slight at time of observation"
2026-08-20,13:00:00,Sarawak,Miri,4.4028,113.9933,31.3,67,0.0,10.0,1,Clouds generally dissolving or becoming less developed
2026-08-20,13:00:00,Pahang,Raub,3.7931,101.8569,31.4,47,0.0,5.8,3,Clouds generally forming or developing
2026-08-20,13:00:00,Terengganu,Kuala Terengganu,5.3303,103.1408,32.0,65,0.0,1.0,3,Clouds generally forming or developing
2026-08-20,13:00:00,Kuala Lumpur,Kuala Lumpur,3.1478,101.6953,31.3,59,0.0,0.7,3,Clouds generally forming or developing
2026-08-20,13:00:00,Putrajaya,Putrajaya,2.93,101.69,31.4,61,0.0,6.4,3,Clouds generally forming or developing
2026-08-20,13:00:00,Perlis,Kangar,6.4333,100.2,31.3,64,0.0,13.5,3,Clouds generally forming or developing
2026-08-20,13:00:00,Sabah,Sandakan,5.8388,118.1173,31.9,60,0.0,9.0,1,Clouds generally dissolving or becoming less developed
2026-08-20,13:00:00,Pahang,Kuala Lipis,4.184,102.042,30.3,59,0.0,3.1,3,Clouds generally forming or developing
2026-08-20,13:00:00,Sarawak,Kuching,1.5397,110.3542,33.1,55,0.0,8.2,1,Clouds generally dissolving or becoming less developed
2026-08-20,12:00:00,Sarawak,Sibu,2.3,111.8167,31.6,71,0.0,4.6,51,"Drizzle, not freezing, continuous 	slight at time of observation"
2026-08-20,12:00:00,Pahang,Kuala Lipis,4.184,102.042,29.8,61,0.0,0.9,3,Clouds generally forming or developing
2026-08-20,12:00:00,Kuala Lumpur,Kuala Lumpur,3.1478,101.6953,30.2,62,0.0,1.3,3,Clouds generally forming or developing
2026-08-20,12:00:00,Sarawak,Miri,4.4028,113.9933,31.2,69,0.0,5.8,2,State of sky on the whole unchanged
2026-08-20,12:00:00,Terengganu,Cukai,4.2332,103.4479,30.6,66,0.0,12.6,3,Clouds generally forming or developing
2026-08-20,12:00:00,Pahang,Kuantan,3.8167,103.3333,30.2,68,0.0,12.0,3,Clouds generally forming or developing
2026-08-20,12:00:00,Negeri Sembilan,Seremban,2.7297,101.9381,32.2,54,0.0,7.3,3,Clouds generally forming or developing
2026-08-20,12:00:00,Pulau Pinang,George Town,5.4145,100.3292,31.3,65,0.0,6.7,3,Clouds generally forming or developing
2026-08-20,12:00:00,Selangor,Shah Alam,3.0833,101.5333,29.6,70,0.0,3.9,3,Clouds generally forming or developing
2026-08-20,12:00:00,Kedah,Sungai Petani,5.65,100.48,31.3,63,0.0,5.9,3,Clouds generally forming or developing
2026-08-20,12:00:00,Johor,Kluang,2.0336,103.3194,30.7,63,0.0,13.6,51,"Drizzle, not freezing, continuous 	slight at time of observation"
2026-08-20,12:00:00,Kelantan,Kota Bharu,6.1333,102.25,30.6,63,0.0,8.5,3,Clouds generally forming or developing
2026-08-20,12:00:00,Kedah,Alor Setar,6.1167,100.3667,30.0,71,0.0,7.2,3,Clouds generally forming or developing
2026-08-20,12:00:00,Sarawak,Bintulu,3.17,113.03,29.8,79,0.0,1.3,51,"Drizzle, not freezing, continuous 	slight at time of observation"
2026-08-20,12:00:00,Sabah,Tawau,4.2448,117.8911,29.9,70,0.1,7.7,51,"Drizzle, not freezing, continuous 	slight at time of observation"
2026-08-20,12:00:00,Pulau Pinang,Bukit Mertajam,5.3631,100.4667,32.1,54,0.0,8.1,3,Clouds generally forming or developing
2026-08-20,12:00:00,Pulau Pinang,Butterworth,5.3992,100.3639,32.1,54,0.0,8.1,3,Clouds generally forming or developing
2026-08-20,12:00:00,Terengganu,Kuala Terengganu,5.3303,103.1408,31.5,67,0.0,2.7,2,State of sky on the whole unchanged
2026-08-20,12:00:00,Sabah,Lahad Datu,5.03,118.34,29.8,70,0.0,10.6,1,Clouds generally dissolving or becoming less developed
2026-08-20,12:00:00,Perlis,Kangar,6.4333,100.2,31.0,64,0.0,13.3,3,Clouds generally forming or developing
2026-08-20,12:00:00,Pahang,Raub,3.7931,101.8569,30.3,53,0.0,4.4,3,Clouds generally forming or developing
2026-08-20,12:00:00,Selangor,Klang,3.0333,101.45,30.2,69,0.0,4.3,3,Clouds generally forming or developing
2026-08-20,12:00:00,Labuan,Labuan,5.2803,115.2475,27.8,81,0.3,9.4,53,"Drizzle, not freezing, continuous 	moderate at time of observation"
2026-08-20,12:00:00,Perak,Ipoh,4.6,101.07,30.8,62,0.0,2.1,3,Clouds generally forming or developing
2026-08-20,12:00:00,Putrajaya,Putrajaya,2.93,101.69,30.1,69,0.0,3.7,3,Clouds generally forming or developing
2026-08-20,12:00:00,Perak,Teluk Intan,4.0259,101.0213,28.2,77,0.0,4.7,3,Clouds generally forming or developing
2026-08-20,12:00:00,Perak,Taiping,4.85,100.7333,30.7,65,0.0,4.2,3,Clouds generally forming or developing
2026-08-20,12:00:00,Johor,Batu Pahat,1.85,102.93,30.8,63,0.0,13.3,3,Clouds generally forming or developing
2026-08-20,12:00:00,Sabah,Sandakan,5.8388,118.1173,31.4,61,0.0,10.2,0,Cloud development not observed or not observable
2026-08-20,12:00:00,Johor,Johor Bahru,1.4556,103.7611,31.6,59,0.1,12.6,51,"Drizzle, not freezing, continuous 	slight at time of observation"
2026-08-20,12:00:00,Melaka,Melaka,2.1889,102.2511,32.2,52,0.0,13.6,3,Clouds generally forming or developing
2026-08-20,12:00:00,Sarawak,Kuching,1.5397,110.3542,32.3,60,0.0,7.5,0,Cloud development not observed or not observable
2026-08-20,12:00:00,Selangor,Petaling Jaya,3.1073,101.6067,29.7,66,0.0,2.9,3,Clouds generally forming or developing
2026-08-20,11:00:00,Selangor,Shah Alam,3.0833,101.5333,28.4,75,0.0,4.7,3,Clouds generally forming or developing
2026-08-20,11:00:00,Kedah,Sungai Petani,5.65,100.48,29.9,69,0.0,3.0,3,Clouds generally forming or developing
2026-08-20,11:00:00,Sabah,Tawau,4.2448,117.8911,29.0,74,0.1,7.9,51,"Drizzle, not freezing, continuous 	slight at time of observation"
2026-08-20,11:00:00,Sarawak,Sibu,2.3,111.8167,30.8,74,0.0,3.8,0,Cloud development not observed or not observable
2026-08-20,11:00:00,Perak,Taiping,4.85,100.7333,29.5,71,0.0,3.3,3,Clouds generally forming or developing
2026-08-20,11:00:00,Labuan,Labuan,5.2803,115.2475,29.9,70,0.0,10.9,51,"Drizzle, not freezing, continuous 	slight at time of observation"
2026-08-20,11:00:00,Terengganu,Kuala Terengganu,5.3303,103.1408,30.1,75,0.0,3.6,2,State of sky on the whole unchanged
2026-08-20,11:00:00,Pahang,Raub,3.7931,101.8569,28.9,59,0.0,4.0,3,Clouds generally forming or developing
2026-08-20,11:00:00,Terengganu,Cukai,4.2332,103.4479,29.6,69,0.0,10.9,3,Clouds generally forming or developing
2026-08-20,11:00:00,Perak,Ipoh,4.6,101.07,28.3,75,0.0,3.0,3,Clouds generally forming or developing
2026-08-20,11:00:00,Sabah,Sandakan,5.8388,118.1173,30.6,65,0.0,12.2,0,Cloud development not observed or not observable
2026-08-20,11:00:00,Kedah,Alor Setar,6.1167,100.3667,29.8,75,0.0,5.7,3,Clouds generally forming or developing
2026-08-20,11:00:00,Sarawak,Kuching,1.5397,110.3542,31.1,69,0.0,6.8,0,Cloud development not observed or not observable
2026-08-20,11:00:00,Pulau Pinang,Butterworth,5.3992,100.3639,31.3,58,0.0,5.6,3,Clouds generally forming or developing
2026-08-20,11:00:00,Kelantan,Kota Bharu,6.1333,102.25,30.3,64,0.0,9.4,3,Clouds generally forming or developing
2026-08-20,11:00:00,Kuala Lumpur,Kuala Lumpur,3.1478,101.6953,28.7,69,0.0,2.5,3,Clouds generally forming or developing
2026-08-20,11:00:00,Melaka,Melaka,2.1889,102.2511,31.5,56,0.0,12.7,3,Clouds generally forming or developing
2026-08-20,11:00:00,Johor,Batu Pahat,1.85,102.93,30.9,60,0.0,12.6,3,Clouds generally forming or developing
2026-08-20,11:00:00,Selangor,Petaling Jaya,3.1073,101.6067,28.1,75,0.0,3.7,3,Clouds generally forming or developing
2026-08-20,11:00:00,Perlis,Kangar,6.4333,100.2,30.6,66,0.0,13.4,3,Clouds generally forming or developing
2026-08-20,11:00:00,Pulau Pinang,Bukit Mertajam,5.3631,100.4667,31.2,58,0.0,5.6,3,Clouds generally forming or developing
2026-08-20,11:00:00,Johor,Johor Bahru,1.4556,103.7611,30.7,65,0.0,11.2,51,"Drizzle, not freezing, continuous 	slight at time of observation"
2026-08-20,11:00:00,Perak,Teluk Intan,4.0259,101.0213,28.3,75,0.0,4.3,3,Clouds generally forming or developing
2026-08-20,11:00:00,Sabah,Lahad Datu,5.03,118.34,30.0,69,0.0,11.2,0,Cloud development not observed or not observable
2026-08-20,11:00:00,Johor,Kluang,2.0336,103.3194,29.2,74,0.0,11.0,3,Clouds generally forming or developing
2026-08-20,11:00:00,Pahang,Kuantan,3.8167,103.3333,29.1,72,0.0,11.0,3,Clouds generally forming or developing
2026-08-20,11:00:00,Pulau Pinang,George Town,5.4145,100.3292,30.2,70,0.0,4.4,3,Clouds generally forming or developing
2026-08-20,11:00:00,Selangor,Klang,3.0333,101.45,28.9,73,0.0,4.7,3,Clouds generally forming or developing
2026-08-20,11:00:00,Negeri Sembilan,Seremban,2.7297,101.9381,30.7,61,0.0,3.2,3,Clouds generally forming or developing
2026-08-20,11:00:00,Pahang,Kuala Lipis,4.184,102.042,29.8,63,0.0,0.4,3,Clouds generally forming or developing
2026-08-20,11:00:00,Sarawak,Bintulu,3.17,113.03,28.8,81,0.0,2.0,51,"Drizzle, not freezing, continuous 	slight at time of observation"
2026-08-20,11:00:00,Sarawak,Miri,4.4028,113.9933,30.3,72,0.0,5.2,1,Clouds generally dissolving or becoming less developed
2026-08-20,11:00:00,Putrajaya,Putrajaya,2.93,101.69,28.8,74,0.0,3.2,3,Clouds generally forming or developing
2026-08-20,10:00:00,Perak,Teluk Intan,4.0259,101.0213,27.5,80,0.0,3.6,3,Clouds generally forming or developing
2026-08-20,10:00:00,Sabah,Sandakan,5.8388,118.1173,29.6,71,0.0,11.8,51,"Drizzle, not freezing, continuous 	slight at time of observation"
2026-08-20,10:00:00,Perlis,Kangar,6.4333,100.2,30.1,67,0.0,12.2,3,Clouds generally forming or developing
2026-08-20,10:00:00,Putrajaya,Putrajaya,2.93,101.69,27.2,82,0.0,4.4,3,Clouds generally forming or developing
2026-08-20,10:00:00,Perak,Taiping,4.85,100.7333,27.9,81,0.0,3.0,3,Clouds generally forming or developing
2026-08-20,10:00:00,Pulau Pinang,Bukit Mertajam,5.3631,100.4667,30.4,63,0.0,5.0,3,Clouds generally forming or developing
2026-08-20,10:00:00,Pahang,Raub,3.7931,101.8569,28.6,61,0.0,3.9,3,Clouds generally forming or developing
2026-08-20,10:00:00,Johor,Batu Pahat,1.85,102.93,29.8,66,0.0,10.1,3,Clouds generally forming or developing
2026-08-20,10:00:00,Sarawak,Sibu,2.3,111.8167,29.7,79,0.0,3.1,1,Clouds generally dissolving or becoming less developed
2026-08-20,10:00:00,Sarawak,Miri,4.4028,113.9933,28.7,78,0.1,8.0,51,"Drizzle, not freezing, continuous 	slight at time of observation"
2026-08-20,10:00:00,Sabah,Lahad Datu,5.03,118.34,29.2,70,0.1,12.0,51,"Drizzle, not freezing, continuous 	slight at time of observation"
2026-08-20,10:00:00,Kedah,Alor Setar,6.1167,100.3667,28.6,80,0.0,5.1,3,Clouds generally forming or developing
2026-08-20,10:00:00,Johor,Kluang,2.0336,103.3194,27.9,84,0.0,8.3,3,Clouds generally forming or developing
2026-08-20,10:00:00,Terengganu,Cukai,4.2332,103.4479,28.1,76,0.0,9.4,3,Clouds generally forming or developing
2026-08-20,10:00:00,Sarawak,Bintulu,3.17,113.03,27.8,88,0.1,7.8,51,"Drizzle, not freezing, continuous 	slight at time of observation"
2026-08-20,10:00:00,Labuan,Labuan,5.2803,115.2475,30.6,67,0.0,1.5,3,Clouds generally forming or developing
2026-08-20,10:00:00,Sabah,Tawau,4.2448,117.8911,27.7,80,0.1,8.3,51,"Drizzle, not freezing, continuous 	slight at time of observation"
2026-08-20,10:00:00,Pahang,Kuala Lipis,4.184,102.042,28.7,68,0.0,3.2,3,Clouds generally forming or developing
2026-08-20,10:00:00,Negeri Sembilan,Seremban,2.7297,101.9381,28.7,70,0.0,1.3,3,Clouds generally forming or developing
2026-08-20,10:00:00,Terengganu,Kuala Terengganu,5.3303,103.1408,28.7,81,0.0,4.7,3,Clouds generally forming or developing
2026-08-20,10:00:00,Kelantan,Kota Bharu,6.1333,102.25,29.6,67,0.0,9.5,3,Clouds generally forming or developing
2026-08-20,10:00:00,Sarawak,Kuching,1.5397,110.3542,29.4,77,0.0,5.4,3,Clouds generally forming or developing
2026-08-20,10:00:00,Johor,Johor Bahru,1.4556,103.7611,29.3,74,0.0,7.2,3,Clouds generally forming or developing
2026-08-20,10:00:00,Kuala Lumpur,Kuala Lumpur,3.1478,101.6953,26.9,81,0.0,1.9,3,Clouds generally forming or developing
2026-08-20,10:00:00,Pahang,Kuantan,3.8167,103.3333,27.6,77,0.0,10.4,3,Clouds generally forming or developing
2026-08-20,10:00:00,Selangor,Klang,3.0333,101.45,27.5,81,0.0,5.2,3,Clouds generally forming or developing
2026-08-20,10:00:00,Selangor,Petaling Jaya,3.1073,101.6067,26.3,88,0.0,2.7,3,Clouds generally forming or developing
2026-08-20,10:00:00,Selangor,Shah Alam,3.0833,101.5333,26.8,84,0.0,4.8,3,Clouds generally forming or developing
2026-08-20,10:00:00,Pulau Pinang,George Town,5.4145,100.3292,29.4,75,0.0,3.7,3,Clouds generally forming or developing
2026-08-20,10:00:00,Kedah,Sungai Petani,5.65,100.48,28.5,74,0.0,3.1,3,Clouds generally forming or developing
2026-08-20,10:00:00,Perak,Ipoh,4.6,101.07,27.4,80,0.0,3.8,3,Clouds generally forming or developing
2026-08-20,10:00:00,Melaka,Melaka,2.1889,102.2511,30.5,63,0.0,9.9,3,Clouds generally forming or developing
2026-08-20,10:00:00,Pulau Pinang,Butterworth,5.3992,100.3639,30.4,63,0.0,5.0,3,Clouds generally forming or developing
2026-08-20,09:00:00,Perlis,Kangar,6.4333,100.2,29.1,72,0.0,10.8,3,Clouds generally forming or developing
2026-08-20,09:00:00,Terengganu,Cukai,4.2332,103.4479,26.8,83,0.0,8.8,3,Clouds generally forming or developing
2026-08-20,09:00:00,Negeri Sembilan,Seremban,2.7297,101.9381,27.0,76,0.0,2.4,3,Clouds generally forming or developing
2026-08-20,09:00:00,Labuan,Labuan,5.2803,115.2475,30.1,70,0.0,5.9,3,Clouds generally forming or developing
2026-08-20,09:00:00,Sarawak,Miri,4.4028,113.9933,27.1,84,0.0,10.2,1,Clouds generally dissolving or becoming less developed
2026-08-20,09:00:00,Johor,Johor Bahru,1.4556,103.7611,26.3,90,0.0,3.3,3,Clouds generally forming or developing
2026-08-20,09:00:00,Sabah,Sandakan,5.8388,118.1173,28.5,76,0.0,11.0,2,State of sky on the whole unchanged
2026-08-20,09:00:00,Kuala Lumpur,Kuala Lumpur,3.1478,101.6953,25.7,89,0.0,3.1,3,Clouds generally forming or developing
2026-08-20,09:00:00,Sarawak,Bintulu,3.17,113.03,25.9,95,0.0,10.2,1,Clouds generally dissolving or becoming less developed
2026-08-20,09:00:00,Perak,Teluk Intan,4.0259,101.0213,26.1,87,0.0,4.9,3,Clouds generally forming or developing
2026-08-20,09:00:00,Terengganu,Kuala Terengganu,5.3303,103.1408,26.8,91,0.0,4.0,3,Clouds generally forming or developing
2026-08-20,09:00:00,Kedah,Alor Setar,6.1167,100.3667,27.3,84,0.0,5.7,3,Clouds generally forming or developing
2026-08-20,09:00:00,Johor,Kluang,2.0336,103.3194,25.7,93,0.0,4.5,3,Clouds generally forming or developing
2026-08-20,09:00:00,Johor,Batu Pahat,1.85,102.93,27.5,84,0.0,5.5,3,Clouds generally forming or developing
2026-08-20,09:00:00,Kelantan,Kota Bharu,6.1333,102.25,27.7,78,0.0,7.4,3,Clouds generally forming or developing
2026-08-20,09:00:00,Kedah,Sungai Petani,5.65,100.48,26.9,81,0.0,3.5,3,Clouds generally forming or developing
2026-08-20,09:00:00,Putrajaya,Putrajaya,2.93,101.69,25.7,90,0.0,4.4,3,Clouds generally forming or developing
2026-08-20,09:00:00,Melaka,Melaka,2.1889,102.2511,28.6,74,0.0,3.9,3,Clouds generally forming or developing
2026-08-20,09:00:00,Pahang,Raub,3.7931,101.8569,27.0,68,0.0,2.7,3,Clouds generally forming or developing
2026-08-20,09:00:00,Pulau Pinang,Bukit Mertajam,5.3631,100.4667,29.2,68,0.0,4.1,3,Clouds generally forming or developing
2026-08-20,09:00:00,Sarawak,Sibu,2.3,111.8167,28.3,83,0.0,2.1,1,Clouds generally dissolving or becoming less developed
2026-08-20,09:00:00,Pahang,Kuala Lipis,4.184,102.042,26.6,78,0.0,4.9,3,Clouds generally forming or developing
2026-08-20,09:00:00,Sabah,Lahad Datu,5.03,118.34,28.6,72,0.1,10.1,51,"Drizzle, not freezing, continuous 	slight at time of observation"
2026-08-20,09:00:00,Selangor,Petaling Jaya,3.1073,101.6067,25.5,93,0.0,3.2,3,Clouds generally forming or developing
2026-08-20,09:00:00,Sabah,Tawau,4.2448,117.8911,27.4,81,0.1,6.9,51,"Drizzle, not freezing, continuous 	slight at time of observation"
2026-08-20,09:00:00,Pahang,Kuantan,3.8167,103.3333,26.2,81,0.0,10.2,3,Clouds generally forming or developing
2026-08-20,09:00:00,Selangor,Klang,3.0333,101.45,26.7,86,0.0,5.0,3,Clouds generally forming or developing
2026-08-20,09:00:00,Perak,Taiping,4.85,100.7333,27.0,85,0.0,3.8,3,Clouds generally forming or developing
2026-08-20,09:00:00,Pulau Pinang,George Town,5.4145,100.3292,28.2,84,0.0,3.9,3,Clouds generally forming or developing
2026-08-20,09:00:00,Perak,Ipoh,4.6,101.07,26.5,86,0.0,4.1,3,Clouds generally forming or developing
2026-08-20,09:00:00,Pulau Pinang,Butterworth,5.3992,100.3639,29.2,68,0.0,4.1,3,Clouds generally forming or developing
2026-08-20,09:00:00,Selangor,Shah Alam,3.0833,101.5333,26.3,87,0.0,4.9,3,Clouds generally forming or developing
2026-08-20,09:00:00,Sarawak,Kuching,1.5397,110.3542,27.4,83,0.0,5.3,3,Clouds generally forming or developing
2026-08-20,08:00:00,Johor,Kluang,2.0336,103.3194,24.4,95,0.0,4.4,3,Clouds generally forming or developing
2026-08-20,08:00:00,Kuala Lumpur,Kuala Lumpur,3.1478,101.6953,25.0,95,0.0,3.6,3,Clouds generally forming or developing
2026-08-20,08:00:00,Perak,Ipoh,4.6,101.07,25.3,95,0.0,4.5,3,Clouds generally forming or developing
2026-08-20,08:00:00,Negeri Sembilan,Seremban,2.7297,101.9381,25.6,83,0.0,5.2,3,Clouds generally forming or developing
2026-08-20,08:00:00,Sabah,Tawau,4.2448,117.8911,26.3,89,0.1,2.7,51,"Drizzle, not freezing, continuous 	slight at time of observation"
2026-08-20,08:00:00,Melaka,Melaka,2.1889,102.2511,26.3,84,0.0,3.6,3,Clouds generally forming or developing
2026-08-20,08:00:00,Perak,Teluk Intan,4.0259,101.0213,25.6,87,0.0,5.6,3,Clouds generally forming or developing
2026-08-20,08:00:00,Pulau Pinang,Butterworth,5.3992,100.3639,27.1,78,0.0,5.2,3,Clouds generally forming or developing
2026-08-20,08:00:00,Pulau Pinang,George Town,5.4145,100.3292,27.0,90,0.0,3.2,3,Clouds generally forming or developing
2026-08-20,08:00:00,Johor,Batu Pahat,1.85,102.93,24.8,94,0.0,3.6,3,Clouds generally forming or developing
2026-08-20,08:00:00,Sabah,Lahad Datu,5.03,118.34,28.0,75,0.1,8.2,51,"Drizzle, not freezing, continuous 	slight at time of observation"
2026-08-20,08:00:00,Sarawak,Bintulu,3.17,113.03,24.4,97,0.3,8.2,51,"Drizzle, not freezing, continuous 	slight at time of observation"
2026-08-20,08:00:00,Putrajaya,Putrajaya,2.93,101.69,25.1,94,0.0,5.9,3,Clouds generally forming or developing
2026-08-20,08:00:00,Sarawak,Sibu,2.3,111.8167,26.3,89,0.0,2.2,1,Clouds generally dissolving or becoming less developed
2026-08-20,08:00:00,Selangor,Petaling Jaya,3.1073,101.6067,25.1,94,0.0,4.0,3,Clouds generally forming or developing
2026-08-20,08:00:00,Kelantan,Kota Bharu,6.1333,102.25,26.1,81,0.0,8.1,3,Clouds generally forming or developing
2026-08-20,08:00:00,Pahang,Kuantan,3.8167,103.3333,24.9,87,0.0,11.3,3,Clouds generally forming or developing
2026-08-20,08:00:00,Perlis,Kangar,6.4333,100.2,27.9,78,0.0,9.7,3,Clouds generally forming or developing
2026-08-20,08:00:00,Selangor,Klang,3.0333,101.45,25.7,93,0.0,5.5,3,Clouds generally forming or developing
2026-08-20,08:00:00,Pahang,Kuala Lipis,4.184,102.042,24.8,90,0.0,5.4,3,Clouds generally forming or developing
2026-08-20,08:00:00,Johor,Johor Bahru,1.4556,103.7611,23.5,99,0.0,4.5,3,Clouds generally forming or developing
2026-08-20,08:00:00,Selangor,Shah Alam,3.0833,101.5333,25.7,90,0.0,5.0,3,Clouds generally forming or developing
2026-08-20,08:00:00,Terengganu,Cukai,4.2332,103.4479,25.7,93,0.0,9.3,3,Clouds generally forming or developing
2026-08-20,08:00:00,Sabah,Sandakan,5.8388,118.1173,27.6,81,0.0,10.2,3,Clouds generally forming or developing
2026-08-20,08:00:00,Pahang,Raub,3.7931,101.8569,25.5,74,0.0,2.7,3,Clouds generally forming or developing
2026-08-20,08:00:00,Sarawak,Miri,4.4028,113.9933,26.5,87,0.0,13.4,2,State of sky on the whole unchanged
2026-08-20,08:00:00,Terengganu,Kuala Terengganu,5.3303,103.1408,24.9,97,0.0,4.5,3,Clouds generally forming or developing
2026-08-20,08:00:00,Sarawak,Kuching,1.5397,110.3542,25.6,90,0.0,5.6,3,Clouds generally forming or developing
2026-08-20,08:00:00,Pulau Pinang,Bukit Mertajam,5.3631,100.4667,27.1,78,0.0,5.2,3,Clouds generally forming or developing
2026-08-20,08:00:00,Kedah,Sungai Petani,5.65,100.48,24.9,88,0.0,5.2,3,Clouds generally forming or developing
2026-08-20,08:00:00,Labuan,Labuan,5.2803,115.2475,28.6,80,0.0,9.0,2,State of sky on the whole unchanged
2026-08-20,08:00:00,Kedah,Alor Setar,6.1167,100.3667,26.1,85,0.0,5.7,3,Clouds generally forming or developing
2026-08-20,08:00:00,Perak,Taiping,4.85,100.7333,25.7,90,0.0,4.9,3,Clouds generally forming or developing
2026-08-20,07:00:00,Johor,Batu Pahat,1.85,102.93,23.9,96,0.0,2.0,3,Clouds generally forming or developing
2026-08-20,07:00:00,Terengganu,Kuala Terengganu,5.3303,103.1408,24.3,98,0.0,5.8,3,Clouds generally forming or developing
2026-08-20,07:00:00,Perak,Teluk Intan,4.0259,101.0213,25.2,90,0.0,4.4,3,Clouds generally forming or developing
2026-08-20,07:00:00,Johor,Johor Bahru,1.4556,103.7611,23.0,100,0.0,1.3,3,Clouds generally forming or developing
2026-08-20,07:00:00,Selangor,Petaling Jaya,3.1073,101.6067,24.7,96,0.0,3.2,3,Clouds generally forming or developing
2026-08-20,07:00:00,Perak,Ipoh,4.6,101.07,24.6,99,0.0,1.4,3,Clouds generally forming or developing
2026-08-20,07:00:00,Kedah,Alor Setar,6.1167,100.3667,26.1,82,0.0,2.6,3,Clouds generally forming or developing
2026-08-20,07:00:00,Perlis,Kangar,6.4333,100.2,27.7,77,0.0,9.9,3,Clouds generally forming or developing
2026-08-20,07:00:00,Sabah,Lahad Datu,5.03,118.34,27.3,82,0.1,4.9,51,"Drizzle, not freezing, continuous 	slight at time of observation"
2026-08-20,07:00:00,Sabah,Tawau,4.2448,117.8911,25.7,92,0.2,7.5,51,"Drizzle, not freezing, continuous 	slight at time of observation"
2026-08-20,07:00:00,Labuan,Labuan,5.2803,115.2475,27.4,88,0.0,9.4,3,Clouds generally forming or developing
2026-08-20,07:00:00,Melaka,Melaka,2.1889,102.2511,26.0,85,0.0,7.1,3,Clouds generally forming or developing
2026-08-20,07:00:00,Kedah,Sungai Petani,5.65,100.48,24.0,91,0.0,4.7,3,Clouds generally forming or developing
2026-08-20,07:00:00,Putrajaya,Putrajaya,2.93,101.69,24.9,97,0.0,3.5,3,Clouds generally forming or developing
2026-08-20,07:00:00,Sarawak,Sibu,2.3,111.8167,24.9,94,0.0,6.4,2,State of sky on the whole unchanged
2026-08-20,07:00:00,Kuala Lumpur,Kuala Lumpur,3.1478,101.6953,24.6,97,0.0,4.7,3,Clouds generally forming or developing
2026-08-20,07:00:00,Pulau Pinang,George Town,5.4145,100.3292,26.4,95,0.0,3.4,3,Clouds generally forming or developing
2026-08-20,07:00:00,Kelantan,Kota Bharu,6.1333,102.25,25.1,83,0.0,6.0,3,Clouds generally forming or developing
2026-08-20,07:00:00,Sarawak,Miri,4.4028,113.9933,25.1,93,0.0,8.6,1,Clouds generally dissolving or becoming less developed
2026-08-20,07:00:00,Pulau Pinang,Butterworth,5.3992,100.3639,26.6,83,0.0,6.3,3,Clouds generally forming or developing
2026-08-20,07:00:00,Johor,Kluang,2.0336,103.3194,23.8,95,0.0,2.3,3,Clouds generally forming or developing
2026-08-20,07:00:00,Sarawak,Bintulu,3.17,113.03,23.0,98,1.0,10.3,81,"Rain shower(s), moderate or heavy"
2026-08-20,07:00:00,Sarawak,Kuching,1.5397,110.3542,24.3,98,0.0,6.2,3,Clouds generally forming or developing
2026-08-20,07:00:00,Pulau Pinang,Bukit Mertajam,5.3631,100.4667,26.5,83,0.0,6.3,3,Clouds generally forming or developing
2026-08-20,07:00:00,Pahang,Kuala Lipis,4.184,102.042,23.9,96,0.0,2.4,3,Clouds generally forming or developing
2026-08-20,07:00:00,Sabah,Sandakan,5.8388,118.1173,26.8,85,0.0,9.6,2,State of sky on the whole unchanged
2026-08-20,07:00:00,Pahang,Raub,3.7931,101.8569,24.2,79,0.0,2.0,3,Clouds generally forming or developing
2026-08-20,07:00:00,Selangor,Klang,3.0333,101.45,25.3,95,0.0,4.9,3,Clouds generally forming or developing
2026-08-20,07:00:00,Perak,Taiping,4.85,100.7333,24.8,94,0.0,2.7,3,Clouds generally forming or developing
2026-08-20,07:00:00,Selangor,Shah Alam,3.0833,101.5333,25.4,92,0.0,3.8,3,Clouds generally forming or developing
2026-08-20,07:00:00,Terengganu,Cukai,4.2332,103.4479,25.1,96,0.0,8.7,3,Clouds generally forming or developing
2026-08-20,07:00:00,Negeri Sembilan,Seremban,2.7297,101.9381,24.8,85,0.0,3.9,3,Clouds generally forming or developing
2026-08-20,07:00:00,Pahang,Kuantan,3.8167,103.3333,24.5,87,0.0,12.2,3,Clouds generally forming or developing
2026-08-20,06:00:00,Pulau Pinang,George Town,5.4145,100.3292,26.8,93,0.0,2.3,3,Clouds generally forming or developing
2026-08-20,06:00:00,Kuala Lumpur,Kuala Lumpur,3.1478,101.6953,24.8,98,0.0,3.3,3,Clouds generally forming or developing
2026-08-20,06:00:00,Pahang,Kuala Lipis,4.184,102.042,24.1,96,0.0,2.5,3,Clouds generally forming or developing
2026-08-20,06:00:00,Sarawak,Sibu,2.3,111.8167,25.2,97,0.0,11.5,2,State of sky on the whole unchanged
2026-08-20,06:00:00,Terengganu,Cukai,4.2332,103.4479,25.5,95,0.0,9.2,3,Clouds generally forming or developing
2026-08-20,06:00:00,Selangor,Klang,3.0333,101.45,25.5,95,0.0,5.2,3,Clouds generally forming or developing
2026-08-20,06:00:00,Johor,Johor Bahru,1.4556,103.7611,23.2,99,0.0,2.8,3,Clouds generally forming or developing
2026-08-20,06:00:00,Kedah,Alor Setar,6.1167,100.3667,27.0,79,0.0,4.1,3,Clouds generally forming or developing
2026-08-20,06:00:00,Selangor,Petaling Jaya,3.1073,101.6067,24.9,96,0.0,1.5,3,Clouds generally forming or developing
2026-08-20,06:00:00,Labuan,Labuan,5.2803,115.2475,26.7,90,0.0,9.1,2,State of sky on the whole unchanged
2026-08-20,06:00:00,Perak,Taiping,4.85,100.7333,25.1,93,0.0,3.0,3,Clouds generally forming or developing
2026-08-20,06:00:00,Pahang,Raub,3.7931,101.8569,24.5,80,0.0,1.9,3,Clouds generally forming or developing
2026-08-20,06:00:00,Kelantan,Kota Bharu,6.1333,102.25,25.4,81,0.0,5.7,3,Clouds generally forming or developing
2026-08-20,06:00:00,Pahang,Kuantan,3.8167,103.3333,24.7,88,0.0,10.9,3,Clouds generally forming or developing
2026-08-20,06:00:00,Sabah,Lahad Datu,5.03,118.34,26.2,86,0.0,2.2,1,Clouds generally dissolving or becoming less developed
2026-08-20,06:00:00,Selangor,Shah Alam,3.0833,101.5333,25.6,91,0.0,3.2,3,Clouds generally forming or developing
2026-08-20,06:00:00,Perlis,Kangar,6.4333,100.2,27.8,76,0.0,11.0,3,Clouds generally forming or developing
2026-08-20,06:00:00,Kedah,Sungai Petani,5.65,100.48,24.0,92,0.0,4.2,3,Clouds generally forming or developing
2026-08-20,06:00:00,Putrajaya,Putrajaya,2.93,101.69,25.1,97,0.0,2.3,3,Clouds generally forming or developing
2026-08-20,06:00:00,Perak,Teluk Intan,4.0259,101.0213,24.8,93,0.0,5.1,3,Clouds generally forming or developing
2026-08-20,06:00:00,Pulau Pinang,Bukit Mertajam,5.3631,100.4667,26.6,84,0.0,3.2,3,Clouds generally forming or developing
2026-08-20,06:00:00,Terengganu,Kuala Terengganu,5.3303,103.1408,24.4,98,0.0,6.3,3,Clouds generally forming or developing
2026-08-20,06:00:00,Negeri Sembilan,Seremban,2.7297,101.9381,25.0,84,0.0,3.9,3,Clouds generally forming or developing
2026-08-20,06:00:00,Perak,Ipoh,4.6,101.07,25.0,98,0.0,1.8,3,Clouds generally forming or developing
2026-08-20,06:00:00,Johor,Batu Pahat,1.85,102.93,24.5,93,0.0,1.9,3,Clouds generally forming or developing
2026-08-20,06:00:00,Johor,Kluang,2.0336,103.3194,23.8,95,0.0,2.5,3,Clouds generally forming or developing
2026-08-20,06:00:00,Sabah,Tawau,4.2448,117.8911,25.4,92,0.1,6.7,51,"Drizzle, not freezing, continuous 	slight at time of observation"
2026-08-20,06:00:00,Sarawak,Kuching,1.5397,110.3542,24.6,98,0.0,10.7,2,State of sky on the whole unchanged
2026-08-20,06:00:00,Melaka,Melaka,2.1889,102.2511,26.1,83,0.0,8.8,3,Clouds generally forming or developing
2026-08-20,06:00:00,Sabah,Sandakan,5.8388,118.1173,26.2,89,0.0,9.0,2,State of sky on the whole unchanged
2026-08-20,06:00:00,Pulau Pinang,Butterworth,5.3992,100.3639,26.6,84,0.0,3.2,3,Clouds generally forming or developing
2026-08-20,06:00:00,Sarawak,Miri,4.4028,113.9933,24.7,94,0.0,5.5,0,Cloud development not observed or not observable
2026-08-20,06:00:00,Sarawak,Bintulu,3.17,113.03,23.5,95,0.0,7.7,53,"Drizzle, not freezing, continuous 	moderate at time of observation"
2026-08-20,05:00:00,Johor,Kluang,2.0336,103.3194,23.7,97,0.0,5.2,3,Clouds generally forming or developing
2026-08-20,05:00:00,Kedah,Alor Setar,6.1167,100.3667,27.2,77,0.0,5.3,3,Clouds generally forming or developing
2026-08-20,05:00:00,Kuala Lumpur,Kuala Lumpur,3.1478,101.6953,24.9,98,0.0,3.6,3,Clouds generally forming or developing
2026-08-20,05:00:00,Perlis,Kangar,6.4333,100.2,28.1,73,0.0,11.9,3,Clouds generally forming or developing
2026-08-20,05:00:00,Perak,Ipoh,4.6,101.07,25.3,97,0.0,2.2,3,Clouds generally forming or developing
2026-08-20,05:00:00,Johor,Batu Pahat,1.85,102.93,24.3,94,0.0,2.5,3,Clouds generally forming or developing
2026-08-20,05:00:00,Selangor,Petaling Jaya,3.1073,101.6067,24.8,95,0.0,2.1,3,Clouds generally forming or developing
2026-08-20,05:00:00,Pulau Pinang,George Town,5.4145,100.3292,27.1,91,0.0,1.5,3,Clouds generally forming or developing
2026-08-20,05:00:00,Pulau Pinang,Bukit Mertajam,5.3631,100.4667,27.0,81,0.0,3.6,3,Clouds generally forming or developing
2026-08-20,05:00:00,Perak,Taiping,4.85,100.7333,25.5,91,0.0,2.3,3,Clouds generally forming or developing
2026-08-20,05:00:00,Selangor,Shah Alam,3.0833,101.5333,25.5,92,0.0,0.3,3,Clouds generally forming or developing
2026-08-20,05:00:00,Kedah,Sungai Petani,5.65,100.48,24.1,93,0.0,5.0,3,Clouds generally forming or developing
2026-08-20,05:00:00,Sarawak,Bintulu,3.17,113.03,25.1,92,0.0,5.8,2,State of sky on the whole unchanged
2026-08-20,05:00:00,Perak,Teluk Intan,4.0259,101.0213,24.4,97,0.0,5.6,3,Clouds generally forming or developing
2026-08-20,05:00:00,Terengganu,Cukai,4.2332,103.4479,25.7,95,0.0,9.4,3,Clouds generally forming or developing
2026-08-20,05:00:00,Negeri Sembilan,Seremban,2.7297,101.9381,24.8,84,0.0,3.9,3,Clouds generally forming or developing
2026-08-20,05:00:00,Labuan,Labuan,5.2803,115.2475,26.6,91,0.0,8.9,3,Clouds generally forming or developing
2026-08-20,05:00:00,Pahang,Kuantan,3.8167,103.3333,24.9,89,0.0,10.1,3,Clouds generally forming or developing
2026-08-20,05:00:00,Sarawak,Miri,4.4028,113.9933,24.7,95,0.0,5.3,2,State of sky on the whole unchanged
2026-08-20,05:00:00,Johor,Johor Bahru,1.4556,103.7611,23.4,98,0.0,2.9,3,Clouds generally forming or developing
2026-08-20,05:00:00,Sarawak,Kuching,1.5397,110.3542,24.9,97,0.0,10.6,3,Clouds generally forming or developing
2026-08-20,05:00:00,Kelantan,Kota Bharu,6.1333,102.25,25.5,79,0.0,6.1,3,Clouds generally forming or developing
2026-08-20,05:00:00,Pahang,Raub,3.7931,101.8569,24.4,80,0.0,2.6,3,Clouds generally forming or developing
2026-08-20,05:00:00,Pahang,Kuala Lipis,4.184,102.042,24.3,95,0.0,3.0,1,Clouds generally dissolving or becoming less developed
2026-08-20,05:00:00,Melaka,Melaka,2.1889,102.2511,26.1,83,0.0,8.8,3,Clouds generally forming or developing
2026-08-20,05:00:00,Sabah,Tawau,4.2448,117.8911,25.5,91,0.0,4.2,3,Clouds generally forming or developing
2026-08-20,05:00:00,Putrajaya,Putrajaya,2.93,101.69,24.9,97,0.0,0.3,3,Clouds generally forming or developing
2026-08-20,05:00:00,Sabah,Sandakan,5.8388,118.1173,26.4,88,0.0,12.1,2,State of sky on the whole unchanged
2026-08-20,05:00:00,Pulau Pinang,Butterworth,5.3992,100.3639,27.1,81,0.0,3.6,3,Clouds generally forming or developing
2026-08-20,05:00:00,Sarawak,Sibu,2.3,111.8167,25.4,99,0.0,2.0,3,Clouds generally forming or developing
2026-08-20,05:00:00,Selangor,Klang,3.0333,101.45,25.3,99,0.0,1.6,3,Clouds generally forming or developing
2026-08-20,05:00:00,Sabah,Lahad Datu,5.03,118.34,26.2,86,0.0,1.6,1,Clouds generally dissolving or becoming less developed
2026-08-20,05:00:00,Terengganu,Kuala Terengganu,5.3303,103.1408,24.5,99,0.0,4.9,3,Clouds generally forming or developing
2026-08-20,04:00:00,Negeri Sembilan,Seremban,2.7297,101.9381,24.7,84,0.0,3.2,3,Clouds generally forming or developing
2026-08-20,04:00:00,Sarawak,Kuching,1.5397,110.3542,25.3,95,0.0,9.5,3,Clouds generally forming or developing
2026-08-20,04:00:00,Terengganu,Kuala Terengganu,5.3303,103.1408,24.5,99,0.0,4.5,3,Clouds generally forming or developing
2026-08-20,04:00:00,Perak,Taiping,4.85,100.7333,25.7,90,0.0,2.7,3,Clouds generally forming or developing
2026-08-20,04:00:00,Terengganu,Cukai,4.2332,103.4479,25.7,96,0.0,7.6,3,Clouds generally forming or developing
2026-08-20,04:00:00,Selangor,Shah Alam,3.0833,101.5333,25.3,95,0.0,1.5,3,Clouds generally forming or developing
2026-08-20,04:00:00,Pahang,Raub,3.7931,101.8569,24.6,80,0.0,2.8,3,Clouds generally forming or developing
2026-08-20,04:00:00,Kedah,Sungai Petani,5.65,100.48,24.2,94,0.0,5.4,3,Clouds generally forming or developing
2026-08-20,04:00:00,Pulau Pinang,Bukit Mertajam,5.3631,100.4667,27.1,80,0.0,4.6,3,Clouds generally forming or developing
2026-08-20,04:00:00,Johor,Kluang,2.0336,103.3194,23.8,97,0.0,4.4,3,Clouds generally forming or developing
2026-08-20,04:00:00,Pulau Pinang,Butterworth,5.3992,100.3639,27.1,80,0.0,4.6,3,Clouds generally forming or developing
2026-08-20,04:00:00,Selangor,Petaling Jaya,3.1073,101.6067,25.0,94,0.1,3.5,51,"Drizzle, not freezing, continuous 	slight at time of observation"
2026-08-20,04:00:00,Johor,Johor Bahru,1.4556,103.7611,23.5,96,0.0,6.4,3,Clouds generally forming or developing
2026-08-20,04:00:00,Selangor,Klang,3.0333,101.45,25.3,99,0.0,2.8,3,Clouds generally forming or developing
2026-08-20,04:00:00,Sabah,Sandakan,5.8388,118.1173,26.7,86,0.1,11.6,51,"Drizzle, not freezing, continuous 	slight at time of observation"
2026-08-20,04:00:00,Pahang,Kuantan,3.8167,103.3333,25.2,90,0.0,9.8,3,Clouds generally forming or developing
2026-08-20,04:00:00,Perlis,Kangar,6.4333,100.2,28.3,72,0.0,12.2,3,Clouds generally forming or developing
2026-08-20,04:00:00,Perak,Teluk Intan,4.0259,101.0213,24.4,97,0.0,6.2,3,Clouds generally forming or developing
2026-08-20,04:00:00,Pulau Pinang,George Town,5.4145,100.3292,27.1,89,0.0,2.2,3,Clouds generally forming or developing
2026-08-20,04:00:00,Sarawak,Bintulu,3.17,113.03,25.3,91,0.0,6.7,1,Clouds generally dissolving or becoming less developed
2026-08-20,04:00:00,Perak,Ipoh,4.6,101.07,25.4,96,0.0,1.2,3,Clouds generally forming or developing
2026-08-20,04:00:00,Sarawak,Sibu,2.3,111.8167,25.8,97,0.0,0.5,3,Clouds generally forming or developing
2026-08-20,04:00:00,Putrajaya,Putrajaya,2.93,101.69,24.8,97,0.0,0.3,3,Clouds generally forming or developing
2026-08-20,04:00:00,Sabah,Tawau,4.2448,117.8911,25.2,89,0.1,2.4,51,"Drizzle, not freezing, continuous 	slight at time of observation"
2026-08-20,04:00:00,Melaka,Melaka,2.1889,102.2511,26.0,82,0.0,9.4,3,Clouds generally forming or developing
2026-08-20,04:00:00,Kelantan,Kota Bharu,6.1333,102.25,25.8,76,0.0,8.2,3,Clouds generally forming or developing
2026-08-20,04:00:00,Sabah,Lahad Datu,5.03,118.34,26.3,87,0.1,2.7,51,"Drizzle, not freezing, continuous 	slight at time of observation"
2026-08-20,04:00:00,Kuala Lumpur,Kuala Lumpur,3.1478,101.6953,25.2,96,0.0,5.5,3,Clouds generally forming or developing
2026-08-20,04:00:00,Johor,Batu Pahat,1.85,102.93,24.1,95,0.0,4.7,3,Clouds generally forming or developing
2026-08-20,04:00:00,Kedah,Alor Setar,6.1167,100.3667,27.6,75,0.0,6.5,3,Clouds generally forming or developing
2026-08-20,04:00:00,Labuan,Labuan,5.2803,115.2475,26.4,93,0.0,9.5,3,Clouds generally forming or developing
2026-08-20,04:00:00,Sarawak,Miri,4.4028,113.9933,24.8,96,0.0,6.1,1,Clouds generally dissolving or becoming less developed
2026-08-20,04:00:00,Pahang,Kuala Lipis,4.184,102.042,24.7,93,0.0,4.5,3,Clouds generally forming or developing
2026-08-20,03:00:00,Selangor,Klang,3.0333,101.45,25.3,97,0.0,1.6,53,"Drizzle, not freezing, continuous 	moderate at time of observation"
2026-08-20,03:00:00,Putrajaya,Putrajaya,2.93,101.69,24.7,97,0.0,3.3,51,"Drizzle, not freezing, continuous 	slight at time of observation"
2026-08-20,03:00:00,Pulau Pinang,Butterworth,5.3992,100.3639,27.1,80,0.0,5.5,3,Clouds generally forming or developing
2026-08-20,03:00:00,Sarawak,Bintulu,3.17,113.03,25.5,92,0.0,1.9,0,Cloud development not observed or not observable
2026-08-20,03:00:00,Sarawak,Sibu,2.3,111.8167,25.8,97,0.0,1.5,3,Clouds generally forming or developing
2026-08-20,03:00:00,Sabah,Lahad Datu,5.03,118.34,26.5,84,0.1,3.6,51,"Drizzle, not freezing, continuous 	slight at time of observation"
2026-08-20,03:00:00,Pulau Pinang,George Town,5.4145,100.3292,27.4,86,0.0,2.2,3,Clouds generally forming or developing
2026-08-20,03:00:00,Johor,Johor Bahru,1.4556,103.7611,23.9,96,0.1,5.1,51,"Drizzle, not freezing, continuous 	slight at time of observation"
2026-08-20,03:00:00,Johor,Kluang,2.0336,103.3194,24.2,97,0.1,3.7,51,"Drizzle, not freezing, continuous 	slight at time of observation"
2026-08-20,03:00:00,Sabah,Tawau,4.2448,117.8911,25.2,88,0.0,6.0,2,State of sky on the whole unchanged
2026-08-20,03:00:00,Terengganu,Kuala Terengganu,5.3303,103.1408,24.7,99,0.0,6.0,3,Clouds generally forming or developing
2026-08-20,03:00:00,Perak,Ipoh,4.6,101.07,25.6,95,0.0,3.1,3,Clouds generally forming or developing
2026-08-20,03:00:00,Selangor,Petaling Jaya,3.1073,101.6067,25.2,93,0.0,1.3,3,Clouds generally forming or developing
2026-08-20,03:00:00,Sabah,Sandakan,5.8388,118.1173,26.9,85,0.1,10.8,51,"Drizzle, not freezing, continuous 	slight at time of observation"
2026-08-20,03:00:00,Pahang,Kuala Lipis,4.184,102.042,24.9,91,0.0,3.8,3,Clouds generally forming or developing
2026-08-20,03:00:00,Perak,Taiping,4.85,100.7333,25.7,88,0.0,3.1,3,Clouds generally forming or developing
2026-08-20,03:00:00,Selangor,Shah Alam,3.0833,101.5333,25.5,93,0.0,1.3,51,"Drizzle, not freezing, continuous 	slight at time of observation"
2026-08-20,03:00:00,Pahang,Kuantan,3.8167,103.3333,25.5,91,0.0,11.0,3,Clouds generally forming or developing
2026-08-20,03:00:00,Kedah,Sungai Petani,5.65,100.48,24.5,96,0.0,6.0,3,Clouds generally forming or developing
2026-08-20,03:00:00,Melaka,Melaka,2.1889,102.2511,26.0,82,0.0,11.1,3,Clouds generally forming or developing
2026-08-20,03:00:00,Perak,Teluk Intan,4.0259,101.0213,24.5,96,0.0,7.6,3,Clouds generally forming or developing
2026-08-20,03:00:00,Sarawak,Kuching,1.5397,110.3542,25.7,93,0.0,8.9,2,State of sky on the whole unchanged
2026-08-20,03:00:00,Perlis,Kangar,6.4333,100.2,28.2,74,0.0,11.4,3,Clouds generally forming or developing
2026-08-20,03:00:00,Negeri Sembilan,Seremban,2.7297,101.9381,24.5,85,0.0,3.4,3,Clouds generally forming or developing
2026-08-20,03:00:00,Labuan,Labuan,5.2803,115.2475,26.7,94,0.0,9.9,2,State of sky on the whole unchanged
2026-08-20,03:00:00,Sarawak,Miri,4.4028,113.9933,24.9,96,0.0,7.0,1,Clouds generally dissolving or becoming less developed
2026-08-20,03:00:00,Pahang,Raub,3.7931,101.8569,24.7,80,0.0,2.8,3,Clouds generally forming or developing
2026-08-20,03:00:00,Kuala Lumpur,Kuala Lumpur,3.1478,101.6953,25.5,92,0.0,1.5,3,Clouds generally forming or developing
2026-08-20,03:00:00,Kelantan,Kota Bharu,6.1333,102.25,26.5,73,0.0,9.5,3,Clouds generally forming or developing
2026-08-20,03:00:00,Kedah,Alor Setar,6.1167,100.3667,27.8,73,0.0,7.9,3,Clouds generally forming or developing
2026-08-20,03:00:00,Johor,Batu Pahat,1.85,102.93,23.9,96,0.0,7.0,3,Clouds generally forming or developing
2026-08-20,03:00:00,Pulau Pinang,Bukit Mertajam,5.3631,100.4667,27.0,80,0.0,5.5,3,Clouds generally forming or developing
2026-08-20,03:00:00,Terengganu,Cukai,4.2332,103.4479,25.8,96,0.0,7.9,3,Clouds generally forming or developing
2026-08-20,02:00:00,Putrajaya,Putrajaya,2.93,101.69,25.3,93,0.0,3.3,3,Clouds generally forming or developing
2026-08-20,02:00:00,Perlis,Kangar,6.4333,100.2,28.1,74,0.0,10.1,3,Clouds generally forming or developing
2026-08-20,02:00:00,Sabah,Lahad Datu,5.03,118.34,27.1,80,0.0,5.2,1,Clouds generally dissolving or becoming less developed
2026-08-20,02:00:00,Selangor,Petaling Jaya,3.1073,101.6067,25.2,93,0.0,4.5,3,Clouds generally forming or developing
2026-08-20,02:00:00,Perak,Ipoh,4.6,101.07,25.7,93,0.0,4.0,3,Clouds generally forming or developing
2026-08-20,02:00:00,Kelantan,Kota Bharu,6.1333,102.25,26.9,71,0.0,12.6,3,Clouds generally forming or developing
2026-08-20,02:00:00,Pahang,Kuala Lipis,4.184,102.042,25.4,88,0.0,4.8,3,Clouds generally forming or developing
2026-08-20,02:00:00,Pulau Pinang,George Town,5.4145,100.3292,27.8,82,0.0,0.4,3,Clouds generally forming or developing
2026-08-20,02:00:00,Sarawak,Sibu,2.3,111.8167,25.9,99,0.0,1.5,3,Clouds generally forming or developing
2026-08-20,02:00:00,Melaka,Melaka,2.1889,102.2511,25.9,87,0.0,10.8,3,Clouds generally forming or developing
2026-08-20,02:00:00,Perak,Teluk Intan,4.0259,101.0213,24.9,95,0.0,8.3,3,Clouds generally forming or developing
2026-08-20,02:00:00,Sabah,Tawau,4.2448,117.8911,25.8,84,0.0,3.2,1,Clouds generally dissolving or becoming less developed
2026-08-20,02:00:00,Pulau Pinang,Bukit Mertajam,5.3631,100.4667,27.3,78,0.0,6.0,3,Clouds generally forming or developing
2026-08-20,02:00:00,Johor,Batu Pahat,1.85,102.93,24.1,95,0.0,7.8,3,Clouds generally forming or developing
2026-08-20,02:00:00,Sarawak,Bintulu,3.17,113.03,25.8,91,0.0,2.8,2,State of sky on the whole unchanged
2026-08-20,02:00:00,Kuala Lumpur,Kuala Lumpur,3.1478,101.6953,25.4,95,0.0,5.0,3,Clouds generally forming or developing
2026-08-20,02:00:00,Negeri Sembilan,Seremban,2.7297,101.9381,24.9,83,0.0,1.9,3,Clouds generally forming or developing
2026-08-20,02:00:00,Johor,Kluang,2.0336,103.3194,24.4,97,0.0,6.3,3,Clouds generally forming or developing
2026-08-20,02:00:00,Pulau Pinang,Butterworth,5.3992,100.3639,27.3,78,0.0,6.0,3,Clouds generally forming or developing
2026-08-20,02:00:00,Perak,Taiping,4.85,100.7333,25.7,87,0.0,4.2,3,Clouds generally forming or developing
2026-08-20,02:00:00,Sarawak,Miri,4.4028,113.9933,25.0,96,0.0,7.4,1,Clouds generally dissolving or becoming less developed
2026-08-20,02:00:00,Pahang,Raub,3.7931,101.8569,25.5,76,0.0,2.8,3,Clouds generally forming or developing
2026-08-20,02:00:00,Selangor,Klang,3.0333,101.45,25.6,94,0.0,4.5,3,Clouds generally forming or developing
2026-08-20,02:00:00,Sabah,Sandakan,5.8388,118.1173,27.0,84,0.0,9.4,1,Clouds generally dissolving or becoming less developed
2026-08-20,02:00:00,Kedah,Sungai Petani,5.65,100.48,24.9,95,0.0,5.3,3,Clouds generally forming or developing
2026-08-20,02:00:00,Selangor,Shah Alam,3.0833,101.5333,25.7,93,0.0,2.7,3,Clouds generally forming or developing
2026-08-20,02:00:00,Labuan,Labuan,5.2803,115.2475,27.0,94,0.0,6.6,2,State of sky on the whole unchanged
2026-08-20,02:00:00,Terengganu,Cukai,4.2332,103.4479,25.8,94,0.0,8.3,3,Clouds generally forming or developing
2026-08-20,02:00:00,Sarawak,Kuching,1.5397,110.3542,25.9,97,0.0,7.0,3,Clouds generally forming or developing
2026-08-20,02:00:00,Johor,Johor Bahru,1.4556,103.7611,24.1,95,0.0,5.6,3,Clouds generally forming or developing
2026-08-20,02:00:00,Pahang,Kuantan,3.8167,103.3333,25.7,94,0.0,9.8,3,Clouds generally forming or developing
2026-08-20,02:00:00,Kedah,Alor Setar,6.1167,100.3667,27.6,72,0.0,9.2,3,Clouds generally forming or developing
2026-08-20,02:00:00,Terengganu,Kuala Terengganu,5.3303,103.1408,25.0,98,0.0,9.5,3,Clouds generally forming or developing
2026-08-20,01:00:00,Johor,Kluang,2.0336,103.3194,24.9,89,0.0,7.3,3,Clouds generally forming or developing
2026-08-20,01:00:00,Perak,Teluk Intan,4.0259,101.0213,25.0,95,0.1,7.9,51,"Drizzle, not freezing, continuous 	slight at time of observation"
2026-08-20,01:00:00,Melaka,Melaka,2.1889,102.2511,25.0,87,0.0,7.8,3,Clouds generally forming or developing
2026-08-20,01:00:00,Johor,Johor Bahru,1.4556,103.7611,26.0,83,0.0,4.2,3,Clouds generally forming or developing
2026-08-20,01:00:00,Pulau Pinang,Bukit Mertajam,5.3631,100.4667,28.8,70,0.0,7.6,3,Clouds generally forming or developing
2026-08-20,01:00:00,Sarawak,Bintulu,3.17,113.03,26.0,90,0.0,3.5,2,State of sky on the whole unchanged
2026-08-20,01:00:00,Pulau Pinang,George Town,5.4145,100.3292,27.6,81,0.0,3.0,3,Clouds generally forming or developing
2026-08-20,01:00:00,Selangor,Shah Alam,3.0833,101.5333,24.8,93,0.0,8.6,3,Clouds generally forming or developing
2026-08-20,01:00:00,Kedah,Sungai Petani,5.65,100.48,26.6,80,0.0,0.4,3,Clouds generally forming or developing
2026-08-20,01:00:00,Johor,Batu Pahat,1.85,102.93,23.8,97,0.0,7.5,3,Clouds generally forming or developing
2026-08-20,01:00:00,Terengganu,Kuala Terengganu,5.3303,103.1408,25.4,97,0.0,7.4,3,Clouds generally forming or developing
2026-08-20,01:00:00,Sabah,Sandakan,5.8388,118.1173,27.3,82,0.0,10.9,0,Cloud development not observed or not observable
2026-08-20,01:00:00,Pulau Pinang,Butterworth,5.3992,100.3639,28.9,70,0.0,7.6,3,Clouds generally forming or developing
2026-08-20,01:00:00,Labuan,Labuan,5.2803,115.2475,26.6,93,0.1,9.0,51,"Drizzle, not freezing, continuous 	slight at time of observation"
2026-08-20,01:00:00,Pahang,Raub,3.7931,101.8569,25.7,72,0.0,5.1,3,Clouds generally forming or developing
2026-08-20,01:00:00,Sarawak,Sibu,2.3,111.8167,26.1,99,0.0,2.8,3,Clouds generally forming or developing
2026-08-20,01:00:00,Kuala Lumpur,Kuala Lumpur,3.1478,101.6953,24.6,96,0.0,6.7,3,Clouds generally forming or developing
2026-08-20,01:00:00,Negeri Sembilan,Seremban,2.7297,101.9381,24.6,85,0.0,8.9,2,State of sky on the whole unchanged
2026-08-20,01:00:00,Selangor,Klang,3.0333,101.45,24.8,95,0.0,9.6,3,Clouds generally forming or developing
2026-08-20,01:00:00,Sarawak,Kuching,1.5397,110.3542,25.6,99,0.0,5.6,2,State of sky on the whole unchanged
2026-08-20,01:00:00,Pahang,Kuantan,3.8167,103.3333,26.3,92,0.0,8.7,3,Clouds generally forming or developing
2026-08-20,01:00:00,Pahang,Kuala Lipis,4.184,102.042,25.9,91,0.0,5.4,3,Clouds generally forming or developing
2026-08-20,01:00:00,Sabah,Lahad Datu,5.03,118.34,27.4,77,0.0,8.1,0,Cloud development not observed or not observable
2026-08-20,01:00:00,Kelantan,Kota Bharu,6.1333,102.25,27.8,66,0.0,11.7,3,Clouds generally forming or developing
2026-08-20,01:00:00,Terengganu,Cukai,4.2332,103.4479,26.5,89,0.0,7.4,3,Clouds generally forming or developing
2026-08-20,01:00:00,Sarawak,Miri,4.4028,113.9933,24.6,94,0.2,9.9,51,"Drizzle, not freezing, continuous 	slight at time of observation"
2026-08-20,01:00:00,Perak,Ipoh,4.6,101.07,25.9,99,0.0,3.4,3,Clouds generally forming or developing
2026-08-20,01:00:00,Sabah,Tawau,4.2448,117.8911,26.0,84,0.0,3.6,0,Cloud development not observed or not observable
2026-08-20,01:00:00,Putrajaya,Putrajaya,2.93,101.69,24.4,95,0.0,7.7,3,Clouds generally forming or developing
2026-08-20,01:00:00,Kedah,Alor Setar,6.1167,100.3667,28.0,69,0.0,10.2,3,Clouds generally forming or developing
2026-08-20,01:00:00,Perlis,Kangar,6.4333,100.2,28.2,72,0.0,9.9,3,Clouds generally forming or developing
2026-08-20,01:00:00,Selangor,Petaling Jaya,3.1073,101.6067,24.5,96,0.0,6.9,3,Clouds generally forming or developing
2026-08-20,01:00:00,Perak,Taiping,4.85,100.7333,25.8,89,0.0,5.2,3,Clouds generally forming or developing
2026-08-20,00:00:00,Kelantan,Kota Bharu,6.1333,102.25,27.7,66,0.0,12.2,3,Clouds generally forming or developing
2026-08-20,00:00:00,Kedah,Sungai Petani,5.65,100.48,27.3,75,0.0,1.3,3,Clouds generally forming or developing
2026-08-20,00:00:00,Pahang,Kuala Lipis,4.184,102.042,26.4,89,0.0,3.1,3,Clouds generally forming or developing
2026-08-20,00:00:00,Kedah,Alor Setar,6.1167,100.3667,28.2,70,0.0,10.3,3,Clouds generally forming or developing
2026-08-20,00:00:00,Terengganu,Kuala Terengganu,5.3303,103.1408,25.7,96,0.1,7.7,51,"Drizzle, not freezing, continuous 	slight at time of observation"
2026-08-20,00:00:00,Perak,Taiping,4.85,100.7333,26.4,85,0.0,4.1,3,Clouds generally forming or developing
2026-08-20,00:00:00,Terengganu,Cukai,4.2332,103.4479,26.5,88,0.0,5.9,3,Clouds generally forming or developing
2026-08-20,00:00:00,Sabah,Sandakan,5.8388,118.1173,27.6,82,0.0,10.1,0,Cloud development not observed or not observable
2026-08-20,00:00:00,Sarawak,Miri,4.4028,113.9933,25.4,90,0.1,14.9,51,"Drizzle, not freezing, continuous 	slight at time of observation"
2026-08-20,00:00:00,Negeri Sembilan,Seremban,2.7297,101.9381,24.6,84,0.0,10.3,3,Clouds generally forming or developing
2026-08-20,00:00:00,Pulau Pinang,Butterworth,5.3992,100.3639,29.3,66,0.0,6.7,3,Clouds generally forming or developing
2026-08-20,00:00:00,Johor,Batu Pahat,1.85,102.93,24.3,96,0.1,7.5,51,"Drizzle, not freezing, continuous 	slight at time of observation"
2026-08-20,00:00:00,Labuan,Labuan,5.2803,115.2475,26.4,93,0.4,11.3,51,"Drizzle, not freezing, continuous 	slight at time of observation"
2026-08-20,00:00:00,Perlis,Kangar,6.4333,100.2,28.5,71,0.0,11.2,3,Clouds generally forming or developing
2026-08-20,00:00:00,Sarawak,Sibu,2.3,111.8167,26.2,100,0.0,2.2,3,Clouds generally forming or developing
2026-08-20,00:00:00,Melaka,Melaka,2.1889,102.2511,25.6,86,0.0,10.4,3,Clouds generally forming or developing
2026-08-20,00:00:00,Sarawak,Bintulu,3.17,113.03,26.9,87,0.0,1.1,1,Clouds generally dissolving or becoming less developed
2026-08-20,00:00:00,Selangor,Petaling Jaya,3.1073,101.6067,24.3,96,0.1,5.5,51,"Drizzle, not freezing, continuous 	slight at time of observation"
2026-08-20,00:00:00,Pahang,Kuantan,3.8167,103.3333,26.4,95,0.0,7.8,3,Clouds generally forming or developing
2026-08-20,00:00:00,Sabah,Tawau,4.2448,117.8911,25.9,84,0.0,4.1,1,Clouds generally dissolving or becoming less developed
2026-08-20,00:00:00,Johor,Johor Bahru,1.4556,103.7611,26.2,81,0.0,4.5,3,Clouds generally forming or developing
2026-08-20,00:00:00,Johor,Kluang,2.0336,103.3194,25.6,87,0.1,10.2,51,"Drizzle, not freezing, continuous 	slight at time of observation"
2026-08-20,00:00:00,Sabah,Lahad Datu,5.03,118.34,27.6,77,0.0,10.8,0,Cloud development not observed or not observable
2026-08-20,00:00:00,Pulau Pinang,Bukit Mertajam,5.3631,100.4667,29.3,66,0.0,6.7,3,Clouds generally forming or developing
2026-08-20,00:00:00,Selangor,Klang,3.0333,101.45,25.0,95,0.0,9.0,3,Clouds generally forming or developing
2026-08-20,00:00:00,Putrajaya,Putrajaya,2.93,101.69,24.6,95,0.0,8.6,3,Clouds generally forming or developing
2026-08-20,00:00:00,Pulau Pinang,George Town,5.4145,100.3292,27.8,79,0.0,3.6,3,Clouds generally forming or developing
2026-08-20,00:00:00,Sarawak,Kuching,1.5397,110.3542,25.8,100,0.0,2.0,3,Clouds generally forming or developing
2026-08-20,00:00:00,Pahang,Raub,3.7931,101.8569,26.7,67,0.0,6.5,3,Clouds generally forming or developing
2026-08-20,00:00:00,Perak,Teluk Intan,4.0259,101.0213,25.7,94,0.2,9.9,51,"Drizzle, not freezing, continuous 	slight at time of observation"
2026-08-20,00:00:00,Perak,Ipoh,4.6,101.07,26.0,99,0.0,0.7,3,Clouds generally forming or developing
2026-08-20,00:00:00,Selangor,Shah Alam,3.0833,101.5333,24.9,92,0.1,8.3,51,"Drizzle, not freezing, continuous 	slight at time of observation"
2026-08-20,00:00:00,Kuala Lumpur,Kuala Lumpur,3.1478,101.6953,24.3,96,0.2,5.9,51,"Drizzle, not freezing, continuous 	slight at time of observation"
2026-08-20,15:00:00,Sarawak,Bintulu,3.17,113.03,30.4,76,0.0,9.4,51,"Drizzle, not freezing, continuous 	slight at time of observation"
2026-08-20,15:00:00,Johor,Johor Bahru,1.4556,103.7611,32.6,55,0.0,16.1,3,Clouds generally forming or developing
2026-08-20,15:00:00,Pahang,Raub,3.7931,101.8569,33.5,42,0.0,9.5,3,Clouds generally forming or developing
2026-08-20,15:00:00,Johor,Kluang,2.0336,103.3194,32.8,54,0.0,13.5,51,"Drizzle, not freezing, continuous 	slight at time of observation"
2026-08-20,15:00:00,Pahang,Kuantan,3.8167,103.3333,32.6,60,0.0,10.2,2,State of sky on the whole unchanged
2026-08-20,15:00:00,Johor,Muar,2.05,102.56,31.7,60,0.0,12.3,3,Clouds generally forming or developing
2026-08-20,15:00:00,Sabah,Sandakan,5.8388,118.1173,30.9,62,0.0,14.7,3,Clouds generally forming or developing
2026-08-20,15:00:00,Sabah,Kota Kinabalu,5.975,116.0725,31.5,60,0.0,8.5,2,State of sky on the whole unchanged
2026-08-20,15:00:00,Pahang,Kuala Lipis,4.184,102.042,36.1,39,0.0,7.2,3,Clouds generally forming or developing
2026-08-20,15:00:00,Selangor,Klang,3.0333,101.45,33.9,46,0.0,10.9,51,"Drizzle, not freezing, continuous 	slight at time of observation"
2026-08-20,15:00:00,Negeri Sembilan,Seremban,2.7297,101.9381,32.4,52,0.0,9.2,3,Clouds generally forming or developing
2026-08-20,15:00:00,Perak,Teluk Intan,4.0259,101.0213,31.1,61,0.0,5.3,3,Clouds generally forming or developing
2026-08-20,15:00:00,Pulau Pinang,Butterworth,5.3992,100.3639,33.2,47,0.0,9.6,3,Clouds generally forming or developing
2026-08-20,15:00:00,Sarawak,Kuching,1.5397,110.3542,33.4,50,0.1,7.2,51,"Drizzle, not freezing, continuous 	slight at time of observation"
2026-08-20,15:00:00,Johor,Batu Pahat,1.85,102.93,32.3,59,0.0,15.7,3,Clouds generally forming or developing
2026-08-20,15:00:00,Selangor,Shah Alam,3.0833,101.5333,33.1,49,0.0,9.4,51,"Drizzle, not freezing, continuous 	slight at time of observation"
2026-08-20,15:00:00,Labuan,Labuan,5.2803,115.2475,31.8,59,0.0,8.1,1,Clouds generally dissolving or becoming less developed
2026-08-20,15:00:00,Pulau Pinang,Bukit Mertajam,5.3631,100.4667,33.2,47,0.0,9.6,3,Clouds generally forming or developing
2026-08-20,15:00:00,Perak,Ipoh,4.6,101.07,31.2,61,0.0,5.9,3,Clouds generally forming or developing
2026-08-20,15:00:00,Kedah,Sungai Petani,5.65,100.48,32.1,60,0.0,6.1,3,Clouds generally forming or developing
2026-08-20,15:00:00,Terengganu,Cukai,4.2332,103.4479,31.0,73,0.0,14.3,51,"Drizzle, not freezing, continuous 	slight at time of observation"
2026-08-20,15:00:00,Putrajaya,Putrajaya,2.93,101.69,32.2,55,0.0,9.8,3,Clouds generally forming or developing
2026-08-20,15:00:00,Sarawak,Sibu,2.3,111.8167,32.3,63,0.0,3.1,2,State of sky on the whole unchanged
2026-08-20,15:00:00,Kedah,Alor Setar,6.1167,100.3667,31.2,69,0.0,8.8,3,Clouds generally forming or developing
2026-08-20,15:00:00,Kuala Lumpur,Kuala Lumpur,3.1478,101.6953,33.3,51,0.0,6.5,3,Clouds generally forming or developing
2026-08-20,15:00:00,Kelantan,Kota Bharu,6.1333,102.25,33.2,55,0.0,3.1,3,Clouds generally forming or developing
2026-08-20,15:00:00,Perlis,Kangar,6.4333,100.2,32.3,59,0.0,9.8,3,Clouds generally forming or developing
2026-08-20,15:00:00,Perak,Taiping,4.85,100.7333,32.0,61,0.0,10.2,3,Clouds generally forming or developing
2026-08-20,15:00:00,Terengganu,Kuala Terengganu,5.3303,103.1408,31.8,68,0.0,7.6,2,State of sky on the whole unchanged
2026-08-20,15:00:00,Selangor,Petaling Jaya,3.1073,101.6067,32.9,52,0.0,6.9,3,Clouds generally forming or developing
2026-08-20,15:00:00,Sabah,Lahad Datu,5.03,118.34,27.8,83,0.5,6.1,80,"Rain shower(s), slight"
2026-08-20,15:00:00,Pulau Pinang,George Town,5.4145,100.3292,32.2,61,0.0,3.5,3,Clouds generally forming or developing
2026-08-20,15:00:00,Sabah,Tawau,4.2448,117.8911,29.6,70,0.1,8.1,51,"Drizzle, not freezing, continuous 	slight at time of observation"
2026-08-20,14:00:00,Selangor,Shah Alam,3.0833,101.5333,32.7,56,0.0,8.0,3,Clouds generally forming or developing
2026-08-20,14:00:00,Perlis,Kangar,6.4333,100.2,31.9,62,0.0,9.6,3,Clouds generally forming or developing
2026-08-20,14:00:00,Kelantan,Kota Bharu,6.1333,102.25,32.9,56,0.0,3.9,3,Clouds generally forming or developing
2026-08-20,14:00:00,Pulau Pinang,Butterworth,5.3992,100.3639,33.4,49,0.0,9.9,3,Clouds generally forming or developing
2026-08-20,14:00:00,Perak,Teluk Intan,4.0259,101.0213,29.8,69,0.0,5.2,3,Clouds generally forming or developing
2026-08-20,14:00:00,Terengganu,Cukai,4.2332,103.4479,31.1,72,0.0,14.7,3,Clouds generally forming or developing
2026-08-20,14:00:00,Perak,Ipoh,4.6,101.07,30.8,62,0.0,4.4,3,Clouds generally forming or developing
2026-08-20,14:00:00,Sabah,Kota Kinabalu,5.975,116.0725,31.6,60,0.0,10.3,2,State of sky on the whole unchanged
2026-08-20,14:00:00,Pahang,Raub,3.7931,101.8569,34.5,36,0.0,11.5,3,Clouds generally forming or developing
2026-08-20,14:00:00,Johor,Johor Bahru,1.4556,103.7611,32.9,55,0.0,16.1,3,Clouds generally forming or developing
2026-08-20,14:00:00,Selangor,Klang,3.0333,101.45,33.9,50,0.0,8.8,51,"Drizzle, not freezing, continuous 	slight at time of observation"
2026-08-20,14:00:00,Sarawak,Sibu,2.3,111.8167,32.7,61,0.0,3.6,1,Clouds generally dissolving or becoming less developed
2026-08-20,14:00:00,Selangor,Petaling Jaya,3.1073,101.6067,32.7,55,0.0,6.4,51,"Drizzle, not freezing, continuous 	slight at time of observation"
2026-08-20,14:00:00,Sabah,Lahad Datu,5.03,118.34,30.7,65,0.1,13.5,51,"Drizzle, not freezing, continuous 	slight at time of observation"
2026-08-20,14:00:00,Perak,Taiping,4.85,100.7333,32.4,58,0.0,8.7,3,Clouds generally forming or developing
2026-08-20,14:00:00,Kedah,Alor Setar,6.1167,100.3667,31.5,68,0.0,7.8,3,Clouds generally forming or developing
2026-08-20,14:00:00,Labuan,Labuan,5.2803,115.2475,31.8,59,0.1,9.3,51,"Drizzle, not freezing, continuous 	slight at time of observation"
2026-08-20,14:00:00,Putrajaya,Putrajaya,2.93,101.69,32.2,57,0.0,9.5,51,"Drizzle, not freezing, continuous 	slight at time of observation"
2026-08-20,14:00:00,Kedah,Sungai Petani,5.65,100.48,31.9,61,0.0,4.6,3,Clouds generally forming or developing
2026-08-20,14:00:00,Sabah,Tawau,4.2448,117.8911,30.2,67,0.1,10.1,51,"Drizzle, not freezing, continuous 	slight at time of observation"
2026-08-20,14:00:00,Pulau Pinang,Bukit Mertajam,5.3631,100.4667,33.3,49,0.0,9.9,3,Clouds generally forming or developing
2026-08-20,14:00:00,Sarawak,Bintulu,3.17,113.03,30.6,76,0.0,6.4,51,"Drizzle, not freezing, continuous 	slight at time of observation"
2026-08-20,14:00:00,Kuala Lumpur,Kuala Lumpur,3.1478,101.6953,33.2,53,0.0,5.4,3,Clouds generally forming or developing
2026-08-20,14:00:00,Johor,Batu Pahat,1.85,102.93,32.3,58,0.0,14.3,3,Clouds generally forming or developing
2026-08-20,14:00:00,Johor,Muar,2.05,102.56,31.7,60,0.0,13.2,3,Clouds generally forming or developing
2026-08-20,14:00:00,Terengganu,Kuala Terengganu,5.3303,103.1408,31.9,67,0.0,5.0,2,State of sky on the whole unchanged
2026-08-20,14:00:00,Johor,Kluang,2.0336,103.3194,32.9,54,0.0,13.2,3,Clouds generally forming or developing
2026-08-20,14:00:00,Sarawak,Kuching,1.5397,110.3542,33.7,49,0.0,8.5,1,Clouds generally dissolving or becoming less developed
2026-08-20,14:00:00,Negeri Sembilan,Seremban,2.7297,101.9381,32.8,51,0.0,9.5,3,Clouds generally forming or developing
2026-08-20,14:00:00,Pahang,Kuantan,3.8167,103.3333,32.8,57,0.0,9.8,3,Clouds generally forming or developing
2026-08-20,14:00:00,Pulau Pinang,George Town,5.4145,100.3292,32.1,63,0.0,4.4,3,Clouds generally forming or developing
2026-08-20,14:00:00,Sabah,Sandakan,5.8388,118.1173,32.4,57,0.1,6.7,51,"Drizzle, not freezing, continuous 	slight at time of observation"
2026-08-20,14:00:00,Pahang,Kuala Lipis,4.184,102.042,35.4,43,0.0,3.9,2,State of sky on the whole unchanged
2026-08-20,13:00:00,Perak,Ipoh,4.6,101.07,31.2,60,0.0,3.8,3,Clouds generally forming or developing
2026-08-20,13:00:00,Kelantan,Kota Bharu,6.1333,102.25,31.9,60,0.0,5.8,3,Clouds generally forming or developing
2026-08-20,13:00:00,Selangor,Klang,3.0333,101.45,32.9,57,0.0,7.5,3,Clouds generally forming or developing
2026-08-20,13:00:00,Perak,Taiping,4.85,100.7333,32.6,57,0.0,6.0,3,Clouds generally forming or developing
2026-08-20,13:00:00,Johor,Batu Pahat,1.85,102.93,32.2,56,0.0,11.8,3,Clouds generally forming or developing
2026-08-20,13:00:00,Kedah,Alor Setar,6.1167,100.3667,30.8,70,0.0,7.1,3,Clouds generally forming or developing
2026-08-20,13:00:00,Perak,Teluk Intan,4.0259,101.0213,30.0,68,0.0,3.6,3,Clouds generally forming or developing
2026-08-20,13:00:00,Kedah,Sungai Petani,5.65,100.48,31.3,64,0.0,3.6,3,Clouds generally forming or developing
2026-08-20,13:00:00,Terengganu,Kuala Terengganu,5.3303,103.1408,32.2,63,0.0,3.1,2,State of sky on the whole unchanged
2026-08-20,13:00:00,Putrajaya,Putrajaya,2.93,101.69,31.4,65,0.0,7.9,3,Clouds generally forming or developing
2026-08-20,13:00:00,Negeri Sembilan,Seremban,2.7297,101.9381,32.2,56,0.0,9.6,3,Clouds generally forming or developing
2026-08-20,13:00:00,Pulau Pinang,Bukit Mertajam,5.3631,100.4667,32.4,56,0.0,3.8,3,Clouds generally forming or developing
2026-08-20,13:00:00,Johor,Muar,2.05,102.56,31.4,61,0.0,13.3,3,Clouds generally forming or developing
2026-08-20,13:00:00,Kuala Lumpur,Kuala Lumpur,3.1478,101.6953,32.7,56,0.0,5.1,3,Clouds generally forming or developing
2026-08-20,13:00:00,Pulau Pinang,George Town,5.4145,100.3292,31.4,65,0.0,3.0,3,Clouds generally forming or developing
2026-08-20,13:00:00,Pahang,Kuala Lipis,4.184,102.042,34.1,48,0.0,2.7,3,Clouds generally forming or developing
2026-08-20,13:00:00,Pahang,Raub,3.7931,101.8569,34.6,36,0.0,9.1,3,Clouds generally forming or developing
2026-08-20,13:00:00,Johor,Johor Bahru,1.4556,103.7611,32.8,58,0.1,14.5,51,"Drizzle, not freezing, continuous 	slight at time of observation"
2026-08-20,13:00:00,Sabah,Sandakan,5.8388,118.1173,32.2,57,0.0,10.4,0,Cloud development not observed or not observable
2026-08-20,13:00:00,Johor,Kluang,2.0336,103.3194,32.4,57,0.0,12.6,51,"Drizzle, not freezing, continuous 	slight at time of observation"
2026-08-20,13:00:00,Sabah,Kota Kinabalu,5.975,116.0725,31.6,60,0.0,11.9,1,Clouds generally dissolving or becoming less developed
2026-08-20,13:00:00,Selangor,Shah Alam,3.0833,101.5333,32.0,61,0.0,7.1,3,Clouds generally forming or developing
2026-08-20,13:00:00,Pulau Pinang,Butterworth,5.3992,100.3639,32.4,56,0.0,3.8,3,Clouds generally forming or developing
2026-08-20,13:00:00,Sarawak,Kuching,1.5397,110.3542,33.2,52,0.0,9.5,0,Cloud development not observed or not observable
2026-08-20,13:00:00,Sarawak,Sibu,2.3,111.8167,32.2,63,0.0,4.7,1,Clouds generally dissolving or becoming less developed
2026-08-20,13:00:00,Labuan,Labuan,5.2803,115.2475,31.7,58,0.1,10.1,51,"Drizzle, not freezing, continuous 	slight at time of observation"
2026-08-20,13:00:00,Pahang,Kuantan,3.8167,103.3333,32.3,61,0.0,10.1,3,Clouds generally forming or developing
2026-08-20,13:00:00,Perlis,Kangar,6.4333,100.2,32.0,61,0.0,10.4,3,Clouds generally forming or developing
2026-08-20,13:00:00,Sabah,Lahad Datu,5.03,118.34,30.9,64,0.0,11.0,0,Cloud development not observed or not observable
2026-08-20,13:00:00,Sabah,Tawau,4.2448,117.8911,30.5,67,0.1,8.0,51,"Drizzle, not freezing, continuous 	slight at time of observation"
2026-08-20,13:00:00,Terengganu,Cukai,4.2332,103.4479,31.0,71,0.0,15.9,3,Clouds generally forming or developing
2026-08-20,13:00:00,Selangor,Petaling Jaya,3.1073,101.6067,32.1,58,0.0,5.8,3,Clouds generally forming or developing
2026-08-20,13:00:00,Sarawak,Bintulu,3.17,113.03,30.6,75,0.0,3.2,51,"Drizzle, not freezing, continuous 	slight at time of observation"
2026-08-20,12:00:00,Sarawak,Bintulu,3.17,113.03,29.5,79,0.2,1.9,51,"Drizzle, not freezing, continuous 	slight at time of observation"
2026-08-20,12:00:00,Kedah,Alor Setar,6.1167,100.3667,31.0,70,0.0,6.9,3,Clouds generally forming or developing
2026-08-20,12:00:00,Pahang,Kuantan,3.8167,103.3333,31.6,65,0.0,10.3,3,Clouds generally forming or developing
2026-08-20,12:00:00,Johor,Kluang,2.0336,103.3194,31.5,63,0.0,11.4,3,Clouds generally forming or developing
2026-08-20,12:00:00,Perlis,Kangar,6.4333,100.2,31.9,61,0.0,11.4,3,Clouds generally forming or developing
2026-08-20,12:00:00,Sarawak,Sibu,2.3,111.8167,31.8,66,0.0,6.3,51,"Drizzle, not freezing, continuous 	slight at time of observation"
2026-08-20,12:00:00,Selangor,Petaling Jaya,3.1073,101.6067,31.0,64,0.0,5.1,3,Clouds generally forming or developing
2026-08-20,12:00:00,Sarawak,Kuching,1.5397,110.3542,32.5,55,0.0,9.1,0,Cloud development not observed or not observable
2026-08-20,12:00:00,Kedah,Sungai Petani,5.65,100.48,31.1,64,0.0,0.8,3,Clouds generally forming or developing
2026-08-20,12:00:00,Johor,Muar,2.05,102.56,31.0,60,0.0,13.0,3,Clouds generally forming or developing
2026-08-20,12:00:00,Sabah,Tawau,4.2448,117.8911,30.1,69,0.2,6.0,51,"Drizzle, not freezing, continuous 	slight at time of observation"
2026-08-20,12:00:00,Labuan,Labuan,5.2803,115.2475,31.4,59,0.2,10.3,51,"Drizzle, not freezing, continuous 	slight at time of observation"
2026-08-20,12:00:00,Kuala Lumpur,Kuala Lumpur,3.1478,101.6953,31.6,60,0.0,3.5,3,Clouds generally forming or developing
2026-08-20,12:00:00,Terengganu,Kuala Terengganu,5.3303,103.1408,31.8,64,0.0,1.5,3,Clouds generally forming or developing
2026-08-20,12:00:00,Johor,Johor Bahru,1.4556,103.7611,32.0,61,0.0,11.7,51,"Drizzle, not freezing, continuous 	slight at time of observation"
2026-08-20,12:00:00,Negeri Sembilan,Seremban,2.7297,101.9381,31.7,62,0.0,7.4,3,Clouds generally forming or developing
2026-08-20,12:00:00,Perak,Ipoh,4.6,101.07,30.9,62,0.0,4.0,3,Clouds generally forming or developing
2026-08-20,12:00:00,Pulau Pinang,George Town,5.4145,100.3292,31.0,68,0.0,2.5,3,Clouds generally forming or developing
2026-08-20,12:00:00,Kelantan,Kota Bharu,6.1333,102.25,31.7,60,0.0,6.9,3,Clouds generally forming or developing
2026-08-20,12:00:00,Terengganu,Cukai,4.2332,103.4479,31.1,66,0.0,14.6,3,Clouds generally forming or developing
2026-08-20,12:00:00,Sabah,Kota Kinabalu,5.975,116.0725,31.8,60,0.0,11.9,2,State of sky on the whole unchanged
2026-08-20,12:00:00,Putrajaya,Putrajaya,2.93,101.69,30.2,72,0.0,7.3,3,Clouds generally forming or developing
2026-08-20,12:00:00,Selangor,Klang,3.0333,101.45,32.1,61,0.0,9.0,3,Clouds generally forming or developing
2026-08-20,12:00:00,Pahang,Raub,3.7931,101.8569,33.6,42,0.0,6.9,3,Clouds generally forming or developing
2026-08-20,12:00:00,Pulau Pinang,Butterworth,5.3992,100.3639,31.5,61,0.0,1.6,3,Clouds generally forming or developing
2026-08-20,12:00:00,Pahang,Kuala Lipis,4.184,102.042,32.8,52,0.0,4.0,3,Clouds generally forming or developing
2026-08-20,12:00:00,Perak,Teluk Intan,4.0259,101.0213,29.2,73,0.0,1.7,3,Clouds generally forming or developing
2026-08-20,12:00:00,Perak,Taiping,4.85,100.7333,31.8,63,0.0,2.4,3,Clouds generally forming or developing
2026-08-20,12:00:00,Selangor,Shah Alam,3.0833,101.5333,31.1,64,0.0,8.2,3,Clouds generally forming or developing
2026-08-20,12:00:00,Sabah,Lahad Datu,5.03,118.34,30.5,65,0.0,11.7,1,Clouds generally dissolving or becoming less developed
2026-08-20,12:00:00,Johor,Batu Pahat,1.85,102.93,31.6,60,0.0,11.9,3,Clouds generally forming or developing
2026-08-20,12:00:00,Sabah,Sandakan,5.8388,118.1173,32.3,56,0.0,11.9,0,Cloud development not observed or not observable
2026-08-20,12:00:00,Pulau Pinang,Bukit Mertajam,5.3631,100.4667,31.5,61,0.0,1.6,3,Clouds generally forming or developing
2026-08-20,11:00:00,Labuan,Labuan,5.2803,115.2475,30.6,63,0.0,10.3,51,"Drizzle, not freezing, continuous 	slight at time of observation"
2026-08-20,11:00:00,Perak,Taiping,4.85,100.7333,30.6,69,0.0,0.4,3,Clouds generally forming or developing
2026-08-20,11:00:00,Selangor,Klang,3.0333,101.45,31.4,63,0.0,7.5,3,Clouds generally forming or developing
2026-08-20,11:00:00,Sabah,Sandakan,5.8388,118.1173,31.7,57,0.0,14.5,0,Cloud development not observed or not observable
2026-08-20,11:00:00,Sarawak,Bintulu,3.17,113.03,27.8,83,0.3,3.9,53,"Drizzle, not freezing, continuous 	moderate at time of observation"
2026-08-20,11:00:00,Kedah,Alor Setar,6.1167,100.3667,30.3,73,0.0,4.3,3,Clouds generally forming or developing
2026-08-20,11:00:00,Perlis,Kangar,6.4333,100.2,31.3,65,0.0,11.4,3,Clouds generally forming or developing
2026-08-20,11:00:00,Pulau Pinang,Bukit Mertajam,5.3631,100.4667,30.6,66,0.0,4.1,3,Clouds generally forming or developing
2026-08-20,11:00:00,Johor,Johor Bahru,1.4556,103.7611,30.1,69,0.1,8.6,51,"Drizzle, not freezing, continuous 	slight at time of observation"
2026-08-20,11:00:00,Terengganu,Kuala Terengganu,5.3303,103.1408,30.8,71,0.0,3.7,3,Clouds generally forming or developing
2026-08-20,11:00:00,Terengganu,Cukai,4.2332,103.4479,30.6,66,0.0,12.6,3,Clouds generally forming or developing
2026-08-20,11:00:00,Putrajaya,Putrajaya,2.93,101.69,29.4,72,0.0,6.8,3,Clouds generally forming or developing
2026-08-20,11:00:00,Pahang,Raub,3.7931,101.8569,31.4,53,0.0,6.9,3,Clouds generally forming or developing
2026-08-20,11:00:00,Sabah,Kota Kinabalu,5.975,116.0725,31.3,63,0.0,11.1,2,State of sky on the whole unchanged
2026-08-20,11:00:00,Perak,Teluk Intan,4.0259,101.0213,29.4,71,0.0,2.6,3,Clouds generally forming or developing
2026-08-20,11:00:00,Johor,Batu Pahat,1.85,102.93,30.9,62,0.0,12.3,3,Clouds generally forming or developing
2026-08-20,11:00:00,Sabah,Tawau,4.2448,117.8911,29.7,71,0.2,6.8,51,"Drizzle, not freezing, continuous 	slight at time of observation"
2026-08-20,11:00:00,Pahang,Kuala Lipis,4.184,102.042,31.0,58,0.0,3.1,2,State of sky on the whole unchanged
2026-08-20,11:00:00,Sarawak,Sibu,2.3,111.8167,31.1,71,0.0,5.2,51,"Drizzle, not freezing, continuous 	slight at time of observation"
2026-08-20,11:00:00,Sarawak,Kuching,1.5397,110.3542,31.6,60,0.0,7.9,1,Clouds generally dissolving or becoming less developed
2026-08-20,11:00:00,Sabah,Lahad Datu,5.03,118.34,30.2,66,0.1,13.1,51,"Drizzle, not freezing, continuous 	slight at time of observation"
2026-08-20,11:00:00,Johor,Muar,2.05,102.56,30.7,63,0.0,13.6,3,Clouds generally forming or developing
2026-08-20,11:00:00,Kuala Lumpur,Kuala Lumpur,3.1478,101.6953,30.2,64,0.0,2.9,3,Clouds generally forming or developing
2026-08-20,11:00:00,Johor,Kluang,2.0336,103.3194,30.2,70,0.0,11.4,3,Clouds generally forming or developing
2026-08-20,11:00:00,Kedah,Sungai Petani,5.65,100.48,29.7,72,0.0,3.4,3,Clouds generally forming or developing
2026-08-20,11:00:00,Pulau Pinang,Butterworth,5.3992,100.3639,30.7,66,0.0,4.1,3,Clouds generally forming or developing
2026-08-20,11:00:00,Selangor,Shah Alam,3.0833,101.5333,30.5,66,0.0,7.3,3,Clouds generally forming or developing
2026-08-20,11:00:00,Selangor,Petaling Jaya,3.1073,101.6067,29.8,69,0.0,4.9,3,Clouds generally forming or developing
2026-08-20,11:00:00,Negeri Sembilan,Seremban,2.7297,101.9381,29.8,72,0.0,6.3,3,Clouds generally forming or developing
2026-08-20,11:00:00,Pulau Pinang,George Town,5.4145,100.3292,30.4,71,0.0,3.3,3,Clouds generally forming or developing
2026-08-20,11:00:00,Perak,Ipoh,4.6,101.07,30.9,63,0.0,3.3,3,Clouds generally forming or developing
2026-08-20,11:00:00,Pahang,Kuantan,3.8167,103.3333,30.3,70,0.0,10.0,3,Clouds generally forming or developing
2026-08-20,11:00:00,Kelantan,Kota Bharu,6.1333,102.25,31.0,62,0.0,8.3,3,Clouds generally forming or developing
2026-08-20,10:00:00,Labuan,Labuan,5.2803,115.2475,30.8,61,0.0,10.6,3,Clouds generally forming or developing
2026-08-20,10:00:00,Kelantan,Kota Bharu,6.1333,102.25,30.0,66,0.0,9.5,3,Clouds generally forming or developing
2026-08-20,10:00:00,Selangor,Klang,3.0333,101.45,30.0,68,0.0,4.8,3,Clouds generally forming or developing
2026-08-20,10:00:00,Kedah,Sungai Petani,5.65,100.48,28.0,80,0.0,4.8,3,Clouds generally forming or developing
2026-08-20,10:00:00,Terengganu,Kuala Terengganu,5.3303,103.1408,29.2,81,0.0,2.1,3,Clouds generally forming or developing
2026-08-20,10:00:00,Johor,Batu Pahat,1.85,102.93,30.2,65,0.0,10.9,3,Clouds generally forming or developing
2026-08-20,10:00:00,Sabah,Lahad Datu,5.03,118.34,30.4,62,0.0,14.3,1,Clouds generally dissolving or becoming less developed
2026-08-20,10:00:00,Pulau Pinang,Bukit Mertajam,5.3631,100.4667,29.6,70,0.0,5.5,3,Clouds generally forming or developing
2026-08-20,10:00:00,Kedah,Alor Setar,6.1167,100.3667,28.8,81,0.0,3.5,3,Clouds generally forming or developing
2026-08-20,10:00:00,Putrajaya,Putrajaya,2.93,101.69,27.5,83,0.0,5.2,3,Clouds generally forming or developing
2026-08-20,10:00:00,Kuala Lumpur,Kuala Lumpur,3.1478,101.6953,28.2,78,0.0,1.9,3,Clouds generally forming or developing
2026-08-20,10:00:00,Sabah,Tawau,4.2448,117.8911,28.9,75,0.1,6.4,51,"Drizzle, not freezing, continuous 	slight at time of observation"
2026-08-20,10:00:00,Johor,Johor Bahru,1.4556,103.7611,28.3,79,0.2,9.5,51,"Drizzle, not freezing, continuous 	slight at time of observation"
2026-08-20,10:00:00,Perak,Teluk Intan,4.0259,101.0213,28.2,78,0.0,2.7,3,Clouds generally forming or developing
2026-08-20,10:00:00,Sarawak,Bintulu,3.17,113.03,28.6,82,0.0,6.7,51,"Drizzle, not freezing, continuous 	slight at time of observation"
2026-08-20,10:00:00,Pahang,Kuala Lipis,4.184,102.042,29.2,66,0.0,2.2,3,Clouds generally forming or developing
2026-08-20,10:00:00,Perlis,Kangar,6.4333,100.2,30.6,69,0.1,11.6,51,"Drizzle, not freezing, continuous 	slight at time of observation"
2026-08-20,10:00:00,Sarawak,Kuching,1.5397,110.3542,29.9,70,0.0,6.0,1,Clouds generally dissolving or becoming less developed
2026-08-20,10:00:00,Selangor,Petaling Jaya,3.1073,101.6067,28.1,81,0.0,2.4,3,Clouds generally forming or developing
2026-08-20,10:00:00,Pahang,Kuantan,3.8167,103.3333,28.7,75,0.0,9.9,3,Clouds generally forming or developing
2026-08-20,10:00:00,Johor,Kluang,2.0336,103.3194,28.7,80,0.0,8.6,3,Clouds generally forming or developing
2026-08-20,10:00:00,Pulau Pinang,George Town,5.4145,100.3292,29.0,79,0.0,4.1,3,Clouds generally forming or developing
2026-08-20,10:00:00,Johor,Muar,2.05,102.56,30.5,64,0.0,11.9,3,Clouds generally forming or developing
2026-08-20,10:00:00,Sabah,Sandakan,5.8388,118.1173,30.7,64,0.0,15.5,0,Cloud development not observed or not observable
2026-08-20,10:00:00,Sarawak,Sibu,2.3,111.8167,30.2,76,0.0,5.1,1,Clouds generally dissolving or becoming less developed
2026-08-20,10:00:00,Terengganu,Cukai,4.2332,103.4479,29.3,72,0.0,9.4,3,Clouds generally forming or developing
2026-08-20,10:00:00,Perak,Ipoh,4.6,101.07,29.1,70,0.0,4.6,3,Clouds generally forming or developing
2026-08-20,10:00:00,Sabah,Kota Kinabalu,5.975,116.0725,30.5,65,0.0,10.6,2,State of sky on the whole unchanged
2026-08-20,10:00:00,Negeri Sembilan,Seremban,2.7297,101.9381,28.7,72,0.0,4.6,3,Clouds generally forming or developing
2026-08-20,10:00:00,Selangor,Shah Alam,3.0833,101.5333,29.4,72,0.0,5.1,3,Clouds generally forming or developing
2026-08-20,10:00:00,Pahang,Raub,3.7931,101.8569,29.0,62,0.0,6.1,3,Clouds generally forming or developing
2026-08-20,10:00:00,Perak,Taiping,4.85,100.7333,29.4,76,0.0,2.5,3,Clouds generally forming or developing
2026-08-20,10:00:00,Pulau Pinang,Butterworth,5.3992,100.3639,29.6,70,0.0,5.5,3,Clouds generally forming or developing
2026-08-20,09:00:00,Sarawak,Bintulu,3.17,113.03,27.6,85,0.0,6.1,2,State of sky on the whole unchanged
2026-08-20,09:00:00,Johor,Kluang,2.0336,103.3194,27.1,88,0.0,6.1,3,Clouds generally forming or developing
2026-08-20,09:00:00,Perak,Teluk Intan,4.0259,101.0213,27.2,82,0.0,5.8,3,Clouds generally forming or developing
2026-08-20,09:00:00,Johor,Muar,2.05,102.56,29.3,71,0.0,8.5,3,Clouds generally forming or developing
2026-08-20,09:00:00,Kuala Lumpur,Kuala Lumpur,3.1478,101.6953,26.6,89,0.0,2.2,3,Clouds generally forming or developing
2026-08-20,09:00:00,Perak,Ipoh,4.6,101.07,26.7,82,0.0,6.1,3,Clouds generally forming or developing
2026-08-20,09:00:00,Sabah,Tawau,4.2448,117.8911,27.9,81,0.0,6.2,2,State of sky on the whole unchanged
2026-08-20,09:00:00,Sabah,Kota Kinabalu,5.975,116.0725,28.5,77,0.2,8.1,51,"Drizzle, not freezing, continuous 	slight at time of observation"
2026-08-20,09:00:00,Pahang,Kuala Lipis,4.184,102.042,27.5,76,0.0,2.6,3,Clouds generally forming or developing
2026-08-20,09:00:00,Pulau Pinang,Bukit Mertajam,5.3631,100.4667,27.7,79,0.0,4.1,3,Clouds generally forming or developing
2026-08-20,09:00:00,Johor,Batu Pahat,1.85,102.93,29.1,75,0.0,7.6,3,Clouds generally forming or developing
2026-08-20,09:00:00,Kedah,Sungai Petani,5.65,100.48,26.5,87,0.0,5.6,3,Clouds generally forming or developing
2026-08-20,09:00:00,Labuan,Labuan,5.2803,115.2475,30.3,64,0.0,11.5,2,State of sky on the whole unchanged
2026-08-20,09:00:00,Negeri Sembilan,Seremban,2.7297,101.9381,27.2,80,0.0,3.8,3,Clouds generally forming or developing
2026-08-20,09:00:00,Terengganu,Kuala Terengganu,5.3303,103.1408,27.2,92,0.0,2.3,3,Clouds generally forming or developing
2026-08-20,09:00:00,Putrajaya,Putrajaya,2.93,101.69,26.7,86,0.0,4.6,3,Clouds generally forming or developing
2026-08-20,09:00:00,Selangor,Shah Alam,3.0833,101.5333,27.6,82,0.0,3.1,3,Clouds generally forming or developing
2026-08-20,09:00:00,Sarawak,Kuching,1.5397,110.3542,27.9,77,0.0,4.3,0,Cloud development not observed or not observable
2026-08-20,09:00:00,Pulau Pinang,Butterworth,5.3992,100.3639,27.8,79,0.0,4.1,3,Clouds generally forming or developing
2026-08-20,09:00:00,Pahang,Raub,3.7931,101.8569,27.7,73,0.0,3.7,3,Clouds generally forming or developing
2026-08-20,09:00:00,Sabah,Sandakan,5.8388,118.1173,29.8,70,0.0,14.4,0,Cloud development not observed or not observable
2026-08-20,09:00:00,Terengganu,Cukai,4.2332,103.4479,27.8,81,0.0,8.3,3,Clouds generally forming or developing
2026-08-20,09:00:00,Pahang,Kuantan,3.8167,103.3333,27.1,80,0.0,9.3,3,Clouds generally forming or developing
2026-08-20,09:00:00,Perak,Taiping,4.85,100.7333,27.5,84,0.0,4.5,3,Clouds generally forming or developing
2026-08-20,09:00:00,Sabah,Lahad Datu,5.03,118.34,30.0,63,0.0,12.9,1,Clouds generally dissolving or becoming less developed
2026-08-20,09:00:00,Pulau Pinang,George Town,5.4145,100.3292,27.4,90,0.0,3.1,3,Clouds generally forming or developing
2026-08-20,09:00:00,Selangor,Petaling Jaya,3.1073,101.6067,26.6,87,0.0,1.6,3,Clouds generally forming or developing
2026-08-20,09:00:00,Perlis,Kangar,6.4333,100.2,29.3,76,0.0,9.2,3,Clouds generally forming or developing
2026-08-20,09:00:00,Selangor,Klang,3.0333,101.45,27.8,81,0.0,3.1,3,Clouds generally forming or developing
2026-08-20,09:00:00,Kelantan,Kota Bharu,6.1333,102.25,28.2,75,0.0,8.4,3,Clouds generally forming or developing
2026-08-20,09:00:00,Sarawak,Sibu,2.3,111.8167,29.1,82,0.0,4.7,2,State of sky on the whole unchanged
2026-08-20,09:00:00,Kedah,Alor Setar,6.1167,100.3667,27.1,91,0.0,5.0,3,Clouds generally forming or developing
2026-08-20,09:00:00,Johor,Johor Bahru,1.4556,103.7611,27.6,85,0.1,3.5,51,"Drizzle, not freezing, continuous 	slight at time of observation"
2026-08-20,08:00:00,Negeri Sembilan,Seremban,2.7297,101.9381,26.5,82,0.0,2.4,3,Clouds generally forming or developing
2026-08-20,08:00:00,Terengganu,Cukai,4.2332,103.4479,26.5,89,0.0,9.4,3,Clouds generally forming or developing
2026-08-20,08:00:00,Perak,Ipoh,4.6,101.07,25.2,90,0.0,6.8,3,Clouds generally forming or developing
2026-08-20,08:00:00,Johor,Kluang,2.0336,103.3194,25.3,93,0.0,6.0,3,Clouds generally forming or developing
2026-08-20,08:00:00,Sabah,Kota Kinabalu,5.975,116.0725,27.3,84,0.0,4.5,3,Clouds generally forming or developing
2026-08-20,08:00:00,Sarawak,Bintulu,3.17,113.03,26.2,90,0.3,4.7,51,"Drizzle, not freezing, continuous 	slight at time of observation"
2026-08-20,08:00:00,Pahang,Raub,3.7931,101.8569,25.5,82,0.0,1.0,3,Clouds generally forming or developing
2026-08-20,08:00:00,Sarawak,Sibu,2.3,111.8167,27.4,91,0.0,3.7,1,Clouds generally dissolving or becoming less developed
2026-08-20,08:00:00,Pulau Pinang,Butterworth,5.3992,100.3639,26.6,83,0.0,5.5,3,Clouds generally forming or developing
2026-08-20,08:00:00,Putrajaya,Putrajaya,2.93,101.69,26.3,85,0.0,3.9,3,Clouds generally forming or developing
2026-08-20,08:00:00,Pahang,Kuantan,3.8167,103.3333,25.7,84,0.0,11.5,3,Clouds generally forming or developing
2026-08-20,08:00:00,Perak,Teluk Intan,4.0259,101.0213,25.9,91,0.0,5.2,3,Clouds generally forming or developing
2026-08-20,08:00:00,Sarawak,Kuching,1.5397,110.3542,25.9,88,0.0,5.3,2,State of sky on the whole unchanged
2026-08-20,08:00:00,Pahang,Kuala Lipis,4.184,102.042,25.7,87,0.0,1.3,2,State of sky on the whole unchanged
2026-08-20,08:00:00,Sabah,Sandakan,5.8388,118.1173,28.7,75,0.0,11.8,1,Clouds generally dissolving or becoming less developed
2026-08-20,08:00:00,Sabah,Lahad Datu,5.03,118.34,29.4,66,0.1,9.7,51,"Drizzle, not freezing, continuous 	slight at time of observation"
2026-08-20,08:00:00,Labuan,Labuan,5.2803,115.2475,29.8,66,0.0,10.4,2,State of sky on the whole unchanged
2026-08-20,08:00:00,Johor,Batu Pahat,1.85,102.93,27.0,85,0.0,6.9,3,Clouds generally forming or developing
2026-08-20,08:00:00,Kelantan,Kota Bharu,6.1333,102.25,26.5,79,0.0,9.2,3,Clouds generally forming or developing
2026-08-20,08:00:00,Perlis,Kangar,6.4333,100.2,27.9,82,0.0,9.4,3,Clouds generally forming or developing
2026-08-20,08:00:00,Sabah,Tawau,4.2448,117.8911,26.7,86,0.1,5.2,51,"Drizzle, not freezing, continuous 	slight at time of observation"
2026-08-20,08:00:00,Johor,Johor Bahru,1.4556,103.7611,25.6,91,0.0,3.9,3,Clouds generally forming or developing
2026-08-20,08:00:00,Pulau Pinang,George Town,5.4145,100.3292,26.7,95,0.0,4.4,3,Clouds generally forming or developing
2026-08-20,08:00:00,Kedah,Alor Setar,6.1167,100.3667,26.1,89,0.0,4.6,3,Clouds generally forming or developing
2026-08-20,08:00:00,Johor,Muar,2.05,102.56,27.8,83,0.0,5.9,3,Clouds generally forming or developing
2026-08-20,08:00:00,Selangor,Shah Alam,3.0833,101.5333,26.6,89,0.0,2.8,3,Clouds generally forming or developing
2026-08-20,08:00:00,Selangor,Klang,3.0333,101.45,26.5,88,0.0,3.0,3,Clouds generally forming or developing
2026-08-20,08:00:00,Perak,Taiping,4.85,100.7333,25.7,90,0.0,5.8,3,Clouds generally forming or developing
2026-08-20,08:00:00,Kuala Lumpur,Kuala Lumpur,3.1478,101.6953,26.0,90,0.0,2.9,3,Clouds generally forming or developing
2026-08-20,08:00:00,Selangor,Petaling Jaya,3.1073,101.6067,26.1,88,0.0,2.8,3,Clouds generally forming or developing
2026-08-20,08:00:00,Kedah,Sungai Petani,5.65,100.48,25.1,90,0.0,6.3,3,Clouds generally forming or developing
2026-08-20,08:00:00,Terengganu,Kuala Terengganu,5.3303,103.1408,25.5,97,0.0,3.7,3,Clouds generally forming or developing
2026-08-20,08:00:00,Pulau Pinang,Bukit Mertajam,5.3631,100.4667,26.5,83,0.0,5.5,3,Clouds generally forming or developing
2026-08-20,07:00:00,Sabah,Sandakan,5.8388,118.1173,26.8,85,0.0,9.6,2,State of sky on the whole unchanged
2026-08-20,07:00:00,Negeri Sembilan,Seremban,2.7297,101.9381,24.8,85,0.0,3.9,3,Clouds generally forming or developing
2026-08-20,07:00:00,Pulau Pinang,Bukit Mertajam,5.3631,100.4667,26.5,83,0.0,6.3,3,Clouds generally forming or developing
2026-08-20,07:00:00,Kelantan,Kota Bharu,6.1333,102.25,25.1,83,0.0,6.0,3,Clouds generally forming or developing
2026-08-20,07:00:00,Selangor,Klang,3.0333,101.45,25.3,95,0.0,4.9,3,Clouds generally forming or developing
2026-08-20,07:00:00,Perlis,Kangar,6.4333,100.2,27.7,77,0.0,9.9,3,Clouds generally forming or developing
2026-08-20,07:00:00,Perak,Ipoh,4.6,101.07,24.6,99,0.0,1.4,3,Clouds generally forming or developing
2026-08-20,07:00:00,Selangor,Shah Alam,3.0833,101.5333,25.4,92,0.0,3.8,3,Clouds generally forming or developing
2026-08-20,07:00:00,Pahang,Kuantan,3.8167,103.3333,24.5,87,0.0,12.2,3,Clouds generally forming or developing
2026-08-20,07:00:00,Sabah,Lahad Datu,5.03,118.34,27.3,82,0.1,4.9,51,"Drizzle, not freezing, continuous 	slight at time of observation"
2026-08-20,07:00:00,Perak,Teluk Intan,4.0259,101.0213,25.2,90,0.0,4.4,3,Clouds generally forming or developing
2026-08-20,07:00:00,Kedah,Alor Setar,6.1167,100.3667,26.1,82,0.0,2.6,3,Clouds generally forming or developing
2026-08-20,07:00:00,Pulau Pinang,George Town,5.4145,100.3292,26.4,95,0.0,3.4,3,Clouds generally forming or developing
2026-08-20,07:00:00,Putrajaya,Putrajaya,2.93,101.69,24.9,97,0.0,3.5,3,Clouds generally forming or developing
2026-08-20,07:00:00,Sabah,Kota Kinabalu,5.975,116.0725,25.1,89,0.0,4.5,3,Clouds generally forming or developing
2026-08-20,07:00:00,Sarawak,Sibu,2.3,111.8167,24.9,94,0.0,6.4,2,State of sky on the whole unchanged
2026-08-20,07:00:00,Selangor,Petaling Jaya,3.1073,101.6067,24.7,96,0.0,3.2,3,Clouds generally forming or developing
2026-08-20,07:00:00,Johor,Batu Pahat,1.85,102.93,23.9,96,0.0,2.0,3,Clouds generally forming or developing
2026-08-20,07:00:00,Pahang,Kuala Lipis,4.184,102.042,23.9,96,0.0,2.4,3,Clouds generally forming or developing
2026-08-20,07:00:00,Labuan,Labuan,5.2803,115.2475,27.4,88,0.0,9.4,3,Clouds generally forming or developing
2026-08-20,07:00:00,Perak,Taiping,4.85,100.7333,24.8,94,0.0,2.7,3,Clouds generally forming or developing
2026-08-20,07:00:00,Johor,Kluang,2.0336,103.3194,23.8,95,0.0,2.3,3,Clouds generally forming or developing
2026-08-20,07:00:00,Johor,Muar,2.05,102.56,26.8,81,0.0,10.9,3,Clouds generally forming or developing
2026-08-20,07:00:00,Pahang,Raub,3.7931,101.8569,24.2,79,0.0,2.0,3,Clouds generally forming or developing
2026-08-20,07:00:00,Terengganu,Cukai,4.2332,103.4479,25.1,96,0.0,8.7,3,Clouds generally forming or developing
2026-08-20,07:00:00,Pulau Pinang,Butterworth,5.3992,100.3639,26.6,83,0.0,6.3,3,Clouds generally forming or developing
2026-08-20,07:00:00,Sarawak,Bintulu,3.17,113.03,23.0,98,1.0,10.3,81,"Rain shower(s), moderate or heavy"
2026-08-20,07:00:00,Kedah,Sungai Petani,5.65,100.48,24.0,91,0.0,4.7,3,Clouds generally forming or developing
2026-08-20,07:00:00,Sabah,Tawau,4.2448,117.8911,25.7,92,0.2,7.5,51,"Drizzle, not freezing, continuous 	slight at time of observation"
2026-08-20,07:00:00,Johor,Johor Bahru,1.4556,103.7611,23.0,100,0.0,1.3,3,Clouds generally forming or developing
2026-08-20,07:00:00,Sarawak,Kuching,1.5397,110.3542,24.3,98,0.0,6.2,3,Clouds generally forming or developing
2026-08-20,07:00:00,Kuala Lumpur,Kuala Lumpur,3.1478,101.6953,24.6,97,0.0,4.7,3,Clouds generally forming or developing
2026-08-20,07:00:00,Terengganu,Kuala Terengganu,5.3303,103.1408,24.3,98,0.0,5.8,3,Clouds generally forming or developing
2026-08-20,06:00:00,Terengganu,Kuala Terengganu,5.3303,103.1408,24.4,98,0.0,6.3,3,Clouds generally forming or developing
2026-08-20,06:00:00,Selangor,Petaling Jaya,3.1073,101.6067,24.9,96,0.0,1.5,3,Clouds generally forming or developing
2026-08-20,06:00:00,Pahang,Raub,3.7931,101.8569,24.5,80,0.0,1.9,3,Clouds generally forming or developing
2026-08-20,06:00:00,Johor,Johor Bahru,1.4556,103.7611,23.2,99,0.0,2.8,3,Clouds generally forming or developing
2026-08-20,06:00:00,Kedah,Alor Setar,6.1167,100.3667,27.0,79,0.0,4.1,3,Clouds generally forming or developing
2026-08-20,06:00:00,Sarawak,Sibu,2.3,111.8167,25.2,97,0.0,11.5,2,State of sky on the whole unchanged
2026-08-20,06:00:00,Pahang,Kuantan,3.8167,103.3333,24.7,88,0.0,10.9,3,Clouds generally forming or developing
2026-08-20,06:00:00,Pulau Pinang,Butterworth,5.3992,100.3639,26.6,84,0.0,3.2,3,Clouds generally forming or developing
2026-08-20,06:00:00,Sarawak,Kuching,1.5397,110.3542,24.6,98,0.0,10.7,2,State of sky on the whole unchanged
2026-08-20,06:00:00,Sabah,Kota Kinabalu,5.975,116.0725,24.5,87,0.0,3.7,2,State of sky on the whole unchanged
2026-08-20,06:00:00,Selangor,Klang,3.0333,101.45,25.5,95,0.0,5.2,3,Clouds generally forming or developing
2026-08-20,06:00:00,Perlis,Kangar,6.4333,100.2,27.8,76,0.0,11.0,3,Clouds generally forming or developing
2026-08-20,06:00:00,Sarawak,Bintulu,3.17,113.03,23.5,95,0.0,7.7,53,"Drizzle, not freezing, continuous 	moderate at time of observation"
2026-08-20,06:00:00,Sabah,Lahad Datu,5.03,118.34,26.2,86,0.0,2.2,1,Clouds generally dissolving or becoming less developed
2026-08-20,06:00:00,Terengganu,Cukai,4.2332,103.4479,25.5,95,0.0,9.2,3,Clouds generally forming or developing
2026-08-20,06:00:00,Perak,Taiping,4.85,100.7333,25.1,93,0.0,3.0,3,Clouds generally forming or developing
2026-08-20,06:00:00,Kelantan,Kota Bharu,6.1333,102.25,25.4,81,0.0,5.7,3,Clouds generally forming or developing
2026-08-20,06:00:00,Sabah,Sandakan,5.8388,118.1173,26.2,89,0.0,9.0,2,State of sky on the whole unchanged
2026-08-20,06:00:00,Pahang,Kuala Lipis,4.184,102.042,24.1,96,0.0,2.5,3,Clouds generally forming or developing
2026-08-20,06:00:00,Kuala Lumpur,Kuala Lumpur,3.1478,101.6953,24.8,98,0.0,3.3,3,Clouds generally forming or developing
2026-08-20,06:00:00,Putrajaya,Putrajaya,2.93,101.69,25.1,97,0.0,2.3,3,Clouds generally forming or developing
2026-08-20,06:00:00,Perak,Ipoh,4.6,101.07,25.0,98,0.0,1.8,3,Clouds generally forming or developing
2026-08-20,06:00:00,Johor,Muar,2.05,102.56,26.4,84,0.0,11.7,3,Clouds generally forming or developing
2026-08-20,06:00:00,Sabah,Tawau,4.2448,117.8911,25.4,92,0.1,6.7,51,"Drizzle, not freezing, continuous 	slight at time of observation"
2026-08-20,06:00:00,Kedah,Sungai Petani,5.65,100.48,24.0,92,0.0,4.2,3,Clouds generally forming or developing
2026-08-20,06:00:00,Negeri Sembilan,Seremban,2.7297,101.9381,25.0,84,0.0,3.9,3,Clouds generally forming or developing
2026-08-20,06:00:00,Pulau Pinang,George Town,5.4145,100.3292,26.8,93,0.0,2.3,3,Clouds generally forming or developing
2026-08-20,06:00:00,Johor,Batu Pahat,1.85,102.93,24.5,93,0.0,1.9,3,Clouds generally forming or developing
2026-08-20,06:00:00,Johor,Kluang,2.0336,103.3194,23.8,95,0.0,2.5,3,Clouds generally forming or developing
2026-08-20,06:00:00,Pulau Pinang,Bukit Mertajam,5.3631,100.4667,26.6,84,0.0,3.2,3,Clouds generally forming or developing
2026-08-20,06:00:00,Labuan,Labuan,5.2803,115.2475,26.7,90,0.0,9.1,2,State of sky on the whole unchanged
2026-08-20,06:00:00,Selangor,Shah Alam,3.0833,101.5333,25.6,91,0.0,3.2,3,Clouds generally forming or developing
2026-08-20,06:00:00,Perak,Teluk Intan,4.0259,101.0213,24.8,93,0.0,5.1,3,Clouds generally forming or developing
2026-08-20,05:00:00,Perak,Ipoh,4.6,101.07,25.3,97,0.0,2.2,3,Clouds generally forming or developing
2026-08-20,05:00:00,Sarawak,Bintulu,3.17,113.03,25.1,92,0.0,5.8,2,State of sky on the whole unchanged
2026-08-20,05:00:00,Sabah,Sandakan,5.8388,118.1173,26.4,88,0.0,12.1,2,State of sky on the whole unchanged
2026-08-20,05:00:00,Selangor,Shah Alam,3.0833,101.5333,25.5,92,0.0,0.3,3,Clouds generally forming or developing
2026-08-20,05:00:00,Labuan,Labuan,5.2803,115.2475,26.6,91,0.0,8.9,3,Clouds generally forming or developing
2026-08-20,05:00:00,Johor,Batu Pahat,1.85,102.93,24.3,94,0.0,2.5,3,Clouds generally forming or developing
2026-08-20,05:00:00,Sarawak,Kuching,1.5397,110.3542,24.9,97,0.0,10.6,3,Clouds generally forming or developing
2026-08-20,05:00:00,Johor,Johor Bahru,1.4556,103.7611,23.4,98,0.0,2.9,3,Clouds generally forming or developing
2026-08-20,05:00:00,Kedah,Sungai Petani,5.65,100.48,24.1,93,0.0,5.0,3,Clouds generally forming or developing
2026-08-20,05:00:00,Terengganu,Cukai,4.2332,103.4479,25.7,95,0.0,9.4,3,Clouds generally forming or developing
2026-08-20,05:00:00,Perak,Taiping,4.85,100.7333,25.5,91,0.0,2.3,3,Clouds generally forming or developing
2026-08-20,05:00:00,Johor,Muar,2.05,102.56,26.0,86,0.0,13.9,3,Clouds generally forming or developing
2026-08-20,05:00:00,Pulau Pinang,Butterworth,5.3992,100.3639,27.1,81,0.0,3.6,3,Clouds generally forming or developing
2026-08-20,05:00:00,Pulau Pinang,George Town,5.4145,100.3292,27.1,91,0.0,1.5,3,Clouds generally forming or developing
2026-08-20,05:00:00,Sarawak,Sibu,2.3,111.8167,25.4,99,0.0,2.0,3,Clouds generally forming or developing
2026-08-20,05:00:00,Sabah,Lahad Datu,5.03,118.34,26.2,86,0.0,1.6,1,Clouds generally dissolving or becoming less developed
2026-08-20,05:00:00,Pahang,Raub,3.7931,101.8569,24.4,80,0.0,2.6,3,Clouds generally forming or developing
2026-08-20,05:00:00,Johor,Kluang,2.0336,103.3194,23.7,97,0.0,5.2,3,Clouds generally forming or developing
2026-08-20,05:00:00,Terengganu,Kuala Terengganu,5.3303,103.1408,24.5,99,0.0,4.9,3,Clouds generally forming or developing
2026-08-20,05:00:00,Kelantan,Kota Bharu,6.1333,102.25,25.5,79,0.0,6.1,3,Clouds generally forming or developing
2026-08-20,05:00:00,Sabah,Kota Kinabalu,5.975,116.0725,24.3,91,0.0,3.4,1,Clouds generally dissolving or becoming less developed
2026-08-20,05:00:00,Negeri Sembilan,Seremban,2.7297,101.9381,24.8,84,0.0,3.9,3,Clouds generally forming or developing
2026-08-20,05:00:00,Perak,Teluk Intan,4.0259,101.0213,24.4,97,0.0,5.6,3,Clouds generally forming or developing
2026-08-20,05:00:00,Selangor,Klang,3.0333,101.45,25.3,99,0.0,1.6,3,Clouds generally forming or developing
2026-08-20,05:00:00,Perlis,Kangar,6.4333,100.2,28.1,73,0.0,11.9,3,Clouds generally forming or developing
2026-08-20,05:00:00,Kuala Lumpur,Kuala Lumpur,3.1478,101.6953,24.9,98,0.0,3.6,3,Clouds generally forming or developing
2026-08-20,05:00:00,Pahang,Kuala Lipis,4.184,102.042,24.3,95,0.0,3.0,1,Clouds generally dissolving or becoming less developed
2026-08-20,05:00:00,Sabah,Tawau,4.2448,117.8911,25.5,91,0.0,4.2,3,Clouds generally forming or developing
2026-08-20,05:00:00,Pahang,Kuantan,3.8167,103.3333,24.9,89,0.0,10.1,3,Clouds generally forming or developing
2026-08-20,05:00:00,Pulau Pinang,Bukit Mertajam,5.3631,100.4667,27.0,81,0.0,3.6,3,Clouds generally forming or developing
2026-08-20,05:00:00,Selangor,Petaling Jaya,3.1073,101.6067,24.8,95,0.0,2.1,3,Clouds generally forming or developing
2026-08-20,05:00:00,Kedah,Alor Setar,6.1167,100.3667,27.2,77,0.0,5.3,3,Clouds generally forming or developing
2026-08-20,05:00:00,Putrajaya,Putrajaya,2.93,101.69,24.9,97,0.0,0.3,3,Clouds generally forming or developing
2026-08-20,04:00:00,Perak,Ipoh,4.6,101.07,25.4,96,0.0,1.2,3,Clouds generally forming or developing
2026-08-20,04:00:00,Kedah,Sungai Petani,5.65,100.48,24.2,94,0.0,5.4,3,Clouds generally forming or developing
2026-08-20,04:00:00,Selangor,Klang,3.0333,101.45,25.3,99,0.0,2.8,3,Clouds generally forming or developing
2026-08-20,04:00:00,Sarawak,Sibu,2.3,111.8167,25.8,97,0.0,0.5,3,Clouds generally forming or developing
2026-08-20,04:00:00,Pahang,Raub,3.7931,101.8569,24.6,80,0.0,2.8,3,Clouds generally forming or developing
2026-08-20,04:00:00,Pulau Pinang,George Town,5.4145,100.3292,27.1,89,0.0,2.2,3,Clouds generally forming or developing
2026-08-20,04:00:00,Putrajaya,Putrajaya,2.93,101.69,24.8,97,0.0,0.3,3,Clouds generally forming or developing
2026-08-20,04:00:00,Pahang,Kuala Lipis,4.184,102.042,24.7,93,0.0,4.5,3,Clouds generally forming or developing
2026-08-20,04:00:00,Johor,Kluang,2.0336,103.3194,23.8,97,0.0,4.4,3,Clouds generally forming or developing
2026-08-20,04:00:00,Terengganu,Kuala Terengganu,5.3303,103.1408,24.5,99,0.0,4.5,3,Clouds generally forming or developing
2026-08-20,04:00:00,Pahang,Kuantan,3.8167,103.3333,25.2,90,0.0,9.8,3,Clouds generally forming or developing
2026-08-20,04:00:00,Sarawak,Bintulu,3.17,113.03,25.3,91,0.0,6.7,1,Clouds generally dissolving or becoming less developed
2026-08-20,04:00:00,Kuala Lumpur,Kuala Lumpur,3.1478,101.6953,25.2,96,0.0,5.5,3,Clouds generally forming or developing
2026-08-20,04:00:00,Pulau Pinang,Butterworth,5.3992,100.3639,27.1,80,0.0,4.6,3,Clouds generally forming or developing
2026-08-20,04:00:00,Sabah,Tawau,4.2448,117.8911,25.2,89,0.1,2.4,51,"Drizzle, not freezing, continuous 	slight at time of observation"
2026-08-20,04:00:00,Selangor,Petaling Jaya,3.1073,101.6067,25.0,94,0.1,3.5,51,"Drizzle, not freezing, continuous 	slight at time of observation"
2026-08-20,04:00:00,Perak,Taiping,4.85,100.7333,25.7,90,0.0,2.7,3,Clouds generally forming or developing
2026-08-20,04:00:00,Kelantan,Kota Bharu,6.1333,102.25,25.8,76,0.0,8.2,3,Clouds generally forming or developing
2026-08-20,04:00:00,Selangor,Shah Alam,3.0833,101.5333,25.3,95,0.0,1.5,3,Clouds generally forming or developing
2026-08-20,04:00:00,Sabah,Kota Kinabalu,5.975,116.0725,24.3,92,0.0,4.6,2,State of sky on the whole unchanged
2026-08-20,04:00:00,Sarawak,Kuching,1.5397,110.3542,25.3,95,0.0,9.5,3,Clouds generally forming or developing
2026-08-20,04:00:00,Perlis,Kangar,6.4333,100.2,28.3,72,0.0,12.2,3,Clouds generally forming or developing
2026-08-20,04:00:00,Sabah,Lahad Datu,5.03,118.34,26.3,87,0.1,2.7,51,"Drizzle, not freezing, continuous 	slight at time of observation"
2026-08-20,04:00:00,Labuan,Labuan,5.2803,115.2475,26.4,93,0.0,9.5,3,Clouds generally forming or developing
2026-08-20,04:00:00,Johor,Johor Bahru,1.4556,103.7611,23.5,96,0.0,6.4,3,Clouds generally forming or developing
2026-08-20,04:00:00,Perak,Teluk Intan,4.0259,101.0213,24.4,97,0.0,6.2,3,Clouds generally forming or developing
2026-08-20,04:00:00,Johor,Batu Pahat,1.85,102.93,24.1,95,0.0,4.7,3,Clouds generally forming or developing
2026-08-20,04:00:00,Kedah,Alor Setar,6.1167,100.3667,27.6,75,0.0,6.5,3,Clouds generally forming or developing
2026-08-20,04:00:00,Terengganu,Cukai,4.2332,103.4479,25.7,96,0.0,7.6,3,Clouds generally forming or developing
2026-08-20,04:00:00,Sabah,Sandakan,5.8388,118.1173,26.7,86,0.1,11.6,51,"Drizzle, not freezing, continuous 	slight at time of observation"
2026-08-20,04:00:00,Pulau Pinang,Bukit Mertajam,5.3631,100.4667,27.1,80,0.0,4.6,3,Clouds generally forming or developing
2026-08-20,04:00:00,Johor,Muar,2.05,102.56,25.8,88,0.0,11.0,3,Clouds generally forming or developing
2026-08-20,04:00:00,Negeri Sembilan,Seremban,2.7297,101.9381,24.7,84,0.0,3.2,3,Clouds generally forming or developing
2026-08-20,03:00:00,Sabah,Sandakan,5.8388,118.1173,26.9,85,0.1,10.8,51,"Drizzle, not freezing, continuous 	slight at time of observation"
2026-08-20,03:00:00,Johor,Johor Bahru,1.4556,103.7611,23.9,96,0.1,5.1,51,"Drizzle, not freezing, continuous 	slight at time of observation"
2026-08-20,03:00:00,Pahang,Kuala Lipis,4.184,102.042,24.9,91,0.0,3.8,3,Clouds generally forming or developing
2026-08-20,03:00:00,Sabah,Tawau,4.2448,117.8911,25.2,88,0.0,6.0,2,State of sky on the whole unchanged
2026-08-20,03:00:00,Pahang,Raub,3.7931,101.8569,24.7,80,0.0,2.8,3,Clouds generally forming or developing
2026-08-20,03:00:00,Putrajaya,Putrajaya,2.93,101.69,24.7,97,0.0,3.3,51,"Drizzle, not freezing, continuous 	slight at time of observation"
2026-08-20,03:00:00,Johor,Batu Pahat,1.85,102.93,23.9,96,0.0,7.0,3,Clouds generally forming or developing
2026-08-20,03:00:00,Kuala Lumpur,Kuala Lumpur,3.1478,101.6953,25.5,92,0.0,1.5,3,Clouds generally forming or developing
2026-08-20,03:00:00,Pulau Pinang,George Town,5.4145,100.3292,27.4,86,0.0,2.2,3,Clouds generally forming or developing
2026-08-20,03:00:00,Kedah,Sungai Petani,5.65,100.48,24.5,96,0.0,6.0,3,Clouds generally forming or developing
2026-08-20,03:00:00,Johor,Muar,2.05,102.56,25.5,93,0.0,7.3,3,Clouds generally forming or developing
2026-08-20,03:00:00,Pulau Pinang,Bukit Mertajam,5.3631,100.4667,27.0,80,0.0,5.5,3,Clouds generally forming or developing
2026-08-20,03:00:00,Perak,Ipoh,4.6,101.07,25.6,95,0.0,3.1,3,Clouds generally forming or developing
2026-08-20,03:00:00,Terengganu,Cukai,4.2332,103.4479,25.8,96,0.0,7.9,3,Clouds generally forming or developing
2026-08-20,03:00:00,Selangor,Petaling Jaya,3.1073,101.6067,25.2,93,0.0,1.3,3,Clouds generally forming or developing
2026-08-20,03:00:00,Kedah,Alor Setar,6.1167,100.3667,27.8,73,0.0,7.9,3,Clouds generally forming or developing
2026-08-20,03:00:00,Selangor,Klang,3.0333,101.45,25.3,97,0.0,1.6,53,"Drizzle, not freezing, continuous 	moderate at time of observation"
2026-08-20,03:00:00,Perak,Taiping,4.85,100.7333,25.7,88,0.0,3.1,3,Clouds generally forming or developing
2026-08-20,03:00:00,Sarawak,Sibu,2.3,111.8167,25.8,97,0.0,1.5,3,Clouds generally forming or developing
2026-08-20,03:00:00,Terengganu,Kuala Terengganu,5.3303,103.1408,24.7,99,0.0,6.0,3,Clouds generally forming or developing
2026-08-20,03:00:00,Labuan,Labuan,5.2803,115.2475,26.7,94,0.0,9.9,2,State of sky on the whole unchanged
2026-08-20,03:00:00,Selangor,Shah Alam,3.0833,101.5333,25.5,93,0.0,1.3,51,"Drizzle, not freezing, continuous 	slight at time of observation"
2026-08-20,03:00:00,Sarawak,Bintulu,3.17,113.03,25.5,92,0.0,1.9,0,Cloud development not observed or not observable
2026-08-20,03:00:00,Johor,Kluang,2.0336,103.3194,24.2,97,0.1,3.7,51,"Drizzle, not freezing, continuous 	slight at time of observation"
2026-08-20,03:00:00,Sabah,Lahad Datu,5.03,118.34,26.5,84,0.1,3.6,51,"Drizzle, not freezing, continuous 	slight at time of observation"
2026-08-20,03:00:00,Sarawak,Kuching,1.5397,110.3542,25.7,93,0.0,8.9,2,State of sky on the whole unchanged
2026-08-20,03:00:00,Kelantan,Kota Bharu,6.1333,102.25,26.5,73,0.0,9.5,3,Clouds generally forming or developing
2026-08-20,03:00:00,Perlis,Kangar,6.4333,100.2,28.2,74,0.0,11.4,3,Clouds generally forming or developing
2026-08-20,03:00:00,Pulau Pinang,Butterworth,5.3992,100.3639,27.1,80,0.0,5.5,3,Clouds generally forming or developing
2026-08-20,03:00:00,Pahang,Kuantan,3.8167,103.3333,25.5,91,0.0,11.0,3,Clouds generally forming or developing
2026-08-20,03:00:00,Sabah,Kota Kinabalu,5.975,116.0725,24.6,91,0.0,3.7,3,Clouds generally forming or developing
2026-08-20,03:00:00,Negeri Sembilan,Seremban,2.7297,101.9381,24.5,85,0.0,3.4,3,Clouds generally forming or developing
2026-08-20,03:00:00,Perak,Teluk Intan,4.0259,101.0213,24.5,96,0.0,7.6,3,Clouds generally forming or developing
2026-08-20,02:00:00,Sabah,Sandakan,5.8388,118.1173,27.0,84,0.0,9.4,1,Clouds generally dissolving or becoming less developed
2026-08-20,02:00:00,Pulau Pinang,George Town,5.4145,100.3292,27.8,82,0.0,0.4,3,Clouds generally forming or developing
2026-08-20,02:00:00,Selangor,Shah Alam,3.0833,101.5333,25.7,93,0.0,2.7,3,Clouds generally forming or developing
2026-08-20,02:00:00,Sabah,Lahad Datu,5.03,118.34,27.1,80,0.0,5.2,1,Clouds generally dissolving or becoming less developed
2026-08-20,02:00:00,Selangor,Petaling Jaya,3.1073,101.6067,25.2,93,0.0,4.5,3,Clouds generally forming or developing
2026-08-20,02:00:00,Pahang,Kuantan,3.8167,103.3333,25.7,94,0.0,9.8,3,Clouds generally forming or developing
2026-08-20,02:00:00,Sabah,Kota Kinabalu,5.975,116.0725,24.5,94,0.4,5.5,51,"Drizzle, not freezing, continuous 	slight at time of observation"
2026-08-20,02:00:00,Perlis,Kangar,6.4333,100.2,28.1,74,0.0,10.1,3,Clouds generally forming or developing
2026-08-20,02:00:00,Perak,Teluk Intan,4.0259,101.0213,24.9,95,0.0,8.3,3,Clouds generally forming or developing
2026-08-20,02:00:00,Terengganu,Cukai,4.2332,103.4479,25.8,94,0.0,8.3,3,Clouds generally forming or developing
2026-08-20,02:00:00,Pulau Pinang,Butterworth,5.3992,100.3639,27.3,78,0.0,6.0,3,Clouds generally forming or developing
2026-08-20,02:00:00,Putrajaya,Putrajaya,2.93,101.69,25.3,93,0.0,3.3,3,Clouds generally forming or developing
2026-08-20,02:00:00,Sarawak,Bintulu,3.17,113.03,25.8,91,0.0,2.8,2,State of sky on the whole unchanged
2026-08-20,02:00:00,Negeri Sembilan,Seremban,2.7297,101.9381,24.9,83,0.0,1.9,3,Clouds generally forming or developing
2026-08-20,02:00:00,Labuan,Labuan,5.2803,115.2475,27.0,94,0.0,6.6,2,State of sky on the whole unchanged
2026-08-20,02:00:00,Johor,Batu Pahat,1.85,102.93,24.1,95,0.0,7.8,3,Clouds generally forming or developing
2026-08-20,02:00:00,Kuala Lumpur,Kuala Lumpur,3.1478,101.6953,25.4,95,0.0,5.0,3,Clouds generally forming or developing
2026-08-20,02:00:00,Kedah,Sungai Petani,5.65,100.48,24.9,95,0.0,5.3,3,Clouds generally forming or developing
2026-08-20,02:00:00,Johor,Muar,2.05,102.56,25.4,95,0.0,10.1,3,Clouds generally forming or developing
2026-08-20,02:00:00,Pulau Pinang,Bukit Mertajam,5.3631,100.4667,27.3,78,0.0,6.0,3,Clouds generally forming or developing
2026-08-20,02:00:00,Selangor,Klang,3.0333,101.45,25.6,94,0.0,4.5,3,Clouds generally forming or developing
2026-08-20,02:00:00,Perak,Ipoh,4.6,101.07,25.7,93,0.0,4.0,3,Clouds generally forming or developing
2026-08-20,02:00:00,Sarawak,Kuching,1.5397,110.3542,25.9,97,0.0,7.0,3,Clouds generally forming or developing
2026-08-20,02:00:00,Kedah,Alor Setar,6.1167,100.3667,27.6,72,0.0,9.2,3,Clouds generally forming or developing
2026-08-20,02:00:00,Terengganu,Kuala Terengganu,5.3303,103.1408,25.0,98,0.0,9.5,3,Clouds generally forming or developing
2026-08-20,02:00:00,Perak,Taiping,4.85,100.7333,25.7,87,0.0,4.2,3,Clouds generally forming or developing
2026-08-20,02:00:00,Sarawak,Sibu,2.3,111.8167,25.9,99,0.0,1.5,3,Clouds generally forming or developing
2026-08-20,02:00:00,Kelantan,Kota Bharu,6.1333,102.25,26.9,71,0.0,12.6,3,Clouds generally forming or developing
2026-08-20,02:00:00,Johor,Kluang,2.0336,103.3194,24.4,97,0.0,6.3,3,Clouds generally forming or developing
2026-08-20,02:00:00,Johor,Johor Bahru,1.4556,103.7611,24.1,95,0.0,5.6,3,Clouds generally forming or developing
2026-08-20,02:00:00,Pahang,Raub,3.7931,101.8569,25.5,76,0.0,2.8,3,Clouds generally forming or developing
2026-08-20,02:00:00,Pahang,Kuala Lipis,4.184,102.042,25.4,88,0.0,4.8,3,Clouds generally forming or developing
2026-08-20,02:00:00,Sabah,Tawau,4.2448,117.8911,25.8,84,0.0,3.2,1,Clouds generally dissolving or becoming less developed
2026-08-20,01:00:00,Labuan,Labuan,5.2803,115.2475,26.6,93,0.1,9.0,51,"Drizzle, not freezing, continuous 	slight at time of observation"
2026-08-20,01:00:00,Johor,Kluang,2.0336,103.3194,24.9,89,0.0,7.3,3,Clouds generally forming or developing
2026-08-20,01:00:00,Kuala Lumpur,Kuala Lumpur,3.1478,101.6953,24.6,96,0.0,6.7,3,Clouds generally forming or developing
2026-08-20,01:00:00,Selangor,Shah Alam,3.0833,101.5333,24.8,93,0.0,8.6,3,Clouds generally forming or developing
2026-08-20,01:00:00,Kedah,Sungai Petani,5.65,100.48,26.6,80,0.0,0.4,3,Clouds generally forming or developing
2026-08-20,01:00:00,Pulau Pinang,Bukit Mertajam,5.3631,100.4667,28.8,70,0.0,7.6,3,Clouds generally forming or developing
2026-08-20,01:00:00,Sabah,Lahad Datu,5.03,118.34,27.4,77,0.0,8.1,0,Cloud development not observed or not observable
2026-08-20,01:00:00,Perak,Teluk Intan,4.0259,101.0213,25.0,95,0.1,7.9,51,"Drizzle, not freezing, continuous 	slight at time of observation"
2026-08-20,01:00:00,Selangor,Klang,3.0333,101.45,24.8,95,0.0,9.6,3,Clouds generally forming or developing
2026-08-20,01:00:00,Terengganu,Cukai,4.2332,103.4479,26.5,89,0.0,7.4,3,Clouds generally forming or developing
2026-08-20,01:00:00,Pulau Pinang,George Town,5.4145,100.3292,27.6,81,0.0,3.0,3,Clouds generally forming or developing
2026-08-20,01:00:00,Johor,Johor Bahru,1.4556,103.7611,26.0,83,0.0,4.2,3,Clouds generally forming or developing
2026-08-20,01:00:00,Perak,Ipoh,4.6,101.07,25.9,99,0.0,3.4,3,Clouds generally forming or developing
2026-08-20,01:00:00,Kedah,Alor Setar,6.1167,100.3667,28.0,69,0.0,10.2,3,Clouds generally forming or developing
2026-08-20,01:00:00,Selangor,Petaling Jaya,3.1073,101.6067,24.5,96,0.0,6.9,3,Clouds generally forming or developing
2026-08-20,01:00:00,Terengganu,Kuala Terengganu,5.3303,103.1408,25.4,97,0.0,7.4,3,Clouds generally forming or developing
2026-08-20,01:00:00,Perak,Taiping,4.85,100.7333,25.8,89,0.0,5.2,3,Clouds generally forming or developing
2026-08-20,01:00:00,Sabah,Sandakan,5.8388,118.1173,27.3,82,0.0,10.9,0,Cloud development not observed or not observable
2026-08-20,01:00:00,Sarawak,Sibu,2.3,111.8167,26.1,99,0.0,2.8,3,Clouds generally forming or developing
2026-08-20,01:00:00,Sabah,Kota Kinabalu,5.975,116.0725,23.9,95,1.2,6.9,81,"Rain shower(s), moderate or heavy"
2026-08-20,01:00:00,Johor,Batu Pahat,1.85,102.93,23.8,97,0.0,7.5,3,Clouds generally forming or developing
2026-08-20,01:00:00,Pahang,Kuala Lipis,4.184,102.042,25.9,91,0.0,5.4,3,Clouds generally forming or developing
2026-08-20,01:00:00,Sabah,Tawau,4.2448,117.8911,26.0,84,0.0,3.6,0,Cloud development not observed or not observable
2026-08-20,01:00:00,Sarawak,Bintulu,3.17,113.03,26.0,90,0.0,3.5,2,State of sky on the whole unchanged
2026-08-20,01:00:00,Kelantan,Kota Bharu,6.1333,102.25,27.8,66,0.0,11.7,3,Clouds generally forming or developing
2026-08-20,01:00:00,Negeri Sembilan,Seremban,2.7297,101.9381,24.6,85,0.0,8.9,2,State of sky on the whole unchanged
2026-08-20,01:00:00,Sarawak,Kuching,1.5397,110.3542,25.6,99,0.0,5.6,2,State of sky on the whole unchanged
2026-08-20,01:00:00,Perlis,Kangar,6.4333,100.2,28.2,72,0.0,9.9,3,Clouds generally forming or developing
2026-08-20,01:00:00,Pulau Pinang,Butterworth,5.3992,100.3639,28.9,70,0.0,7.6,3,Clouds generally forming or developing
2026-08-20,01:00:00,Pahang,Raub,3.7931,101.8569,25.7,72,0.0,5.1,3,Clouds generally forming or developing
2026-08-20,01:00:00,Putrajaya,Putrajaya,2.93,101.69,24.4,95,0.0,7.7,3,Clouds generally forming or developing
2026-08-20,01:00:00,Johor,Muar,2.05,102.56,24.6,95,0.2,2.6,51,"Drizzle, not freezing, continuous 	slight at time of observation"
2026-08-20,01:00:00,Pahang,Kuantan,3.8167,103.3333,26.3,92,0.0,8.7,3,Clouds generally forming or developing
2026-08-20,00:00:00,Johor,Batu Pahat,1.85,102.93,24.3,96,0.1,7.5,51,"Drizzle, not freezing, continuous 	slight at time of observation"
2026-08-20,00:00:00,Perak,Taiping,4.85,100.7333,26.4,85,0.0,4.1,3,Clouds generally forming or developing
2026-08-20,00:00:00,Perlis,Kangar,6.4333,100.2,28.5,71,0.0,11.2,3,Clouds generally forming or developing
2026-08-20,00:00:00,Kedah,Alor Setar,6.1167,100.3667,28.2,70,0.0,10.3,3,Clouds generally forming or developing
2026-08-20,00:00:00,Negeri Sembilan,Seremban,2.7297,101.9381,24.6,84,0.0,10.3,3,Clouds generally forming or developing
2026-08-20,00:00:00,Sabah,Tawau,4.2448,117.8911,25.9,84,0.0,4.1,1,Clouds generally dissolving or becoming less developed
2026-08-20,00:00:00,Kuala Lumpur,Kuala Lumpur,3.1478,101.6953,24.3,96,0.2,5.9,51,"Drizzle, not freezing, continuous 	slight at time of observation"
2026-08-20,00:00:00,Selangor,Petaling Jaya,3.1073,101.6067,24.3,96,0.1,5.5,51,"Drizzle, not freezing, continuous 	slight at time of observation"
2026-08-20,00:00:00,Terengganu,Cukai,4.2332,103.4479,26.5,88,0.0,5.9,3,Clouds generally forming or developing
2026-08-20,00:00:00,Pahang,Kuantan,3.8167,103.3333,26.4,95,0.0,7.8,3,Clouds generally forming or developing
2026-08-20,00:00:00,Sabah,Sandakan,5.8388,118.1173,27.6,82,0.0,10.1,0,Cloud development not observed or not observable
2026-08-20,00:00:00,Sabah,Kota Kinabalu,5.975,116.0725,24.7,91,0.0,16.6,80,"Rain shower(s), slight"
2026-08-20,00:00:00,Kelantan,Kota Bharu,6.1333,102.25,27.7,66,0.0,12.2,3,Clouds generally forming or developing
2026-08-20,00:00:00,Sarawak,Bintulu,3.17,113.03,26.9,87,0.0,1.1,1,Clouds generally dissolving or becoming less developed
2026-08-20,00:00:00,Sarawak,Sibu,2.3,111.8167,26.2,100,0.0,2.2,3,Clouds generally forming or developing
2026-08-20,00:00:00,Pahang,Raub,3.7931,101.8569,26.7,67,0.0,6.5,3,Clouds generally forming or developing
2026-08-20,00:00:00,Kedah,Sungai Petani,5.65,100.48,27.3,75,0.0,1.3,3,Clouds generally forming or developing
2026-08-20,00:00:00,Johor,Johor Bahru,1.4556,103.7611,26.2,81,0.0,4.5,3,Clouds generally forming or developing
2026-08-20,00:00:00,Sarawak,Kuching,1.5397,110.3542,25.8,100,0.0,2.0,3,Clouds generally forming or developing
2026-08-20,00:00:00,Perak,Ipoh,4.6,101.07,26.0,99,0.0,0.7,3,Clouds generally forming or developing
2026-08-20,00:00:00,Johor,Muar,2.05,102.56,24.6,96,0.1,12.2,51,"Drizzle, not freezing, continuous 	slight at time of observation"
2026-08-20,00:00:00,Pulau Pinang,George Town,5.4145,100.3292,27.8,79,0.0,3.6,3,Clouds generally forming or developing
2026-08-20,00:00:00,Johor,Kluang,2.0336,103.3194,25.6,87,0.1,10.2,51,"Drizzle, not freezing, continuous 	slight at time of observation"
2026-08-20,00:00:00,Terengganu,Kuala Terengganu,5.3303,103.1408,25.7,96,0.1,7.7,51,"Drizzle, not freezing, continuous 	slight at time of observation"
2026-08-20,00:00:00,Labuan,Labuan,5.2803,115.2475,26.4,93,0.4,11.3,51,"Drizzle, not freezing, continuous 	slight at time of observation"
2026-08-20,00:00:00,Pahang,Kuala Lipis,4.184,102.042,26.4,89,0.0,3.1,3,Clouds generally forming or developing
2026-08-20,00:00:00,Selangor,Klang,3.0333,101.45,25.0,95,0.0,9.0,3,Clouds generally forming or developing
2026-08-20,00:00:00,Pulau Pinang,Bukit Mertajam,5.3631,100.4667,29.3,66,0.0,6.7,3,Clouds generally forming or developing
2026-08-20,00:00:00,Putrajaya,Putrajaya,2.93,101.69,24.6,95,0.0,8.6,3,Clouds generally forming or developing
2026-08-20,00:00:00,Perak,Teluk Intan,4.0259,101.0213,25.7,94,0.2,9.9,51,"Drizzle, not freezing, continuous 	slight at time of observation"
2026-08-20,00:00:00,Sabah,Lahad Datu,5.03,118.34,27.6,77,0.0,10.8,0,Cloud development not observed or not observable
2026-08-20,00:00:00,Pulau Pinang,Butterworth,5.3992,100.3639,29.3,66,0.0,6.7,3,Clouds generally forming or developing
2026-08-20,00:00:00,Selangor,Shah Alam,3.0833,101.5333,24.9,92,0.1,8.3,51,"Drizzle, not freezing, continuous 	slight at time of observation"
2026-08-20,16:00:00,Perak,Taiping,4.85,100.7333,32.0,63,0.0,9.6,3,Clouds generally forming or developing
2026-08-20,16:00:00,Perak,Teluk Intan,4.0259,101.0213,31.2,61,0.0,4.8,3,Clouds generally forming or developing
2026-08-20,16:00:00,Johor,Johor Bahru,1.4556,103.7611,32.2,56,0.0,14.9,3,Clouds generally forming or developing
2026-08-20,16:00:00,Kedah,Alor Setar,6.1167,100.3667,31.1,69,0.0,10.0,3,Clouds generally forming or developing
2026-08-20,16:00:00,Kelantan,Kota Bharu,6.1333,102.25,32.6,59,0.0,6.8,3,Clouds generally forming or developing
2026-08-20,16:00:00,Pulau Pinang,Bukit Mertajam,5.3631,100.4667,32.7,47,0.0,9.9,3,Clouds generally forming or developing
2026-08-20,16:00:00,Pulau Pinang,George Town,5.4145,100.3292,31.5,65,0.0,4.2,3,Clouds generally forming or developing
2026-08-20,16:00:00,Selangor,Shah Alam,3.0833,101.5333,32.7,51,0.0,8.8,3,Clouds generally forming or developing
2026-08-20,16:00:00,Pulau Pinang,Butterworth,5.3992,100.3639,32.8,47,0.0,9.9,3,Clouds generally forming or developing
2026-08-20,16:00:00,Negeri Sembilan,Seremban,2.7297,101.9381,32.3,51,0.0,8.2,3,Clouds generally forming or developing
2026-08-20,16:00:00,Melaka,Melaka,2.1889,102.2511,32.2,56,0.0,12.7,3,Clouds generally forming or developing
2026-08-20,16:00:00,Putrajaya,Putrajaya,2.93,101.69,32.1,55,0.0,8.9,3,Clouds generally forming or developing
2026-08-20,16:00:00,Perlis,Kangar,6.4333,100.2,32.0,59,0.0,11.0,3,Clouds generally forming or developing
2026-08-20,16:00:00,Selangor,Petaling Jaya,3.1073,101.6067,33.1,49,0.0,7.3,3,Clouds generally forming or developing
2026-08-20,16:00:00,Kedah,Sungai Petani,5.65,100.48,31.8,61,0.0,7.4,3,Clouds generally forming or developing
2026-08-20,16:00:00,Johor,Muar,2.05,102.56,31.7,62,0.0,13.1,3,Clouds generally forming or developing
2026-08-20,16:00:00,Sabah,Sandakan,5.8388,118.1173,26.5,91,0.9,4.7,95,"Thunderstorm, slight or moderate, without hail** but with rain and/or snow at time of observation - Thunderstorm at time of observation"
2026-08-20,16:00:00,Sabah,Kota Kinabalu,5.975,116.0725,31.0,63,0.0,4.8,2,State of sky on the whole unchanged
2026-08-20,16:00:00,Kuala Lumpur,Kuala Lumpur,3.1478,101.6953,33.5,48,0.0,6.2,3,Clouds generally forming or developing
2026-08-20,16:00:00,Sarawak,Kuching,1.5397,110.3542,32.8,53,0.3,5.3,51,"Drizzle, not freezing, continuous 	slight at time of observation"
2026-08-20,16:00:00,Sarawak,Sibu,2.3,111.8167,30.6,70,0.3,9.9,51,"Drizzle, not freezing, continuous 	slight at time of observation"
2026-08-20,16:00:00,Perak,Ipoh,4.6,101.07,32.0,54,0.0,6.9,3,Clouds generally forming or developing
2026-08-20,16:00:00,Pahang,Kuala Lipis,4.184,102.042,32.2,56,0.1,12.3,51,"Drizzle, not freezing, continuous 	slight at time of observation"
2026-08-20,16:00:00,Sarawak,Bintulu,3.17,113.03,30.0,75,0.1,11.7,51,"Drizzle, not freezing, continuous 	slight at time of observation"
2026-08-20,16:00:00,Johor,Batu Pahat,1.85,102.93,31.9,60,0.0,15.8,2,State of sky on the whole unchanged
2026-08-20,16:00:00,Sabah,Lahad Datu,5.03,118.34,28.0,81,0.5,5.4,53,"Drizzle, not freezing, continuous 	moderate at time of observation"
2026-08-20,16:00:00,Selangor,Klang,3.0333,101.45,33.4,47,0.0,8.9,3,Clouds generally forming or developing
2026-08-20,16:00:00,Labuan,Labuan,5.2803,115.2475,31.2,63,0.0,11.1,2,State of sky on the whole unchanged
2026-08-20,16:00:00,Pahang,Kuantan,3.8167,103.3333,31.8,67,0.1,9.2,51,"Drizzle, not freezing, continuous 	slight at time of observation"
2026-08-20,16:00:00,Sabah,Tawau,4.2448,117.8911,29.4,72,0.0,7.5,51,"Drizzle, not freezing, continuous 	slight at time of observation"
2026-08-20,16:00:00,Johor,Kluang,2.0336,103.3194,32.7,55,0.1,13.2,51,"Drizzle, not freezing, continuous 	slight at time of observation"
2026-08-20,16:00:00,Pahang,Raub,3.7931,101.8569,33.2,44,0.0,9.3,3,Clouds generally forming or developing
2026-08-20,16:00:00,Sarawak,Miri,4.4028,113.9933,30.0,74,0.0,12.5,1,Clouds generally dissolving or becoming less developed
2026-08-20,15:00:00,Negeri Sembilan,Seremban,2.7297,101.9381,32.4,52,0.0,9.2,3,Clouds generally forming or developing
2026-08-20,15:00:00,Sarawak,Bintulu,3.17,113.03,30.4,76,0.0,9.4,51,"Drizzle, not freezing, continuous 	slight at time of observation"
2026-08-20,15:00:00,Johor,Johor Bahru,1.4556,103.7611,32.6,55,0.0,16.1,3,Clouds generally forming or developing
2026-08-20,15:00:00,Sabah,Sandakan,5.8388,118.1173,30.9,62,0.0,14.7,3,Clouds generally forming or developing
2026-08-20,15:00:00,Sabah,Tawau,4.2448,117.8911,29.6,70,0.1,8.1,51,"Drizzle, not freezing, continuous 	slight at time of observation"
2026-08-20,15:00:00,Pulau Pinang,Bukit Mertajam,5.3631,100.4667,33.2,47,0.0,9.6,3,Clouds generally forming or developing
2026-08-20,15:00:00,Labuan,Labuan,5.2803,115.2475,31.8,59,0.0,8.1,1,Clouds generally dissolving or becoming less developed
2026-08-20,15:00:00,Sabah,Kota Kinabalu,5.975,116.0725,31.5,60,0.0,8.5,2,State of sky on the whole unchanged
2026-08-20,15:00:00,Kedah,Sungai Petani,5.65,100.48,32.1,60,0.0,6.1,3,Clouds generally forming or developing
2026-08-20,15:00:00,Putrajaya,Putrajaya,2.93,101.69,32.2,55,0.0,9.8,3,Clouds generally forming or developing
2026-08-20,15:00:00,Pahang,Kuala Lipis,4.184,102.042,36.1,39,0.0,7.2,3,Clouds generally forming or developing
2026-08-20,15:00:00,Johor,Muar,2.05,102.56,31.7,60,0.0,12.3,3,Clouds generally forming or developing
2026-08-20,15:00:00,Selangor,Klang,3.0333,101.45,33.9,46,0.0,10.9,51,"Drizzle, not freezing, continuous 	slight at time of observation"
2026-08-20,15:00:00,Perak,Teluk Intan,4.0259,101.0213,31.1,61,0.0,5.3,3,Clouds generally forming or developing
2026-08-20,15:00:00,Sarawak,Sibu,2.3,111.8167,32.3,63,0.0,3.1,2,State of sky on the whole unchanged
2026-08-20,15:00:00,Pahang,Kuantan,3.8167,103.3333,32.6,60,0.0,10.2,2,State of sky on the whole unchanged
2026-08-20,15:00:00,Kuala Lumpur,Kuala Lumpur,3.1478,101.6953,33.3,51,0.0,6.5,3,Clouds generally forming or developing
2026-08-20,15:00:00,Selangor,Petaling Jaya,3.1073,101.6067,32.9,52,0.0,6.9,3,Clouds generally forming or developing
2026-08-20,15:00:00,Perlis,Kangar,6.4333,100.2,32.3,59,0.0,9.8,3,Clouds generally forming or developing
2026-08-20,15:00:00,Selangor,Shah Alam,3.0833,101.5333,33.1,49,0.0,9.4,51,"Drizzle, not freezing, continuous 	slight at time of observation"
2026-08-20,15:00:00,Johor,Kluang,2.0336,103.3194,32.8,54,0.0,13.5,51,"Drizzle, not freezing, continuous 	slight at time of observation"
2026-08-20,15:00:00,Perak,Taiping,4.85,100.7333,32.0,61,0.0,10.2,3,Clouds generally forming or developing
2026-08-20,15:00:00,Kelantan,Kota Bharu,6.1333,102.25,33.2,55,0.0,3.1,3,Clouds generally forming or developing
2026-08-20,15:00:00,Pahang,Raub,3.7931,101.8569,33.5,42,0.0,9.5,3,Clouds generally forming or developing
2026-08-20,15:00:00,Melaka,Melaka,2.1889,102.2511,32.3,55,0.0,12.7,3,Clouds generally forming or developing
2026-08-20,15:00:00,Kedah,Alor Setar,6.1167,100.3667,31.2,69,0.0,8.8,3,Clouds generally forming or developing
2026-08-20,15:00:00,Sarawak,Miri,4.4028,113.9933,30.5,70,0.0,11.3,1,Clouds generally dissolving or becoming less developed
2026-08-20,15:00:00,Sabah,Lahad Datu,5.03,118.34,27.8,83,0.5,6.1,80,"Rain shower(s), slight"
2026-08-20,15:00:00,Johor,Batu Pahat,1.85,102.93,32.3,59,0.0,15.7,3,Clouds generally forming or developing
2026-08-20,15:00:00,Pulau Pinang,George Town,5.4145,100.3292,32.2,61,0.0,3.5,3,Clouds generally forming or developing
2026-08-20,15:00:00,Perak,Ipoh,4.6,101.07,31.2,61,0.0,5.9,3,Clouds generally forming or developing
2026-08-20,15:00:00,Pulau Pinang,Butterworth,5.3992,100.3639,33.2,47,0.0,9.6,3,Clouds generally forming or developing
2026-08-20,15:00:00,Sarawak,Kuching,1.5397,110.3542,33.4,50,0.1,7.2,51,"Drizzle, not freezing, continuous 	slight at time of observation"
2026-08-20,14:00:00,Johor,Kluang,2.0336,103.3194,32.9,54,0.0,13.2,3,Clouds generally forming or developing
2026-08-20,14:00:00,Johor,Muar,2.05,102.56,31.7,60,0.0,13.2,3,Clouds generally forming or developing
2026-08-20,14:00:00,Negeri Sembilan,Seremban,2.7297,101.9381,32.8,51,0.0,9.5,3,Clouds generally forming or developing
2026-08-20,14:00:00,Selangor,Shah Alam,3.0833,101.5333,32.7,56,0.0,8.0,3,Clouds generally forming or developing
2026-08-20,14:00:00,Sabah,Lahad Datu,5.03,118.34,30.7,65,0.1,13.5,51,"Drizzle, not freezing, continuous 	slight at time of observation"
2026-08-20,14:00:00,Sabah,Tawau,4.2448,117.8911,30.2,67,0.1,10.1,51,"Drizzle, not freezing, continuous 	slight at time of observation"
2026-08-20,14:00:00,Sarawak,Bintulu,3.17,113.03,30.6,76,0.0,6.4,51,"Drizzle, not freezing, continuous 	slight at time of observation"
2026-08-20,14:00:00,Kelantan,Kota Bharu,6.1333,102.25,32.9,56,0.0,3.9,3,Clouds generally forming or developing
2026-08-20,14:00:00,Sabah,Sandakan,5.8388,118.1173,32.4,57,0.1,6.7,51,"Drizzle, not freezing, continuous 	slight at time of observation"
2026-08-20,14:00:00,Pulau Pinang,Butterworth,5.3992,100.3639,33.4,49,0.0,9.9,3,Clouds generally forming or developing
2026-08-20,14:00:00,Melaka,Melaka,2.1889,102.2511,32.3,54,0.0,12.9,3,Clouds generally forming or developing
2026-08-20,14:00:00,Perak,Teluk Intan,4.0259,101.0213,29.8,69,0.0,5.2,3,Clouds generally forming or developing
2026-08-20,14:00:00,Johor,Batu Pahat,1.85,102.93,32.3,58,0.0,14.3,3,Clouds generally forming or developing
2026-08-20,14:00:00,Sarawak,Sibu,2.3,111.8167,32.7,61,0.0,3.6,1,Clouds generally dissolving or becoming less developed
2026-08-20,14:00:00,Johor,Johor Bahru,1.4556,103.7611,32.9,55,0.0,16.1,3,Clouds generally forming or developing
2026-08-20,14:00:00,Pahang,Kuala Lipis,4.184,102.042,35.4,43,0.0,3.9,2,State of sky on the whole unchanged
2026-08-20,14:00:00,Kuala Lumpur,Kuala Lumpur,3.1478,101.6953,33.2,53,0.0,5.4,3,Clouds generally forming or developing
2026-08-20,14:00:00,Sarawak,Kuching,1.5397,110.3542,33.7,49,0.0,8.5,1,Clouds generally dissolving or becoming less developed
2026-08-20,14:00:00,Kedah,Sungai Petani,5.65,100.48,31.9,61,0.0,4.6,3,Clouds generally forming or developing
2026-08-20,14:00:00,Perak,Taiping,4.85,100.7333,32.4,58,0.0,8.7,3,Clouds generally forming or developing
2026-08-20,14:00:00,Putrajaya,Putrajaya,2.93,101.69,32.2,57,0.0,9.5,51,"Drizzle, not freezing, continuous 	slight at time of observation"
2026-08-20,14:00:00,Perlis,Kangar,6.4333,100.2,31.9,62,0.0,9.6,3,Clouds generally forming or developing
2026-08-20,14:00:00,Perak,Ipoh,4.6,101.07,30.8,62,0.0,4.4,3,Clouds generally forming or developing
2026-08-20,14:00:00,Pulau Pinang,George Town,5.4145,100.3292,32.1,63,0.0,4.4,3,Clouds generally forming or developing
2026-08-20,14:00:00,Pahang,Raub,3.7931,101.8569,34.5,36,0.0,11.5,3,Clouds generally forming or developing
2026-08-20,14:00:00,Selangor,Klang,3.0333,101.45,33.9,50,0.0,8.8,51,"Drizzle, not freezing, continuous 	slight at time of observation"
2026-08-20,14:00:00,Labuan,Labuan,5.2803,115.2475,31.8,59,0.1,9.3,51,"Drizzle, not freezing, continuous 	slight at time of observation"
2026-08-20,14:00:00,Sarawak,Miri,4.4028,113.9933,30.9,68,0.0,12.4,1,Clouds generally dissolving or becoming less developed
2026-08-20,14:00:00,Kedah,Alor Setar,6.1167,100.3667,31.5,68,0.0,7.8,3,Clouds generally forming or developing
2026-08-20,14:00:00,Sabah,Kota Kinabalu,5.975,116.0725,31.6,60,0.0,10.3,2,State of sky on the whole unchanged
2026-08-20,14:00:00,Pahang,Kuantan,3.8167,103.3333,32.8,57,0.0,9.8,3,Clouds generally forming or developing
2026-08-20,14:00:00,Pulau Pinang,Bukit Mertajam,5.3631,100.4667,33.3,49,0.0,9.9,3,Clouds generally forming or developing
2026-08-20,14:00:00,Selangor,Petaling Jaya,3.1073,101.6067,32.7,55,0.0,6.4,51,"Drizzle, not freezing, continuous 	slight at time of observation"
2026-08-20,13:00:00,Pahang,Raub,3.7931,101.8569,34.6,36,0.0,9.1,3,Clouds generally forming or developing
2026-08-20,13:00:00,Labuan,Labuan,5.2803,115.2475,31.7,58,0.1,10.1,51,"Drizzle, not freezing, continuous 	slight at time of observation"
2026-08-20,13:00:00,Sabah,Lahad Datu,5.03,118.34,30.9,64,0.0,11.0,0,Cloud development not observed or not observable
2026-08-20,13:00:00,Sabah,Sandakan,5.8388,118.1173,32.2,57,0.0,10.4,0,Cloud development not observed or not observable
2026-08-20,13:00:00,Pulau Pinang,Butterworth,5.3992,100.3639,32.4,56,0.0,3.8,3,Clouds generally forming or developing
2026-08-20,13:00:00,Sarawak,Sibu,2.3,111.8167,32.2,63,0.0,4.7,1,Clouds generally dissolving or becoming less developed
2026-08-20,13:00:00,Perak,Ipoh,4.6,101.07,31.2,60,0.0,3.8,3,Clouds generally forming or developing
2026-08-20,13:00:00,Sarawak,Bintulu,3.17,113.03,30.6,75,0.0,3.2,51,"Drizzle, not freezing, continuous 	slight at time of observation"
2026-08-20,13:00:00,Pulau Pinang,George Town,5.4145,100.3292,31.4,65,0.0,3.0,3,Clouds generally forming or developing
2026-08-20,13:00:00,Johor,Batu Pahat,1.85,102.93,32.2,56,0.0,11.8,3,Clouds generally forming or developing
2026-08-20,13:00:00,Kedah,Alor Setar,6.1167,100.3667,30.8,70,0.0,7.1,3,Clouds generally forming or developing
2026-08-20,13:00:00,Melaka,Melaka,2.1889,102.2511,32.4,53,0.0,13.4,3,Clouds generally forming or developing
2026-08-20,13:00:00,Sarawak,Kuching,1.5397,110.3542,33.2,52,0.0,9.5,0,Cloud development not observed or not observable
2026-08-20,13:00:00,Selangor,Petaling Jaya,3.1073,101.6067,32.1,58,0.0,5.8,3,Clouds generally forming or developing
2026-08-20,13:00:00,Perlis,Kangar,6.4333,100.2,32.0,61,0.0,10.4,3,Clouds generally forming or developing
2026-08-20,13:00:00,Pulau Pinang,Bukit Mertajam,5.3631,100.4667,32.4,56,0.0,3.8,3,Clouds generally forming or developing
2026-08-20,13:00:00,Johor,Muar,2.05,102.56,31.4,61,0.0,13.3,3,Clouds generally forming or developing
2026-08-20,13:00:00,Pahang,Kuantan,3.8167,103.3333,32.3,61,0.0,10.1,3,Clouds generally forming or developing
2026-08-20,13:00:00,Johor,Kluang,2.0336,103.3194,32.4,57,0.0,12.6,51,"Drizzle, not freezing, continuous 	slight at time of observation"
2026-08-20,13:00:00,Negeri Sembilan,Seremban,2.7297,101.9381,32.2,56,0.0,9.6,3,Clouds generally forming or developing
2026-08-20,13:00:00,Sabah,Kota Kinabalu,5.975,116.0725,31.6,60,0.0,11.9,1,Clouds generally dissolving or becoming less developed
2026-08-20,13:00:00,Selangor,Shah Alam,3.0833,101.5333,32.0,61,0.0,7.1,3,Clouds generally forming or developing
2026-08-20,13:00:00,Kedah,Sungai Petani,5.65,100.48,31.3,64,0.0,3.6,3,Clouds generally forming or developing
2026-08-20,13:00:00,Johor,Johor Bahru,1.4556,103.7611,32.8,58,0.1,14.5,51,"Drizzle, not freezing, continuous 	slight at time of observation"
2026-08-20,13:00:00,Putrajaya,Putrajaya,2.93,101.69,31.4,65,0.0,7.9,3,Clouds generally forming or developing
2026-08-20,13:00:00,Selangor,Klang,3.0333,101.45,32.9,57,0.0,7.5,3,Clouds generally forming or developing
2026-08-20,13:00:00,Kuala Lumpur,Kuala Lumpur,3.1478,101.6953,32.7,56,0.0,5.1,3,Clouds generally forming or developing
2026-08-20,13:00:00,Perak,Teluk Intan,4.0259,101.0213,30.0,68,0.0,3.6,3,Clouds generally forming or developing
2026-08-20,13:00:00,Sabah,Tawau,4.2448,117.8911,30.5,67,0.1,8.0,51,"Drizzle, not freezing, continuous 	slight at time of observation"
2026-08-20,13:00:00,Pahang,Kuala Lipis,4.184,102.042,34.1,48,0.0,2.7,3,Clouds generally forming or developing
2026-08-20,13:00:00,Perak,Taiping,4.85,100.7333,32.6,57,0.0,6.0,3,Clouds generally forming or developing
2026-08-20,13:00:00,Sarawak,Miri,4.4028,113.9933,31.6,63,0.1,10.9,51,"Drizzle, not freezing, continuous 	slight at time of observation"
2026-08-20,13:00:00,Kelantan,Kota Bharu,6.1333,102.25,31.9,60,0.0,5.8,3,Clouds generally forming or developing
2026-08-20,12:00:00,Melaka,Melaka,2.1889,102.2511,32.0,55,0.0,13.3,3,Clouds generally forming or developing
2026-08-20,12:00:00,Johor,Muar,2.05,102.56,31.0,60,0.0,13.0,3,Clouds generally forming or developing
2026-08-20,12:00:00,Perak,Taiping,4.85,100.7333,31.8,63,0.0,2.4,3,Clouds generally forming or developing
2026-08-20,12:00:00,Kedah,Alor Setar,6.1167,100.3667,31.0,70,0.0,6.9,3,Clouds generally forming or developing
2026-08-20,12:00:00,Sabah,Lahad Datu,5.03,118.34,30.5,65,0.0,11.7,1,Clouds generally dissolving or becoming less developed
2026-08-20,12:00:00,Sarawak,Bintulu,3.17,113.03,29.5,79,0.2,1.9,51,"Drizzle, not freezing, continuous 	slight at time of observation"
2026-08-20,12:00:00,Johor,Kluang,2.0336,103.3194,31.5,63,0.0,11.4,3,Clouds generally forming or developing
2026-08-20,12:00:00,Labuan,Labuan,5.2803,115.2475,31.4,59,0.2,10.3,51,"Drizzle, not freezing, continuous 	slight at time of observation"
2026-08-20,12:00:00,Sabah,Tawau,4.2448,117.8911,30.1,69,0.2,6.0,51,"Drizzle, not freezing, continuous 	slight at time of observation"
2026-08-20,12:00:00,Negeri Sembilan,Seremban,2.7297,101.9381,31.7,62,0.0,7.4,3,Clouds generally forming or developing
2026-08-20,12:00:00,Kedah,Sungai Petani,5.65,100.48,31.1,64,0.0,0.8,3,Clouds generally forming or developing
2026-08-20,12:00:00,Sabah,Kota Kinabalu,5.975,116.0725,31.8,60,0.0,11.9,2,State of sky on the whole unchanged
2026-08-20,12:00:00,Pulau Pinang,Bukit Mertajam,5.3631,100.4667,31.5,61,0.0,1.6,3,Clouds generally forming or developing
2026-08-20,12:00:00,Kelantan,Kota Bharu,6.1333,102.25,31.7,60,0.0,6.9,3,Clouds generally forming or developing
2026-08-20,12:00:00,Sarawak,Kuching,1.5397,110.3542,32.5,55,0.0,9.1,0,Cloud development not observed or not observable
2026-08-20,12:00:00,Perak,Ipoh,4.6,101.07,30.9,62,0.0,4.0,3,Clouds generally forming or developing
2026-08-20,12:00:00,Selangor,Shah Alam,3.0833,101.5333,31.1,64,0.0,8.2,3,Clouds generally forming or developing
2026-08-20,12:00:00,Sabah,Sandakan,5.8388,118.1173,32.3,56,0.0,11.9,0,Cloud development not observed or not observable
2026-08-20,12:00:00,Perak,Teluk Intan,4.0259,101.0213,29.2,73,0.0,1.7,3,Clouds generally forming or developing
2026-08-20,12:00:00,Pahang,Kuantan,3.8167,103.3333,31.6,65,0.0,10.3,3,Clouds generally forming or developing
2026-08-20,12:00:00,Putrajaya,Putrajaya,2.93,101.69,30.2,72,0.0,7.3,3,Clouds generally forming or developing
2026-08-20,12:00:00,Kuala Lumpur,Kuala Lumpur,3.1478,101.6953,31.6,60,0.0,3.5,3,Clouds generally forming or developing
2026-08-20,12:00:00,Selangor,Klang,3.0333,101.45,32.1,61,0.0,9.0,3,Clouds generally forming or developing
2026-08-20,12:00:00,Selangor,Petaling Jaya,3.1073,101.6067,31.0,64,0.0,5.1,3,Clouds generally forming or developing
2026-08-20,12:00:00,Johor,Johor Bahru,1.4556,103.7611,32.0,61,0.0,11.7,51,"Drizzle, not freezing, continuous 	slight at time of observation"
2026-08-20,12:00:00,Perlis,Kangar,6.4333,100.2,31.9,61,0.0,11.4,3,Clouds generally forming or developing
2026-08-20,12:00:00,Sarawak,Sibu,2.3,111.8167,31.8,66,0.0,6.3,51,"Drizzle, not freezing, continuous 	slight at time of observation"
2026-08-20,12:00:00,Johor,Batu Pahat,1.85,102.93,31.6,60,0.0,11.9,3,Clouds generally forming or developing
2026-08-20,12:00:00,Pulau Pinang,Butterworth,5.3992,100.3639,31.5,61,0.0,1.6,3,Clouds generally forming or developing
2026-08-20,12:00:00,Pahang,Kuala Lipis,4.184,102.042,32.8,52,0.0,4.0,3,Clouds generally forming or developing
2026-08-20,12:00:00,Pulau Pinang,George Town,5.4145,100.3292,31.0,68,0.0,2.5,3,Clouds generally forming or developing
2026-08-20,12:00:00,Pahang,Raub,3.7931,101.8569,33.6,42,0.0,6.9,3,Clouds generally forming or developing
2026-08-20,12:00:00,Sarawak,Miri,4.4028,113.9933,31.7,65,0.0,6.9,51,"Drizzle, not freezing, continuous 	slight at time of observation"
2026-08-20,11:00:00,Pahang,Raub,3.7931,101.8569,31.4,53,0.0,6.9,3,Clouds generally forming or developing
2026-08-20,11:00:00,Pulau Pinang,Butterworth,5.3992,100.3639,30.7,66,0.0,4.1,3,Clouds generally forming or developing
2026-08-20,11:00:00,Sabah,Sandakan,5.8388,118.1173,31.7,57,0.0,14.5,0,Cloud development not observed or not observable
2026-08-20,11:00:00,Johor,Muar,2.05,102.56,30.7,63,0.0,13.6,3,Clouds generally forming or developing
2026-08-20,11:00:00,Pahang,Kuantan,3.8167,103.3333,30.3,70,0.0,10.0,3,Clouds generally forming or developing
2026-08-20,11:00:00,Kedah,Sungai Petani,5.65,100.48,29.7,72,0.0,3.4,3,Clouds generally forming or developing
2026-08-20,11:00:00,Putrajaya,Putrajaya,2.93,101.69,29.4,72,0.0,6.8,3,Clouds generally forming or developing
2026-08-20,11:00:00,Perak,Taiping,4.85,100.7333,30.6,69,0.0,0.4,3,Clouds generally forming or developing
2026-08-20,11:00:00,Perak,Ipoh,4.6,101.07,30.9,63,0.0,3.3,3,Clouds generally forming or developing
2026-08-20,11:00:00,Selangor,Klang,3.0333,101.45,31.4,63,0.0,7.5,3,Clouds generally forming or developing
2026-08-20,11:00:00,Kedah,Alor Setar,6.1167,100.3667,30.3,73,0.0,4.3,3,Clouds generally forming or developing
2026-08-20,11:00:00,Sabah,Kota Kinabalu,5.975,116.0725,31.3,63,0.0,11.1,2,State of sky on the whole unchanged
2026-08-20,11:00:00,Labuan,Labuan,5.2803,115.2475,30.6,63,0.0,10.3,51,"Drizzle, not freezing, continuous 	slight at time of observation"
2026-08-20,11:00:00,Sarawak,Bintulu,3.17,113.03,27.8,83,0.3,3.9,53,"Drizzle, not freezing, continuous 	moderate at time of observation"
2026-08-20,11:00:00,Selangor,Petaling Jaya,3.1073,101.6067,29.8,69,0.0,4.9,3,Clouds generally forming or developing
2026-08-20,11:00:00,Perlis,Kangar,6.4333,100.2,31.3,65,0.0,11.4,3,Clouds generally forming or developing
2026-08-20,11:00:00,Pulau Pinang,Bukit Mertajam,5.3631,100.4667,30.6,66,0.0,4.1,3,Clouds generally forming or developing
2026-08-20,11:00:00,Johor,Johor Bahru,1.4556,103.7611,30.1,69,0.1,8.6,51,"Drizzle, not freezing, continuous 	slight at time of observation"
2026-08-20,11:00:00,Pulau Pinang,George Town,5.4145,100.3292,30.4,71,0.0,3.3,3,Clouds generally forming or developing
2026-08-20,11:00:00,Selangor,Shah Alam,3.0833,101.5333,30.5,66,0.0,7.3,3,Clouds generally forming or developing
2026-08-20,11:00:00,Melaka,Melaka,2.1889,102.2511,31.7,55,0.0,12.0,3,Clouds generally forming or developing
2026-08-20,11:00:00,Sarawak,Kuching,1.5397,110.3542,31.6,60,0.0,7.9,1,Clouds generally dissolving or becoming less developed
2026-08-20,11:00:00,Sabah,Tawau,4.2448,117.8911,29.7,71,0.2,6.8,51,"Drizzle, not freezing, continuous 	slight at time of observation"
2026-08-20,11:00:00,Pahang,Kuala Lipis,4.184,102.042,31.0,58,0.0,3.1,2,State of sky on the whole unchanged
2026-08-20,11:00:00,Perak,Teluk Intan,4.0259,101.0213,29.4,71,0.0,2.6,3,Clouds generally forming or developing
2026-08-20,11:00:00,Sarawak,Miri,4.4028,113.9933,31.0,70,0.0,5.5,51,"Drizzle, not freezing, continuous 	slight at time of observation"
2026-08-20,11:00:00,Kuala Lumpur,Kuala Lumpur,3.1478,101.6953,30.2,64,0.0,2.9,3,Clouds generally forming or developing
2026-08-20,11:00:00,Kelantan,Kota Bharu,6.1333,102.25,31.0,62,0.0,8.3,3,Clouds generally forming or developing
2026-08-20,11:00:00,Sabah,Lahad Datu,5.03,118.34,30.2,66,0.1,13.1,51,"Drizzle, not freezing, continuous 	slight at time of observation"
2026-08-20,11:00:00,Johor,Kluang,2.0336,103.3194,30.2,70,0.0,11.4,3,Clouds generally forming or developing
2026-08-20,11:00:00,Negeri Sembilan,Seremban,2.7297,101.9381,29.8,72,0.0,6.3,3,Clouds generally forming or developing
2026-08-20,11:00:00,Johor,Batu Pahat,1.85,102.93,30.9,62,0.0,12.3,3,Clouds generally forming or developing
2026-08-20,11:00:00,Sarawak,Sibu,2.3,111.8167,31.1,71,0.0,5.2,51,"Drizzle, not freezing, continuous 	slight at time of observation"
2026-08-20,10:00:00,Sarawak,Kuching,1.5397,110.3542,29.9,70,0.0,6.0,1,Clouds generally dissolving or becoming less developed
2026-08-20,10:00:00,Perak,Ipoh,4.6,101.07,29.1,70,0.0,4.6,3,Clouds generally forming or developing
2026-08-20,10:00:00,Sarawak,Sibu,2.3,111.8167,30.2,76,0.0,5.1,1,Clouds generally dissolving or becoming less developed
2026-08-20,10:00:00,Sarawak,Bintulu,3.17,113.03,28.6,82,0.0,6.7,51,"Drizzle, not freezing, continuous 	slight at time of observation"
2026-08-20,10:00:00,Kelantan,Kota Bharu,6.1333,102.25,30.0,66,0.0,9.5,3,Clouds generally forming or developing
2026-08-20,10:00:00,Pulau Pinang,Bukit Mertajam,5.3631,100.4667,29.6,70,0.0,5.5,3,Clouds generally forming or developing
2026-08-20,10:00:00,Selangor,Shah Alam,3.0833,101.5333,29.4,72,0.0,5.1,3,Clouds generally forming or developing
2026-08-20,10:00:00,Sabah,Lahad Datu,5.03,118.34,30.4,62,0.0,14.3,1,Clouds generally dissolving or becoming less developed
2026-08-20,10:00:00,Pulau Pinang,George Town,5.4145,100.3292,29.0,79,0.0,4.1,3,Clouds generally forming or developing
2026-08-20,10:00:00,Labuan,Labuan,5.2803,115.2475,30.8,61,0.0,10.6,3,Clouds generally forming or developing
2026-08-20,10:00:00,Kedah,Alor Setar,6.1167,100.3667,28.8,81,0.0,3.5,3,Clouds generally forming or developing
2026-08-20,10:00:00,Perak,Taiping,4.85,100.7333,29.4,76,0.0,2.5,3,Clouds generally forming or developing
2026-08-20,10:00:00,Pahang,Raub,3.7931,101.8569,29.0,62,0.0,6.1,3,Clouds generally forming or developing
2026-08-20,10:00:00,Melaka,Melaka,2.1889,102.2511,30.6,60,0.0,9.2,3,Clouds generally forming or developing
2026-08-20,10:00:00,Pulau Pinang,Butterworth,5.3992,100.3639,29.6,70,0.0,5.5,3,Clouds generally forming or developing
2026-08-20,10:00:00,Johor,Batu Pahat,1.85,102.93,30.2,65,0.0,10.9,3,Clouds generally forming or developing
2026-08-20,10:00:00,Pahang,Kuala Lipis,4.184,102.042,29.2,66,0.0,2.2,3,Clouds generally forming or developing
2026-08-20,10:00:00,Selangor,Petaling Jaya,3.1073,101.6067,28.1,81,0.0,2.4,3,Clouds generally forming or developing
2026-08-20,10:00:00,Sarawak,Miri,4.4028,113.9933,30.2,74,0.0,6.6,1,Clouds generally dissolving or becoming less developed
2026-08-20,10:00:00,Perak,Teluk Intan,4.0259,101.0213,28.2,78,0.0,2.7,3,Clouds generally forming or developing
2026-08-20,10:00:00,Perlis,Kangar,6.4333,100.2,30.6,69,0.1,11.6,51,"Drizzle, not freezing, continuous 	slight at time of observation"
2026-08-20,10:00:00,Johor,Johor Bahru,1.4556,103.7611,28.3,79,0.2,9.5,51,"Drizzle, not freezing, continuous 	slight at time of observation"
2026-08-20,10:00:00,Putrajaya,Putrajaya,2.93,101.69,27.5,83,0.0,5.2,3,Clouds generally forming or developing
2026-08-20,10:00:00,Sabah,Sandakan,5.8388,118.1173,30.7,64,0.0,15.5,0,Cloud development not observed or not observable
2026-08-20,10:00:00,Sabah,Kota Kinabalu,5.975,116.0725,30.5,65,0.0,10.6,2,State of sky on the whole unchanged
2026-08-20,10:00:00,Negeri Sembilan,Seremban,2.7297,101.9381,28.7,72,0.0,4.6,3,Clouds generally forming or developing
2026-08-20,10:00:00,Kuala Lumpur,Kuala Lumpur,3.1478,101.6953,28.2,78,0.0,1.9,3,Clouds generally forming or developing
2026-08-20,10:00:00,Johor,Muar,2.05,102.56,30.5,64,0.0,11.9,3,Clouds generally forming or developing
2026-08-20,10:00:00,Selangor,Klang,3.0333,101.45,30.0,68,0.0,4.8,3,Clouds generally forming or developing
2026-08-20,10:00:00,Sabah,Tawau,4.2448,117.8911,28.9,75,0.1,6.4,51,"Drizzle, not freezing, continuous 	slight at time of observation"
2026-08-20,10:00:00,Kedah,Sungai Petani,5.65,100.48,28.0,80,0.0,4.8,3,Clouds generally forming or developing
2026-08-20,10:00:00,Pahang,Kuantan,3.8167,103.3333,28.7,75,0.0,9.9,3,Clouds generally forming or developing
2026-08-20,10:00:00,Johor,Kluang,2.0336,103.3194,28.7,80,0.0,8.6,3,Clouds generally forming or developing
2026-08-20,09:00:00,Sabah,Kota Kinabalu,5.975,116.0725,28.5,77,0.2,8.1,51,"Drizzle, not freezing, continuous 	slight at time of observation"
2026-08-20,09:00:00,Pahang,Kuala Lipis,4.184,102.042,27.5,76,0.0,2.6,3,Clouds generally forming or developing
2026-08-20,09:00:00,Putrajaya,Putrajaya,2.93,101.69,26.7,86,0.0,4.6,3,Clouds generally forming or developing
2026-08-20,09:00:00,Johor,Johor Bahru,1.4556,103.7611,27.6,85,0.1,3.5,51,"Drizzle, not freezing, continuous 	slight at time of observation"
2026-08-20,09:00:00,Pahang,Raub,3.7931,101.8569,27.7,73,0.0,3.7,3,Clouds generally forming or developing
2026-08-20,09:00:00,Sarawak,Kuching,1.5397,110.3542,27.9,77,0.0,4.3,0,Cloud development not observed or not observable
2026-08-20,09:00:00,Johor,Muar,2.05,102.56,29.3,71,0.0,8.5,3,Clouds generally forming or developing
2026-08-20,09:00:00,Johor,Batu Pahat,1.85,102.93,29.1,75,0.0,7.6,3,Clouds generally forming or developing
2026-08-20,09:00:00,Kedah,Alor Setar,6.1167,100.3667,27.1,91,0.0,5.0,3,Clouds generally forming or developing
2026-08-20,09:00:00,Perak,Teluk Intan,4.0259,101.0213,27.2,82,0.0,5.8,3,Clouds generally forming or developing
2026-08-20,09:00:00,Johor,Kluang,2.0336,103.3194,27.1,88,0.0,6.1,3,Clouds generally forming or developing
2026-08-20,09:00:00,Pulau Pinang,Bukit Mertajam,5.3631,100.4667,27.7,79,0.0,4.1,3,Clouds generally forming or developing
2026-08-20,09:00:00,Perlis,Kangar,6.4333,100.2,29.3,76,0.0,9.2,3,Clouds generally forming or developing
2026-08-20,09:00:00,Sabah,Sandakan,5.8388,118.1173,29.8,70,0.0,14.4,0,Cloud development not observed or not observable
2026-08-20,09:00:00,Sarawak,Miri,4.4028,113.9933,28.7,79,0.0,7.7,1,Clouds generally dissolving or becoming less developed
2026-08-20,09:00:00,Selangor,Petaling Jaya,3.1073,101.6067,26.6,87,0.0,1.6,3,Clouds generally forming or developing
2026-08-20,09:00:00,Sabah,Lahad Datu,5.03,118.34,30.0,63,0.0,12.9,1,Clouds generally dissolving or becoming less developed
2026-08-20,09:00:00,Kedah,Sungai Petani,5.65,100.48,26.5,87,0.0,5.6,3,Clouds generally forming or developing
2026-08-20,09:00:00,Sarawak,Bintulu,3.17,113.03,27.6,85,0.0,6.1,2,State of sky on the whole unchanged
2026-08-20,09:00:00,Labuan,Labuan,5.2803,115.2475,30.3,64,0.0,11.5,2,State of sky on the whole unchanged
2026-08-20,09:00:00,Negeri Sembilan,Seremban,2.7297,101.9381,27.2,80,0.0,3.8,3,Clouds generally forming or developing
2026-08-20,09:00:00,Sarawak,Sibu,2.3,111.8167,29.1,82,0.0,4.7,2,State of sky on the whole unchanged
2026-08-20,09:00:00,Kuala Lumpur,Kuala Lumpur,3.1478,101.6953,26.6,89,0.0,2.2,3,Clouds generally forming or developing
2026-08-20,09:00:00,Selangor,Klang,3.0333,101.45,27.8,81,0.0,3.1,3,Clouds generally forming or developing
2026-08-20,09:00:00,Perak,Ipoh,4.6,101.07,26.7,82,0.0,6.1,3,Clouds generally forming or developing
2026-08-20,09:00:00,Sabah,Tawau,4.2448,117.8911,27.9,81,0.0,6.2,2,State of sky on the whole unchanged
2026-08-20,09:00:00,Kelantan,Kota Bharu,6.1333,102.25,28.2,75,0.0,8.4,3,Clouds generally forming or developing
2026-08-20,09:00:00,Melaka,Melaka,2.1889,102.2511,29.2,69,0.0,6.6,2,State of sky on the whole unchanged
2026-08-20,09:00:00,Pulau Pinang,Butterworth,5.3992,100.3639,27.8,79,0.0,4.1,3,Clouds generally forming or developing
2026-08-20,09:00:00,Pulau Pinang,George Town,5.4145,100.3292,27.4,90,0.0,3.1,3,Clouds generally forming or developing
2026-08-20,09:00:00,Pahang,Kuantan,3.8167,103.3333,27.1,80,0.0,9.3,3,Clouds generally forming or developing
2026-08-20,09:00:00,Perak,Taiping,4.85,100.7333,27.5,84,0.0,4.5,3,Clouds generally forming or developing
2026-08-20,09:00:00,Selangor,Shah Alam,3.0833,101.5333,27.6,82,0.0,3.1,3,Clouds generally forming or developing
2026-08-20,08:00:00,Pulau Pinang,George Town,5.4145,100.3292,26.7,95,0.0,4.4,3,Clouds generally forming or developing
2026-08-20,08:00:00,Perlis,Kangar,6.4333,100.2,27.9,82,0.0,9.4,3,Clouds generally forming or developing
2026-08-20,08:00:00,Putrajaya,Putrajaya,2.93,101.69,26.3,85,0.0,3.9,3,Clouds generally forming or developing
2026-08-20,08:00:00,Labuan,Labuan,5.2803,115.2475,29.8,66,0.0,10.4,2,State of sky on the whole unchanged
2026-08-20,08:00:00,Johor,Muar,2.05,102.56,27.8,83,0.0,5.9,3,Clouds generally forming or developing
2026-08-20,08:00:00,Pahang,Kuantan,3.8167,103.3333,25.7,84,0.0,11.5,3,Clouds generally forming or developing
2026-08-20,08:00:00,Pahang,Kuala Lipis,4.184,102.042,25.7,87,0.0,1.3,2,State of sky on the whole unchanged
2026-08-20,08:00:00,Selangor,Shah Alam,3.0833,101.5333,26.6,89,0.0,2.8,3,Clouds generally forming or developing
2026-08-20,08:00:00,Negeri Sembilan,Seremban,2.7297,101.9381,26.5,82,0.0,2.4,3,Clouds generally forming or developing
2026-08-20,08:00:00,Kuala Lumpur,Kuala Lumpur,3.1478,101.6953,26.0,90,0.0,2.9,3,Clouds generally forming or developing
2026-08-20,08:00:00,Sabah,Sandakan,5.8388,118.1173,28.7,75,0.0,11.8,1,Clouds generally dissolving or becoming less developed
2026-08-20,08:00:00,Selangor,Petaling Jaya,3.1073,101.6067,26.1,88,0.0,2.8,3,Clouds generally forming or developing
2026-08-20,08:00:00,Kelantan,Kota Bharu,6.1333,102.25,26.5,79,0.0,9.2,3,Clouds generally forming or developing
2026-08-20,08:00:00,Johor,Kluang,2.0336,103.3194,25.3,93,0.0,6.0,3,Clouds generally forming or developing
2026-08-20,08:00:00,Sabah,Kota Kinabalu,5.975,116.0725,27.3,84,0.0,4.5,3,Clouds generally forming or developing
2026-08-20,08:00:00,Melaka,Melaka,2.1889,102.2511,27.2,81,0.0,6.2,3,Clouds generally forming or developing
2026-08-20,08:00:00,Perak,Ipoh,4.6,101.07,25.2,90,0.0,6.8,3,Clouds generally forming or developing
2026-08-20,08:00:00,Pulau Pinang,Butterworth,5.3992,100.3639,26.6,83,0.0,5.5,3,Clouds generally forming or developing
2026-08-20,08:00:00,Johor,Johor Bahru,1.4556,103.7611,25.6,91,0.0,3.9,3,Clouds generally forming or developing
2026-08-20,08:00:00,Johor,Batu Pahat,1.85,102.93,27.0,85,0.0,6.9,3,Clouds generally forming or developing
2026-08-20,08:00:00,Pahang,Raub,3.7931,101.8569,25.5,82,0.0,1.0,3,Clouds generally forming or developing
2026-08-20,08:00:00,Perak,Teluk Intan,4.0259,101.0213,25.9,91,0.0,5.2,3,Clouds generally forming or developing
2026-08-20,08:00:00,Sabah,Lahad Datu,5.03,118.34,29.4,66,0.1,9.7,51,"Drizzle, not freezing, continuous 	slight at time of observation"
2026-08-20,08:00:00,Selangor,Klang,3.0333,101.45,26.5,88,0.0,3.0,3,Clouds generally forming or developing
2026-08-20,08:00:00,Sabah,Tawau,4.2448,117.8911,26.7,86,0.1,5.2,51,"Drizzle, not freezing, continuous 	slight at time of observation"
2026-08-20,08:00:00,Sarawak,Miri,4.4028,113.9933,27.0,88,0.0,8.6,2,State of sky on the whole unchanged
2026-08-20,08:00:00,Kedah,Sungai Petani,5.65,100.48,25.1,90,0.0,6.3,3,Clouds generally forming or developing
2026-08-20,08:00:00,Kedah,Alor Setar,6.1167,100.3667,26.1,89,0.0,4.6,3,Clouds generally forming or developing
2026-08-20,08:00:00,Sarawak,Kuching,1.5397,110.3542,25.9,88,0.0,5.3,2,State of sky on the whole unchanged
2026-08-20,08:00:00,Perak,Taiping,4.85,100.7333,25.7,90,0.0,5.8,3,Clouds generally forming or developing
2026-08-20,08:00:00,Sarawak,Bintulu,3.17,113.03,26.2,90,0.3,4.7,51,"Drizzle, not freezing, continuous 	slight at time of observation"
2026-08-20,08:00:00,Sarawak,Sibu,2.3,111.8167,27.4,91,0.0,3.7,1,Clouds generally dissolving or becoming less developed
2026-08-20,08:00:00,Pulau Pinang,Bukit Mertajam,5.3631,100.4667,26.5,83,0.0,5.5,3,Clouds generally forming or developing
2026-08-20,07:00:00,Johor,Johor Bahru,1.4556,103.7611,23.0,100,0.0,1.3,3,Clouds generally forming or developing
2026-08-20,07:00:00,Sabah,Kota Kinabalu,5.975,116.0725,25.1,89,0.0,4.5,3,Clouds generally forming or developing
2026-08-20,07:00:00,Perak,Ipoh,4.6,101.07,24.6,99,0.0,1.4,3,Clouds generally forming or developing
2026-08-20,07:00:00,Perak,Taiping,4.85,100.7333,24.8,94,0.0,2.7,3,Clouds generally forming or developing
2026-08-20,07:00:00,Melaka,Melaka,2.1889,102.2511,26.0,85,0.0,7.1,3,Clouds generally forming or developing
2026-08-20,07:00:00,Perak,Teluk Intan,4.0259,101.0213,25.2,90,0.0,4.4,3,Clouds generally forming or developing
2026-08-20,07:00:00,Putrajaya,Putrajaya,2.93,101.69,24.9,97,0.0,3.5,3,Clouds generally forming or developing
2026-08-20,07:00:00,Sabah,Tawau,4.2448,117.8911,25.7,92,0.2,7.5,51,"Drizzle, not freezing, continuous 	slight at time of observation"
2026-08-20,07:00:00,Kelantan,Kota Bharu,6.1333,102.25,25.1,83,0.0,6.0,3,Clouds generally forming or developing
2026-08-20,07:00:00,Pahang,Kuala Lipis,4.184,102.042,23.9,96,0.0,2.4,3,Clouds generally forming or developing
2026-08-20,07:00:00,Pulau Pinang,Butterworth,5.3992,100.3639,26.6,83,0.0,6.3,3,Clouds generally forming or developing
2026-08-20,07:00:00,Kedah,Sungai Petani,5.65,100.48,24.0,91,0.0,4.7,3,Clouds generally forming or developing
2026-08-20,07:00:00,Sabah,Sandakan,5.8388,118.1173,26.8,85,0.0,9.6,2,State of sky on the whole unchanged
2026-08-20,07:00:00,Johor,Batu Pahat,1.85,102.93,23.9,96,0.0,2.0,3,Clouds generally forming or developing
2026-08-20,07:00:00,Labuan,Labuan,5.2803,115.2475,27.4,88,0.0,9.4,3,Clouds generally forming or developing
2026-08-20,07:00:00,Pulau Pinang,George Town,5.4145,100.3292,26.4,95,0.0,3.4,3,Clouds generally forming or developing
2026-08-20,07:00:00,Pahang,Raub,3.7931,101.8569,24.2,79,0.0,2.0,3,Clouds generally forming or developing
2026-08-20,07:00:00,Johor,Kluang,2.0336,103.3194,23.8,95,0.0,2.3,3,Clouds generally forming or developing
2026-08-20,07:00:00,Selangor,Petaling Jaya,3.1073,101.6067,24.7,96,0.0,3.2,3,Clouds generally forming or developing
2026-08-20,07:00:00,Sarawak,Kuching,1.5397,110.3542,24.3,98,0.0,6.2,3,Clouds generally forming or developing
2026-08-20,07:00:00,Pahang,Kuantan,3.8167,103.3333,24.5,87,0.0,12.2,3,Clouds generally forming or developing
2026-08-20,07:00:00,Selangor,Klang,3.0333,101.45,25.3,95,0.0,4.9,3,Clouds generally forming or developing
2026-08-20,07:00:00,Perlis,Kangar,6.4333,100.2,27.7,77,0.0,9.9,3,Clouds generally forming or developing
2026-08-20,07:00:00,Sabah,Lahad Datu,5.03,118.34,27.3,82,0.1,4.9,51,"Drizzle, not freezing, continuous 	slight at time of observation"
2026-08-20,07:00:00,Pulau Pinang,Bukit Mertajam,5.3631,100.4667,26.5,83,0.0,6.3,3,Clouds generally forming or developing
2026-08-20,07:00:00,Kedah,Alor Setar,6.1167,100.3667,26.1,82,0.0,2.6,3,Clouds generally forming or developing
2026-08-20,07:00:00,Negeri Sembilan,Seremban,2.7297,101.9381,24.8,85,0.0,3.9,3,Clouds generally forming or developing
2026-08-20,07:00:00,Johor,Muar,2.05,102.56,26.8,81,0.0,10.9,3,Clouds generally forming or developing
2026-08-20,07:00:00,Kuala Lumpur,Kuala Lumpur,3.1478,101.6953,24.6,97,0.0,4.7,3,Clouds generally forming or developing
2026-08-20,07:00:00,Selangor,Shah Alam,3.0833,101.5333,25.4,92,0.0,3.8,3,Clouds generally forming or developing
2026-08-20,07:00:00,Sarawak,Bintulu,3.17,113.03,23.0,98,1.0,10.3,81,"Rain shower(s), moderate or heavy"
2026-08-20,07:00:00,Sarawak,Sibu,2.3,111.8167,24.9,94,0.0,6.4,2,State of sky on the whole unchanged
2026-08-20,07:00:00,Sarawak,Miri,4.4028,113.9933,25.1,93,0.0,8.6,1,Clouds generally dissolving or becoming less developed
2026-08-20,06:00:00,Sarawak,Bintulu,3.17,113.03,23.5,95,0.0,7.7,53,"Drizzle, not freezing, continuous 	moderate at time of observation"
2026-08-20,06:00:00,Johor,Johor Bahru,1.4556,103.7611,23.2,99,0.0,2.8,3,Clouds generally forming or developing
2026-08-20,06:00:00,Pahang,Raub,3.7931,101.8569,24.5,80,0.0,1.9,3,Clouds generally forming or developing
2026-08-20,06:00:00,Pulau Pinang,George Town,5.4145,100.3292,26.8,93,0.0,2.3,3,Clouds generally forming or developing
2026-08-20,06:00:00,Perak,Teluk Intan,4.0259,101.0213,24.8,93,0.0,5.1,3,Clouds generally forming or developing
2026-08-20,06:00:00,Pahang,Kuantan,3.8167,103.3333,24.7,88,0.0,10.9,3,Clouds generally forming or developing
2026-08-20,06:00:00,Perak,Taiping,4.85,100.7333,25.1,93,0.0,3.0,3,Clouds generally forming or developing
2026-08-20,06:00:00,Selangor,Petaling Jaya,3.1073,101.6067,24.9,96,0.0,1.5,3,Clouds generally forming or developing
2026-08-20,06:00:00,Selangor,Shah Alam,3.0833,101.5333,25.6,91,0.0,3.2,3,Clouds generally forming or developing
2026-08-20,06:00:00,Kedah,Alor Setar,6.1167,100.3667,27.0,79,0.0,4.1,3,Clouds generally forming or developing
2026-08-20,06:00:00,Perlis,Kangar,6.4333,100.2,27.8,76,0.0,11.0,3,Clouds generally forming or developing
2026-08-20,06:00:00,Sabah,Lahad Datu,5.03,118.34,26.2,86,0.0,2.2,1,Clouds generally dissolving or becoming less developed
2026-08-20,06:00:00,Kelantan,Kota Bharu,6.1333,102.25,25.4,81,0.0,5.7,3,Clouds generally forming or developing
2026-08-20,06:00:00,Kedah,Sungai Petani,5.65,100.48,24.0,92,0.0,4.2,3,Clouds generally forming or developing
2026-08-20,06:00:00,Johor,Kluang,2.0336,103.3194,23.8,95,0.0,2.5,3,Clouds generally forming or developing
2026-08-20,06:00:00,Sabah,Tawau,4.2448,117.8911,25.4,92,0.1,6.7,51,"Drizzle, not freezing, continuous 	slight at time of observation"
2026-08-20,06:00:00,Labuan,Labuan,5.2803,115.2475,26.7,90,0.0,9.1,2,State of sky on the whole unchanged
2026-08-20,06:00:00,Johor,Muar,2.05,102.56,26.4,84,0.0,11.7,3,Clouds generally forming or developing
2026-08-20,06:00:00,Kuala Lumpur,Kuala Lumpur,3.1478,101.6953,24.8,98,0.0,3.3,3,Clouds generally forming or developing
2026-08-20,06:00:00,Sarawak,Miri,4.4028,113.9933,24.7,94,0.0,5.5,0,Cloud development not observed or not observable
2026-08-20,06:00:00,Negeri Sembilan,Seremban,2.7297,101.9381,25.0,84,0.0,3.9,3,Clouds generally forming or developing
2026-08-20,06:00:00,Selangor,Klang,3.0333,101.45,25.5,95,0.0,5.2,3,Clouds generally forming or developing
2026-08-20,06:00:00,Putrajaya,Putrajaya,2.93,101.69,25.1,97,0.0,2.3,3,Clouds generally forming or developing
2026-08-20,06:00:00,Pulau Pinang,Bukit Mertajam,5.3631,100.4667,26.6,84,0.0,3.2,3,Clouds generally forming or developing
2026-08-20,06:00:00,Sabah,Kota Kinabalu,5.975,116.0725,24.5,87,0.0,3.7,2,State of sky on the whole unchanged
2026-08-20,06:00:00,Sarawak,Sibu,2.3,111.8167,25.2,97,0.0,11.5,2,State of sky on the whole unchanged
2026-08-20,06:00:00,Perak,Ipoh,4.6,101.07,25.0,98,0.0,1.8,3,Clouds generally forming or developing
2026-08-20,06:00:00,Sarawak,Kuching,1.5397,110.3542,24.6,98,0.0,10.7,2,State of sky on the whole unchanged
2026-08-20,06:00:00,Melaka,Melaka,2.1889,102.2511,26.1,83,0.0,8.8,3,Clouds generally forming or developing
2026-08-20,06:00:00,Sabah,Sandakan,5.8388,118.1173,26.2,89,0.0,9.0,2,State of sky on the whole unchanged
2026-08-20,06:00:00,Pulau Pinang,Butterworth,5.3992,100.3639,26.6,84,0.0,3.2,3,Clouds generally forming or developing
2026-08-20,06:00:00,Johor,Batu Pahat,1.85,102.93,24.5,93,0.0,1.9,3,Clouds generally forming or developing
2026-08-20,06:00:00,Pahang,Kuala Lipis,4.184,102.042,24.1,96,0.0,2.5,3,Clouds generally forming or developing
2026-08-20,05:00:00,Pahang,Raub,3.7931,101.8569,24.4,80,0.0,2.6,3,Clouds generally forming or developing
2026-08-20,05:00:00,Sarawak,Bintulu,3.17,113.03,25.1,92,0.0,5.8,2,State of sky on the whole unchanged
2026-08-20,05:00:00,Sabah,Lahad Datu,5.03,118.34,26.2,86,0.0,1.6,1,Clouds generally dissolving or becoming less developed
2026-08-20,05:00:00,Sabah,Sandakan,5.8388,118.1173,26.4,88,0.0,12.1,2,State of sky on the whole unchanged
2026-08-20,05:00:00,Kuala Lumpur,Kuala Lumpur,3.1478,101.6953,24.9,98,0.0,3.6,3,Clouds generally forming or developing
2026-08-20,05:00:00,Pahang,Kuantan,3.8167,103.3333,24.9,89,0.0,10.1,3,Clouds generally forming or developing
2026-08-20,05:00:00,Pulau Pinang,George Town,5.4145,100.3292,27.1,91,0.0,1.5,3,Clouds generally forming or developing
2026-08-20,05:00:00,Labuan,Labuan,5.2803,115.2475,26.6,91,0.0,8.9,3,Clouds generally forming or developing
2026-08-20,05:00:00,Sarawak,Miri,4.4028,113.9933,24.7,95,0.0,5.3,2,State of sky on the whole unchanged
2026-08-20,05:00:00,Perlis,Kangar,6.4333,100.2,28.1,73,0.0,11.9,3,Clouds generally forming or developing
2026-08-20,05:00:00,Selangor,Klang,3.0333,101.45,25.3,99,0.0,1.6,3,Clouds generally forming or developing
2026-08-20,05:00:00,Sabah,Kota Kinabalu,5.975,116.0725,24.3,91,0.0,3.4,1,Clouds generally dissolving or becoming less developed
2026-08-20,05:00:00,Perak,Ipoh,4.6,101.07,25.3,97,0.0,2.2,3,Clouds generally forming or developing
2026-08-20,05:00:00,Selangor,Petaling Jaya,3.1073,101.6067,24.8,95,0.0,2.1,3,Clouds generally forming or developing
2026-08-20,05:00:00,Pulau Pinang,Butterworth,5.3992,100.3639,27.1,81,0.0,3.6,3,Clouds generally forming or developing
2026-08-20,05:00:00,Pahang,Kuala Lipis,4.184,102.042,24.3,95,0.0,3.0,1,Clouds generally dissolving or becoming less developed
2026-08-20,05:00:00,Kedah,Sungai Petani,5.65,100.48,24.1,93,0.0,5.0,3,Clouds generally forming or developing
2026-08-20,05:00:00,Putrajaya,Putrajaya,2.93,101.69,24.9,97,0.0,0.3,3,Clouds generally forming or developing
2026-08-20,05:00:00,Perak,Taiping,4.85,100.7333,25.5,91,0.0,2.3,3,Clouds generally forming or developing
2026-08-20,05:00:00,Johor,Muar,2.05,102.56,26.0,86,0.0,13.9,3,Clouds generally forming or developing
2026-08-20,05:00:00,Negeri Sembilan,Seremban,2.7297,101.9381,24.8,84,0.0,3.9,3,Clouds generally forming or developing
2026-08-20,05:00:00,Sarawak,Kuching,1.5397,110.3542,24.9,97,0.0,10.6,3,Clouds generally forming or developing
2026-08-20,05:00:00,Pulau Pinang,Bukit Mertajam,5.3631,100.4667,27.0,81,0.0,3.6,3,Clouds generally forming or developing
2026-08-20,05:00:00,Johor,Kluang,2.0336,103.3194,23.7,97,0.0,5.2,3,Clouds generally forming or developing
2026-08-20,05:00:00,Melaka,Melaka,2.1889,102.2511,26.1,83,0.0,8.8,3,Clouds generally forming or developing
2026-08-20,05:00:00,Johor,Batu Pahat,1.85,102.93,24.3,94,0.0,2.5,3,Clouds generally forming or developing
2026-08-20,05:00:00,Kelantan,Kota Bharu,6.1333,102.25,25.5,79,0.0,6.1,3,Clouds generally forming or developing
2026-08-20,05:00:00,Sabah,Tawau,4.2448,117.8911,25.5,91,0.0,4.2,3,Clouds generally forming or developing
2026-08-20,05:00:00,Perak,Teluk Intan,4.0259,101.0213,24.4,97,0.0,5.6,3,Clouds generally forming or developing
2026-08-20,05:00:00,Johor,Johor Bahru,1.4556,103.7611,23.4,98,0.0,2.9,3,Clouds generally forming or developing
2026-08-20,05:00:00,Sarawak,Sibu,2.3,111.8167,25.4,99,0.0,2.0,3,Clouds generally forming or developing
2026-08-20,05:00:00,Kedah,Alor Setar,6.1167,100.3667,27.2,77,0.0,5.3,3,Clouds generally forming or developing
2026-08-20,05:00:00,Selangor,Shah Alam,3.0833,101.5333,25.5,92,0.0,0.3,3,Clouds generally forming or developing
2026-08-20,04:00:00,Perak,Ipoh,4.6,101.07,25.4,96,0.0,1.2,3,Clouds generally forming or developing
2026-08-20,04:00:00,Pahang,Kuantan,3.8167,103.3333,25.2,90,0.0,9.8,3,Clouds generally forming or developing
2026-08-20,04:00:00,Pulau Pinang,George Town,5.4145,100.3292,27.1,89,0.0,2.2,3,Clouds generally forming or developing
2026-08-20,04:00:00,Sabah,Kota Kinabalu,5.975,116.0725,24.3,92,0.0,4.6,2,State of sky on the whole unchanged
2026-08-20,04:00:00,Johor,Batu Pahat,1.85,102.93,24.1,95,0.0,4.7,3,Clouds generally forming or developing
2026-08-20,04:00:00,Pulau Pinang,Butterworth,5.3992,100.3639,27.1,80,0.0,4.6,3,Clouds generally forming or developing
2026-08-20,04:00:00,Sarawak,Sibu,2.3,111.8167,25.8,97,0.0,0.5,3,Clouds generally forming or developing
2026-08-20,04:00:00,Pahang,Kuala Lipis,4.184,102.042,24.7,93,0.0,4.5,3,Clouds generally forming or developing
2026-08-20,04:00:00,Melaka,Melaka,2.1889,102.2511,26.0,82,0.0,9.4,3,Clouds generally forming or developing
2026-08-20,04:00:00,Selangor,Shah Alam,3.0833,101.5333,25.3,95,0.0,1.5,3,Clouds generally forming or developing
2026-08-20,04:00:00,Kedah,Alor Setar,6.1167,100.3667,27.6,75,0.0,6.5,3,Clouds generally forming or developing
2026-08-20,04:00:00,Sabah,Tawau,4.2448,117.8911,25.2,89,0.1,2.4,51,"Drizzle, not freezing, continuous 	slight at time of observation"
2026-08-20,04:00:00,Pahang,Raub,3.7931,101.8569,24.6,80,0.0,2.8,3,Clouds generally forming or developing
2026-08-20,04:00:00,Selangor,Petaling Jaya,3.1073,101.6067,25.0,94,0.1,3.5,51,"Drizzle, not freezing, continuous 	slight at time of observation"
2026-08-20,04:00:00,Pulau Pinang,Bukit Mertajam,5.3631,100.4667,27.1,80,0.0,4.6,3,Clouds generally forming or developing
2026-08-20,04:00:00,Johor,Kluang,2.0336,103.3194,23.8,97,0.0,4.4,3,Clouds generally forming or developing
2026-08-20,04:00:00,Putrajaya,Putrajaya,2.93,101.69,24.8,97,0.0,0.3,3,Clouds generally forming or developing
2026-08-20,04:00:00,Selangor,Klang,3.0333,101.45,25.3,99,0.0,2.8,3,Clouds generally forming or developing
2026-08-20,04:00:00,Sabah,Sandakan,5.8388,118.1173,26.7,86,0.1,11.6,51,"Drizzle, not freezing, continuous 	slight at time of observation"
2026-08-20,04:00:00,Negeri Sembilan,Seremban,2.7297,101.9381,24.7,84,0.0,3.2,3,Clouds generally forming or developing
2026-08-20,04:00:00,Sarawak,Kuching,1.5397,110.3542,25.3,95,0.0,9.5,3,Clouds generally forming or developing
2026-08-20,04:00:00,Kuala Lumpur,Kuala Lumpur,3.1478,101.6953,25.2,96,0.0,5.5,3,Clouds generally forming or developing
2026-08-20,04:00:00,Johor,Muar,2.05,102.56,25.8,88,0.0,11.0,3,Clouds generally forming or developing
2026-08-20,04:00:00,Sabah,Lahad Datu,5.03,118.34,26.3,87,0.1,2.7,51,"Drizzle, not freezing, continuous 	slight at time of observation"
2026-08-20,04:00:00,Kelantan,Kota Bharu,6.1333,102.25,25.8,76,0.0,8.2,3,Clouds generally forming or developing
2026-08-20,04:00:00,Kedah,Sungai Petani,5.65,100.48,24.2,94,0.0,5.4,3,Clouds generally forming or developing
2026-08-20,04:00:00,Labuan,Labuan,5.2803,115.2475,26.4,93,0.0,9.5,3,Clouds generally forming or developing
2026-08-20,04:00:00,Sarawak,Bintulu,3.17,113.03,25.3,91,0.0,6.7,1,Clouds generally dissolving or becoming less developed
2026-08-20,04:00:00,Johor,Johor Bahru,1.4556,103.7611,23.5,96,0.0,6.4,3,Clouds generally forming or developing
2026-08-20,04:00:00,Perak,Taiping,4.85,100.7333,25.7,90,0.0,2.7,3,Clouds generally forming or developing
2026-08-20,04:00:00,Sarawak,Miri,4.4028,113.9933,24.8,96,0.0,6.1,1,Clouds generally dissolving or becoming less developed
2026-08-20,04:00:00,Perak,Teluk Intan,4.0259,101.0213,24.4,97,0.0,6.2,3,Clouds generally forming or developing
2026-08-20,04:00:00,Perlis,Kangar,6.4333,100.2,28.3,72,0.0,12.2,3,Clouds generally forming or developing
2026-08-20,03:00:00,Melaka,Melaka,2.1889,102.2511,26.0,82,0.0,11.1,3,Clouds generally forming or developing
2026-08-20,03:00:00,Kuala Lumpur,Kuala Lumpur,3.1478,101.6953,25.5,92,0.0,1.5,3,Clouds generally forming or developing
2026-08-20,03:00:00,Sarawak,Kuching,1.5397,110.3542,25.7,93,0.0,8.9,2,State of sky on the whole unchanged
2026-08-20,03:00:00,Perak,Teluk Intan,4.0259,101.0213,24.5,96,0.0,7.6,3,Clouds generally forming or developing
2026-08-20,03:00:00,Sarawak,Sibu,2.3,111.8167,25.8,97,0.0,1.5,3,Clouds generally forming or developing
2026-08-20,03:00:00,Sabah,Kota Kinabalu,5.975,116.0725,24.6,91,0.0,3.7,3,Clouds generally forming or developing
2026-08-20,03:00:00,Selangor,Klang,3.0333,101.45,25.3,97,0.0,1.6,53,"Drizzle, not freezing, continuous 	moderate at time of observation"
2026-08-20,03:00:00,Selangor,Petaling Jaya,3.1073,101.6067,25.2,93,0.0,1.3,3,Clouds generally forming or developing
2026-08-20,03:00:00,Kedah,Alor Setar,6.1167,100.3667,27.8,73,0.0,7.9,3,Clouds generally forming or developing
2026-08-20,03:00:00,Pahang,Kuala Lipis,4.184,102.042,24.9,91,0.0,3.8,3,Clouds generally forming or developing
2026-08-20,03:00:00,Perak,Ipoh,4.6,101.07,25.6,95,0.0,3.1,3,Clouds generally forming or developing
2026-08-20,03:00:00,Pahang,Raub,3.7931,101.8569,24.7,80,0.0,2.8,3,Clouds generally forming or developing
2026-08-20,03:00:00,Pulau Pinang,Bukit Mertajam,5.3631,100.4667,27.0,80,0.0,5.5,3,Clouds generally forming or developing
2026-08-20,03:00:00,Sabah,Sandakan,5.8388,118.1173,26.9,85,0.1,10.8,51,"Drizzle, not freezing, continuous 	slight at time of observation"
2026-08-20,03:00:00,Selangor,Shah Alam,3.0833,101.5333,25.5,93,0.0,1.3,51,"Drizzle, not freezing, continuous 	slight at time of observation"
2026-08-20,03:00:00,Negeri Sembilan,Seremban,2.7297,101.9381,24.5,85,0.0,3.4,3,Clouds generally forming or developing
2026-08-20,03:00:00,Johor,Johor Bahru,1.4556,103.7611,23.9,96,0.1,5.1,51,"Drizzle, not freezing, continuous 	slight at time of observation"
2026-08-20,03:00:00,Perlis,Kangar,6.4333,100.2,28.2,74,0.0,11.4,3,Clouds generally forming or developing
2026-08-20,03:00:00,Labuan,Labuan,5.2803,115.2475,26.7,94,0.0,9.9,2,State of sky on the whole unchanged
2026-08-20,03:00:00,Putrajaya,Putrajaya,2.93,101.69,24.7,97,0.0,3.3,51,"Drizzle, not freezing, continuous 	slight at time of observation"
2026-08-20,03:00:00,Johor,Muar,2.05,102.56,25.5,93,0.0,7.3,3,Clouds generally forming or developing
2026-08-20,03:00:00,Pulau Pinang,George Town,5.4145,100.3292,27.4,86,0.0,2.2,3,Clouds generally forming or developing
2026-08-20,03:00:00,Sabah,Lahad Datu,5.03,118.34,26.5,84,0.1,3.6,51,"Drizzle, not freezing, continuous 	slight at time of observation"
2026-08-20,03:00:00,Perak,Taiping,4.85,100.7333,25.7,88,0.0,3.1,3,Clouds generally forming or developing
2026-08-20,03:00:00,Johor,Batu Pahat,1.85,102.93,23.9,96,0.0,7.0,3,Clouds generally forming or developing
2026-08-20,03:00:00,Sarawak,Bintulu,3.17,113.03,25.5,92,0.0,1.9,0,Cloud development not observed or not observable
2026-08-20,03:00:00,Kelantan,Kota Bharu,6.1333,102.25,26.5,73,0.0,9.5,3,Clouds generally forming or developing
2026-08-20,03:00:00,Kedah,Sungai Petani,5.65,100.48,24.5,96,0.0,6.0,3,Clouds generally forming or developing
2026-08-20,03:00:00,Sarawak,Miri,4.4028,113.9933,24.9,96,0.0,7.0,1,Clouds generally dissolving or becoming less developed
2026-08-20,03:00:00,Pulau Pinang,Butterworth,5.3992,100.3639,27.1,80,0.0,5.5,3,Clouds generally forming or developing
2026-08-20,03:00:00,Sabah,Tawau,4.2448,117.8911,25.2,88,0.0,6.0,2,State of sky on the whole unchanged
2026-08-20,03:00:00,Pahang,Kuantan,3.8167,103.3333,25.5,91,0.0,11.0,3,Clouds generally forming or developing
2026-08-20,03:00:00,Johor,Kluang,2.0336,103.3194,24.2,97,0.1,3.7,51,"Drizzle, not freezing, continuous 	slight at time of observation"
2026-08-20,02:00:00,Sabah,Kota Kinabalu,5.975,116.0725,24.5,94,0.4,5.5,51,"Drizzle, not freezing, continuous 	slight at time of observation"
2026-08-20,02:00:00,Labuan,Labuan,5.2803,115.2475,27.0,94,0.0,6.6,2,State of sky on the whole unchanged
2026-08-20,02:00:00,Putrajaya,Putrajaya,2.93,101.69,25.3,93,0.0,3.3,3,Clouds generally forming or developing
2026-08-20,02:00:00,Selangor,Klang,3.0333,101.45,25.6,94,0.0,4.5,3,Clouds generally forming or developing
2026-08-20,02:00:00,Kedah,Sungai Petani,5.65,100.48,24.9,95,0.0,5.3,3,Clouds generally forming or developing
2026-08-20,02:00:00,Johor,Johor Bahru,1.4556,103.7611,24.1,95,0.0,5.6,3,Clouds generally forming or developing
2026-08-20,02:00:00,Johor,Muar,2.05,102.56,25.4,95,0.0,10.1,3,Clouds generally forming or developing
2026-08-20,02:00:00,Sarawak,Kuching,1.5397,110.3542,25.9,97,0.0,7.0,3,Clouds generally forming or developing
2026-08-20,02:00:00,Sarawak,Bintulu,3.17,113.03,25.8,91,0.0,2.8,2,State of sky on the whole unchanged
2026-08-20,02:00:00,Selangor,Shah Alam,3.0833,101.5333,25.7,93,0.0,2.7,3,Clouds generally forming or developing
2026-08-20,02:00:00,Kuala Lumpur,Kuala Lumpur,3.1478,101.6953,25.4,95,0.0,5.0,3,Clouds generally forming or developing
2026-08-20,02:00:00,Pahang,Raub,3.7931,101.8569,25.5,76,0.0,2.8,3,Clouds generally forming or developing
2026-08-20,02:00:00,Perak,Ipoh,4.6,101.07,25.7,93,0.0,4.0,3,Clouds generally forming or developing
2026-08-20,02:00:00,Negeri Sembilan,Seremban,2.7297,101.9381,24.9,83,0.0,1.9,3,Clouds generally forming or developing
2026-08-20,02:00:00,Selangor,Petaling Jaya,3.1073,101.6067,25.2,93,0.0,4.5,3,Clouds generally forming or developing
2026-08-20,02:00:00,Perak,Taiping,4.85,100.7333,25.7,87,0.0,4.2,3,Clouds generally forming or developing
2026-08-20,02:00:00,Sarawak,Miri,4.4028,113.9933,25.0,96,0.0,7.4,1,Clouds generally dissolving or becoming less developed
2026-08-20,02:00:00,Kelantan,Kota Bharu,6.1333,102.25,26.9,71,0.0,12.6,3,Clouds generally forming or developing
2026-08-20,02:00:00,Pulau Pinang,George Town,5.4145,100.3292,27.8,82,0.0,0.4,3,Clouds generally forming or developing
2026-08-20,02:00:00,Johor,Batu Pahat,1.85,102.93,24.1,95,0.0,7.8,3,Clouds generally forming or developing
2026-08-20,02:00:00,Pahang,Kuala Lipis,4.184,102.042,25.4,88,0.0,4.8,3,Clouds generally forming or developing
2026-08-20,02:00:00,Perak,Teluk Intan,4.0259,101.0213,24.9,95,0.0,8.3,3,Clouds generally forming or developing
2026-08-20,02:00:00,Melaka,Melaka,2.1889,102.2511,25.9,87,0.0,10.8,3,Clouds generally forming or developing
2026-08-20,02:00:00,Sarawak,Sibu,2.3,111.8167,25.9,99,0.0,1.5,3,Clouds generally forming or developing
2026-08-20,02:00:00,Sabah,Tawau,4.2448,117.8911,25.8,84,0.0,3.2,1,Clouds generally dissolving or becoming less developed
2026-08-20,02:00:00,Perlis,Kangar,6.4333,100.2,28.1,74,0.0,10.1,3,Clouds generally forming or developing
2026-08-20,02:00:00,Sabah,Sandakan,5.8388,118.1173,27.0,84,0.0,9.4,1,Clouds generally dissolving or becoming less developed
2026-08-20,02:00:00,Sabah,Lahad Datu,5.03,118.34,27.1,80,0.0,5.2,1,Clouds generally dissolving or becoming less developed
2026-08-20,02:00:00,Kedah,Alor Setar,6.1167,100.3667,27.6,72,0.0,9.2,3,Clouds generally forming or developing
2026-08-20,02:00:00,Johor,Kluang,2.0336,103.3194,24.4,97,0.0,6.3,3,Clouds generally forming or developing
2026-08-20,02:00:00,Pulau Pinang,Butterworth,5.3992,100.3639,27.3,78,0.0,6.0,3,Clouds generally forming or developing
2026-08-20,02:00:00,Pahang,Kuantan,3.8167,103.3333,25.7,94,0.0,9.8,3,Clouds generally forming or developing
2026-08-20,02:00:00,Pulau Pinang,Bukit Mertajam,5.3631,100.4667,27.3,78,0.0,6.0,3,Clouds generally forming or developing
2026-08-20,01:00:00,Johor,Muar,2.05,102.56,24.6,95,0.2,2.6,51,"Drizzle, not freezing, continuous 	slight at time of observation"
2026-08-20,01:00:00,Negeri Sembilan,Seremban,2.7297,101.9381,24.6,85,0.0,8.9,2,State of sky on the whole unchanged
2026-08-20,01:00:00,Sarawak,Kuching,1.5397,110.3542,25.6,99,0.0,5.6,2,State of sky on the whole unchanged
2026-08-20,01:00:00,Perak,Taiping,4.85,100.7333,25.8,89,0.0,5.2,3,Clouds generally forming or developing
2026-08-20,01:00:00,Labuan,Labuan,5.2803,115.2475,26.6,93,0.1,9.0,51,"Drizzle, not freezing, continuous 	slight at time of observation"
2026-08-20,01:00:00,Sabah,Kota Kinabalu,5.975,116.0725,23.9,95,1.2,6.9,81,"Rain shower(s), moderate or heavy"
2026-08-20,01:00:00,Perak,Teluk Intan,4.0259,101.0213,25.0,95,0.1,7.9,51,"Drizzle, not freezing, continuous 	slight at time of observation"
2026-08-20,01:00:00,Sarawak,Sibu,2.3,111.8167,26.1,99,0.0,2.8,3,Clouds generally forming or developing
2026-08-20,01:00:00,Pulau Pinang,Bukit Mertajam,5.3631,100.4667,28.8,70,0.0,7.6,3,Clouds generally forming or developing
2026-08-20,01:00:00,Sarawak,Bintulu,3.17,113.03,26.0,90,0.0,3.5,2,State of sky on the whole unchanged
2026-08-20,01:00:00,Kedah,Alor Setar,6.1167,100.3667,28.0,69,0.0,10.2,3,Clouds generally forming or developing
2026-08-20,01:00:00,Johor,Batu Pahat,1.85,102.93,23.8,97,0.0,7.5,3,Clouds generally forming or developing
2026-08-20,01:00:00,Johor,Kluang,2.0336,103.3194,24.9,89,0.0,7.3,3,Clouds generally forming or developing
2026-08-20,01:00:00,Melaka,Melaka,2.1889,102.2511,25.0,87,0.0,7.8,3,Clouds generally forming or developing
2026-08-20,01:00:00,Pulau Pinang,George Town,5.4145,100.3292,27.6,81,0.0,3.0,3,Clouds generally forming or developing
2026-08-20,01:00:00,Kelantan,Kota Bharu,6.1333,102.25,27.8,66,0.0,11.7,3,Clouds generally forming or developing
2026-08-20,01:00:00,Sarawak,Miri,4.4028,113.9933,24.6,94,0.2,9.9,51,"Drizzle, not freezing, continuous 	slight at time of observation"
2026-08-20,01:00:00,Sabah,Sandakan,5.8388,118.1173,27.3,82,0.0,10.9,0,Cloud development not observed or not observable
2026-08-20,01:00:00,Pahang,Kuala Lipis,4.184,102.042,25.9,91,0.0,5.4,3,Clouds generally forming or developing
2026-08-20,01:00:00,Pulau Pinang,Butterworth,5.3992,100.3639,28.9,70,0.0,7.6,3,Clouds generally forming or developing
2026-08-20,01:00:00,Selangor,Petaling Jaya,3.1073,101.6067,24.5,96,0.0,6.9,3,Clouds generally forming or developing
2026-08-20,01:00:00,Sabah,Lahad Datu,5.03,118.34,27.4,77,0.0,8.1,0,Cloud development not observed or not observable
2026-08-20,01:00:00,Johor,Johor Bahru,1.4556,103.7611,26.0,83,0.0,4.2,3,Clouds generally forming or developing
2026-08-20,01:00:00,Pahang,Raub,3.7931,101.8569,25.7,72,0.0,5.1,3,Clouds generally forming or developing
2026-08-20,01:00:00,Perak,Ipoh,4.6,101.07,25.9,99,0.0,3.4,3,Clouds generally forming or developing
2026-08-20,01:00:00,Sabah,Tawau,4.2448,117.8911,26.0,84,0.0,3.6,0,Cloud development not observed or not observable
2026-08-20,01:00:00,Kedah,Sungai Petani,5.65,100.48,26.6,80,0.0,0.4,3,Clouds generally forming or developing
2026-08-20,01:00:00,Selangor,Shah Alam,3.0833,101.5333,24.8,93,0.0,8.6,3,Clouds generally forming or developing
2026-08-20,01:00:00,Putrajaya,Putrajaya,2.93,101.69,24.4,95,0.0,7.7,3,Clouds generally forming or developing
2026-08-20,01:00:00,Kuala Lumpur,Kuala Lumpur,3.1478,101.6953,24.6,96,0.0,6.7,3,Clouds generally forming or developing
2026-08-20,01:00:00,Pahang,Kuantan,3.8167,103.3333,26.3,92,0.0,8.7,3,Clouds generally forming or developing
2026-08-20,01:00:00,Perlis,Kangar,6.4333,100.2,28.2,72,0.0,9.9,3,Clouds generally forming or developing
2026-08-20,01:00:00,Selangor,Klang,3.0333,101.45,24.8,95,0.0,9.6,3,Clouds generally forming or developing
2026-08-20,00:00:00,Sabah,Tawau,4.2448,117.8911,25.9,84,0.0,4.1,1,Clouds generally dissolving or becoming less developed
2026-08-20,00:00:00,Kedah,Alor Setar,6.1167,100.3667,28.2,70,0.0,10.3,3,Clouds generally forming or developing
2026-08-20,00:00:00,Perlis,Kangar,6.4333,100.2,28.5,71,0.0,11.2,3,Clouds generally forming or developing
2026-08-20,00:00:00,Johor,Johor Bahru,1.4556,103.7611,26.2,81,0.0,4.5,3,Clouds generally forming or developing
2026-08-20,00:00:00,Sabah,Kota Kinabalu,5.975,116.0725,24.7,91,0.0,16.6,80,"Rain shower(s), slight"
2026-08-20,00:00:00,Pahang,Kuantan,3.8167,103.3333,26.4,95,0.0,7.8,3,Clouds generally forming or developing
2026-08-20,00:00:00,Kelantan,Kota Bharu,6.1333,102.25,27.7,66,0.0,12.2,3,Clouds generally forming or developing
2026-08-20,00:00:00,Sarawak,Bintulu,3.17,113.03,26.9,87,0.0,1.1,1,Clouds generally dissolving or becoming less developed
2026-08-20,00:00:00,Putrajaya,Putrajaya,2.93,101.69,24.6,95,0.0,8.6,3,Clouds generally forming or developing
2026-08-20,00:00:00,Labuan,Labuan,5.2803,115.2475,26.4,93,0.4,11.3,51,"Drizzle, not freezing, continuous 	slight at time of observation"
2026-08-20,00:00:00,Pahang,Raub,3.7931,101.8569,26.7,67,0.0,6.5,3,Clouds generally forming or developing
2026-08-20,00:00:00,Johor,Muar,2.05,102.56,24.6,96,0.1,12.2,51,"Drizzle, not freezing, continuous 	slight at time of observation"
2026-08-20,00:00:00,Melaka,Melaka,2.1889,102.2511,25.6,86,0.0,10.4,3,Clouds generally forming or developing
2026-08-20,00:00:00,Negeri Sembilan,Seremban,2.7297,101.9381,24.6,84,0.0,10.3,3,Clouds generally forming or developing
2026-08-20,00:00:00,Johor,Kluang,2.0336,103.3194,25.6,87,0.1,10.2,51,"Drizzle, not freezing, continuous 	slight at time of observation"
2026-08-20,00:00:00,Sarawak,Miri,4.4028,113.9933,25.4,90,0.1,14.9,51,"Drizzle, not freezing, continuous 	slight at time of observation"
2026-08-20,00:00:00,Sarawak,Kuching,1.5397,110.3542,25.8,100,0.0,2.0,3,Clouds generally forming or developing
2026-08-20,00:00:00,Kedah,Sungai Petani,5.65,100.48,27.3,75,0.0,1.3,3,Clouds generally forming or developing
2026-08-20,00:00:00,Johor,Batu Pahat,1.85,102.93,24.3,96,0.1,7.5,51,"Drizzle, not freezing, continuous 	slight at time of observation"
2026-08-20,00:00:00,Sabah,Lahad Datu,5.03,118.34,27.6,77,0.0,10.8,0,Cloud development not observed or not observable
2026-08-20,00:00:00,Selangor,Klang,3.0333,101.45,25.0,95,0.0,9.0,3,Clouds generally forming or developing
2026-08-20,00:00:00,Sarawak,Sibu,2.3,111.8167,26.2,100,0.0,2.2,3,Clouds generally forming or developing
2026-08-20,00:00:00,Perak,Ipoh,4.6,101.07,26.0,99,0.0,0.7,3,Clouds generally forming or developing
2026-08-20,00:00:00,Perak,Teluk Intan,4.0259,101.0213,25.7,94,0.2,9.9,51,"Drizzle, not freezing, continuous 	slight at time of observation"
2026-08-20,00:00:00,Selangor,Petaling Jaya,3.1073,101.6067,24.3,96,0.1,5.5,51,"Drizzle, not freezing, continuous 	slight at time of observation"
2026-08-20,00:00:00,Kuala Lumpur,Kuala Lumpur,3.1478,101.6953,24.3,96,0.2,5.9,51,"Drizzle, not freezing, continuous 	slight at time of observation"
2026-08-20,00:00:00,Sabah,Sandakan,5.8388,118.1173,27.6,82,0.0,10.1,0,Cloud development not observed or not observable
2026-08-20,00:00:00,Pulau Pinang,Bukit Mertajam,5.3631,100.4667,29.3,66,0.0,6.7,3,Clouds generally forming or developing
2026-08-20,00:00:00,Pulau Pinang,Butterworth,5.3992,100.3639,29.3,66,0.0,6.7,3,Clouds generally forming or developing
2026-08-20,00:00:00,Pahang,Kuala Lipis,4.184,102.042,26.4,89,0.0,3.1,3,Clouds generally forming or developing
2026-08-20,00:00:00,Perak,Taiping,4.85,100.7333,26.4,85,0.0,4.1,3,Clouds generally forming or developing
2026-08-20,00:00:00,Pulau Pinang,George Town,5.4145,100.3292,27.8,79,0.0,3.6,3,Clouds generally forming or developing
2026-08-20,00:00:00,Selangor,Shah Alam,3.0833,101.5333,24.9,92,0.1,8.3,51,"Drizzle, not freezing, continuous 	slight at time of observation"
