date,time,state,city,latitude,longitude,temperature_2m,relativehumidity_2m,rain,windspeed_10m,weathercode,description
2026-07-29,09:00:00,Selangor,Shah Alam,3.0833,101.5333,27.3,84,0.0,8.9,3,Clouds generally forming or developing
2026-07-29,09:00:00,Sarawak,Kuching,1.5397,110.3542,24.2,95,0.2,4.3,51,"Drizzle, not freezing, continuous 	slight at time of observation"
2026-07-29,09:00:00,Sabah,Tawau,4.2448,117.8911,26.8,84,0.1,6.7,51,"Drizzle, not freezing, continuous 	slight at time of observation"
2026-07-29,09:00:00,Terengganu,Kuala Terengganu,5.3303,103.1408,25.5,94,0.0,5.7,3,Clouds generally forming or developing
2026-07-29,09:00:00,Kedah,Sungai Petani,5.65,100.48,23.9,98,1.2,2.9,95,"Thunderstorm, slight or moderate, without hail** but with rain and/or snow at time of observation - Thunderstorm at time of observation"
2026-07-29,09:00:00,Sabah,Sandakan,5.8388,118.1173,27.3,83,0.0,8.6,1,Clouds generally dissolving or becoming less developed
2026-07-29,09:00:00,Sabah,Kota Kinabalu,5.975,116.0725,29.6,63,0.0,1.6,1,Clouds generally dissolving or becoming less developed
2026-07-29,09:00:00,Kelantan,Kota Bharu,6.1333,102.25,25.1,97,0.7,6.5,53,"Drizzle, not freezing, continuous 	moderate at time of observation"
2026-07-29,09:00:00,Pahang,Kuantan,3.8167,103.3333,27.0,82,0.0,6.3,3,Clouds generally forming or developing
2026-07-29,09:00:00,Selangor,Petaling Jaya,3.1073,101.6067,26.3,89,0.0,4.0,3,Clouds generally forming or developing
2026-07-29,09:00:00,Pulau Pinang,Butterworth,5.3992,100.3639,24.4,95,1.1,9.3,81,"Rain shower(s), moderate or heavy"
2026-07-29,09:00:00,Perak,Taiping,4.85,100.7333,24.0,96,0.8,9.1,80,"Rain shower(s), slight"
2026-07-29,09:00:00,Johor,Johor Bahru,1.4556,103.7611,27.9,83,0.0,8.8,2,State of sky on the whole unchanged
2026-07-29,09:00:00,Melaka,Melaka,2.1889,102.2511,27.3,86,0.0,7.8,2,State of sky on the whole unchanged
2026-07-29,09:00:00,Kedah,Alor Setar,6.1167,100.3667,24.5,94,1.5,7.0,81,"Rain shower(s), moderate or heavy"
2026-07-29,09:00:00,Perlis,Kangar,6.4333,100.2,24.9,95,1.0,5.2,55,"Drizzle, not freezing, continuous heavy (dense) at time of observation"
2026-07-29,09:00:00,Sabah,Lahad Datu,5.03,118.34,27.4,87,0.0,4.1,2,State of sky on the whole unchanged
2026-07-29,09:00:00,Johor,Muar,2.05,102.56,27.2,87,0.0,5.8,2,State of sky on the whole unchanged
2026-07-29,09:00:00,Johor,Kluang,2.0336,103.3194,27.0,87,0.0,8.0,2,State of sky on the whole unchanged
2026-07-29,09:00:00,Johor,Batu Pahat,1.85,102.93,27.6,86,0.0,5.5,2,State of sky on the whole unchanged
2026-07-29,09:00:00,Pulau Pinang,Bukit Mertajam,5.3631,100.4667,24.3,95,1.1,9.3,81,"Rain shower(s), moderate or heavy"
2026-07-29,09:00:00,Kuala Lumpur,Kuala Lumpur,3.1478,101.6953,26.5,87,0.0,1.0,3,Clouds generally forming or developing
2026-07-29,09:00:00,Sarawak,Sibu,2.3,111.8167,24.6,95,0.5,4.9,53,"Drizzle, not freezing, continuous 	moderate at time of observation"
2026-07-29,09:00:00,Selangor,Klang,3.0333,101.45,27.4,82,0.0,9.3,3,Clouds generally forming or developing
2026-07-29,09:00:00,Pulau Pinang,George Town,5.4145,100.3292,24.6,98,1.1,3.7,81,"Rain shower(s), moderate or heavy"
2026-07-29,09:00:00,Perak,Ipoh,4.6,101.07,26.8,86,0.0,3.2,3,Clouds generally forming or developing
2026-07-29,09:00:00,Pahang,Raub,3.7931,101.8569,24.8,94,0.1,2.1,51,"Drizzle, not freezing, continuous 	slight at time of observation"
2026-07-29,09:00:00,Sarawak,Miri,4.4028,113.9933,27.8,82,0.0,4.8,3,Clouds generally forming or developing
2026-07-29,09:00:00,Perak,Teluk Intan,4.0259,101.0213,26.8,87,0.0,7.0,3,Clouds generally forming or developing
2026-07-29,09:00:00,Pahang,Kuala Lipis,4.184,102.042,24.9,95,0.0,4.4,3,Clouds generally forming or developing
2026-07-29,09:00:00,Putrajaya,Putrajaya,2.93,101.69,27.3,81,0.0,10.6,3,Clouds generally forming or developing
2026-07-29,09:00:00,Terengganu,Cukai,4.2332,103.4479,27.0,84,0.0,7.9,3,Clouds generally forming or developing
2026-07-29,09:00:00,Labuan,Labuan,5.2803,115.2475,29.2,66,0.0,6.6,3,Clouds generally forming or developing
2026-07-29,08:00:00,Johor,Kluang,2.0336,103.3194,25.0,94,0.0,8.9,1,Clouds generally dissolving or becoming less developed
2026-07-29,08:00:00,Kedah,Sungai Petani,5.65,100.48,23.7,97,1.4,2.6,81,"Rain shower(s), moderate or heavy"
2026-07-29,08:00:00,Johor,Batu Pahat,1.85,102.93,25.5,93,0.0,7.6,2,State of sky on the whole unchanged
2026-07-29,08:00:00,Terengganu,Cukai,4.2332,103.4479,25.7,91,0.0,6.5,3,Clouds generally forming or developing
2026-07-29,08:00:00,Kelantan,Kota Bharu,6.1333,102.25,24.5,98,0.5,8.0,53,"Drizzle, not freezing, continuous 	moderate at time of observation"
2026-07-29,08:00:00,Sabah,Kota Kinabalu,5.975,116.0725,27.9,71,0.0,3.2,2,State of sky on the whole unchanged
2026-07-29,08:00:00,Pulau Pinang,Bukit Mertajam,5.3631,100.4667,24.8,94,1.1,3.8,81,"Rain shower(s), moderate or heavy"
2026-07-29,08:00:00,Pahang,Kuala Lipis,4.184,102.042,24.1,97,0.0,5.8,3,Clouds generally forming or developing
2026-07-29,08:00:00,Pulau Pinang,Butterworth,5.3992,100.3639,24.9,94,1.1,3.8,81,"Rain shower(s), moderate or heavy"
2026-07-29,08:00:00,Perak,Ipoh,4.6,101.07,25.6,91,0.0,4.8,3,Clouds generally forming or developing
2026-07-29,08:00:00,Labuan,Labuan,5.2803,115.2475,28.4,69,0.0,6.9,3,Clouds generally forming or developing
2026-07-29,08:00:00,Sabah,Lahad Datu,5.03,118.34,25.9,95,0.0,0.0,2,State of sky on the whole unchanged
2026-07-29,08:00:00,Sarawak,Miri,4.4028,113.9933,25.9,92,0.0,4.0,2,State of sky on the whole unchanged
2026-07-29,08:00:00,Sabah,Sandakan,5.8388,118.1173,26.1,89,0.0,6.9,2,State of sky on the whole unchanged
2026-07-29,08:00:00,Pahang,Raub,3.7931,101.8569,23.5,98,0.1,4.7,51,"Drizzle, not freezing, continuous 	slight at time of observation"
2026-07-29,08:00:00,Terengganu,Kuala Terengganu,5.3303,103.1408,24.2,96,0.0,6.3,3,Clouds generally forming or developing
2026-07-29,08:00:00,Selangor,Petaling Jaya,3.1073,101.6067,25.0,94,0.0,5.6,3,Clouds generally forming or developing
2026-07-29,08:00:00,Selangor,Klang,3.0333,101.45,26.0,87,0.0,10.9,3,Clouds generally forming or developing
2026-07-29,08:00:00,Sarawak,Kuching,1.5397,110.3542,23.6,98,0.4,6.3,51,"Drizzle, not freezing, continuous 	slight at time of observation"
2026-07-29,08:00:00,Johor,Muar,2.05,102.56,25.8,91,0.0,6.4,1,Clouds generally dissolving or becoming less developed
2026-07-29,08:00:00,Perlis,Kangar,6.4333,100.2,24.4,94,0.5,11.3,80,"Rain shower(s), slight"
2026-07-29,08:00:00,Kedah,Alor Setar,6.1167,100.3667,24.2,96,0.6,12.7,80,"Rain shower(s), slight"
2026-07-29,08:00:00,Putrajaya,Putrajaya,2.93,101.69,25.8,88,0.0,9.0,3,Clouds generally forming or developing
2026-07-29,08:00:00,Perak,Teluk Intan,4.0259,101.0213,26.0,89,0.0,6.1,3,Clouds generally forming or developing
2026-07-29,08:00:00,Kuala Lumpur,Kuala Lumpur,3.1478,101.6953,24.7,94,0.0,3.7,3,Clouds generally forming or developing
2026-07-29,08:00:00,Selangor,Shah Alam,3.0833,101.5333,26.0,87,0.0,9.7,3,Clouds generally forming or developing
2026-07-29,08:00:00,Sabah,Tawau,4.2448,117.8911,25.9,88,0.1,7.9,51,"Drizzle, not freezing, continuous 	slight at time of observation"
2026-07-29,08:00:00,Pahang,Kuantan,3.8167,103.3333,25.4,91,0.0,8.9,2,State of sky on the whole unchanged
2026-07-29,08:00:00,Pulau Pinang,George Town,5.4145,100.3292,24.5,98,1.8,9.4,95,"Thunderstorm, slight or moderate, without hail** but with rain and/or snow at time of observation - Thunderstorm at time of observation"
2026-07-29,08:00:00,Perak,Taiping,4.85,100.7333,24.9,95,0.1,11.7,51,"Drizzle, not freezing, continuous 	slight at time of observation"
2026-07-29,08:00:00,Sarawak,Sibu,2.3,111.8167,24.1,95,0.6,2.8,53,"Drizzle, not freezing, continuous 	moderate at time of observation"
2026-07-29,08:00:00,Melaka,Melaka,2.1889,102.2511,25.7,92,0.0,9.0,1,Clouds generally dissolving or becoming less developed
2026-07-29,08:00:00,Johor,Johor Bahru,1.4556,103.7611,25.8,93,0.0,6.9,2,State of sky on the whole unchanged
2026-07-29,07:00:00,Pahang,Kuala Lipis,4.184,102.042,23.6,99,0.0,6.0,3,Clouds generally forming or developing
2026-07-29,07:00:00,Johor,Batu Pahat,1.85,102.93,24.5,95,0.0,6.2,1,Clouds generally dissolving or becoming less developed
2026-07-29,07:00:00,Johor,Johor Bahru,1.4556,103.7611,25.0,95,0.0,5.5,3,Clouds generally forming or developing
2026-07-29,07:00:00,Terengganu,Kuala Terengganu,5.3303,103.1408,24.0,99,0.4,8.6,51,"Drizzle, not freezing, continuous 	slight at time of observation"
2026-07-29,07:00:00,Pahang,Kuantan,3.8167,103.3333,24.7,93,0.0,7.4,2,State of sky on the whole unchanged
2026-07-29,07:00:00,Sabah,Sandakan,5.8388,118.1173,25.1,96,0.0,8.0,3,Clouds generally forming or developing
2026-07-29,07:00:00,Putrajaya,Putrajaya,2.93,101.69,25.3,91,0.0,8.5,3,Clouds generally forming or developing
2026-07-29,07:00:00,Selangor,Shah Alam,3.0833,101.5333,25.6,89,0.0,8.9,3,Clouds generally forming or developing
2026-07-29,07:00:00,Sarawak,Sibu,2.3,111.8167,23.8,96,0.3,5.2,51,"Drizzle, not freezing, continuous 	slight at time of observation"
2026-07-29,07:00:00,Pulau Pinang,Butterworth,5.3992,100.3639,25.8,89,0.1,10.6,51,"Drizzle, not freezing, continuous 	slight at time of observation"
2026-07-29,07:00:00,Pulau Pinang,George Town,5.4145,100.3292,24.0,97,0.6,13.8,81,"Rain shower(s), moderate or heavy"
2026-07-29,07:00:00,Sabah,Kota Kinabalu,5.975,116.0725,25.1,78,0.0,3.3,3,Clouds generally forming or developing
2026-07-29,07:00:00,Melaka,Melaka,2.1889,102.2511,25.2,93,0.0,8.9,2,State of sky on the whole unchanged
2026-07-29,07:00:00,Kedah,Sungai Petani,5.65,100.48,23.9,92,0.1,6.5,51,"Drizzle, not freezing, continuous 	slight at time of observation"
2026-07-29,07:00:00,Pulau Pinang,Bukit Mertajam,5.3631,100.4667,25.7,89,0.1,10.6,51,"Drizzle, not freezing, continuous 	slight at time of observation"
2026-07-29,07:00:00,Sarawak,Kuching,1.5397,110.3542,23.5,99,0.3,5.9,51,"Drizzle, not freezing, continuous 	slight at time of observation"
2026-07-29,07:00:00,Johor,Kluang,2.0336,103.3194,24.1,96,0.0,7.1,2,State of sky on the whole unchanged
2026-07-29,07:00:00,Sabah,Lahad Datu,5.03,118.34,24.5,98,0.0,3.2,3,Clouds generally forming or developing
2026-07-29,07:00:00,Kuala Lumpur,Kuala Lumpur,3.1478,101.6953,24.0,97,0.0,2.5,3,Clouds generally forming or developing
2026-07-29,07:00:00,Perlis,Kangar,6.4333,100.2,24.5,95,0.4,7.1,53,"Drizzle, not freezing, continuous 	moderate at time of observation"
2026-07-29,07:00:00,Perak,Teluk Intan,4.0259,101.0213,25.5,91,0.0,6.9,3,Clouds generally forming or developing
2026-07-29,07:00:00,Kedah,Alor Setar,6.1167,100.3667,24.1,97,0.7,8.7,53,"Drizzle, not freezing, continuous 	moderate at time of observation"
2026-07-29,07:00:00,Kelantan,Kota Bharu,6.1333,102.25,24.2,98,0.1,7.3,51,"Drizzle, not freezing, continuous 	slight at time of observation"
2026-07-29,07:00:00,Labuan,Labuan,5.2803,115.2475,27.4,77,0.0,5.1,2,State of sky on the whole unchanged
2026-07-29,07:00:00,Sarawak,Miri,4.4028,113.9933,24.3,95,0.0,7.6,3,Clouds generally forming or developing
2026-07-29,07:00:00,Sabah,Tawau,4.2448,117.8911,25.0,93,0.0,7.7,2,State of sky on the whole unchanged
2026-07-29,07:00:00,Selangor,Petaling Jaya,3.1073,101.6067,24.5,96,0.0,4.1,3,Clouds generally forming or developing
2026-07-29,07:00:00,Perak,Taiping,4.85,100.7333,25.2,97,0.0,4.2,3,Clouds generally forming or developing
2026-07-29,07:00:00,Selangor,Klang,3.0333,101.45,25.7,88,0.0,10.2,3,Clouds generally forming or developing
2026-07-29,07:00:00,Pahang,Raub,3.7931,101.8569,22.9,99,0.7,4.9,80,"Rain shower(s), slight"
2026-07-29,07:00:00,Perak,Ipoh,4.6,101.07,25.0,94,0.0,2.3,3,Clouds generally forming or developing
2026-07-29,07:00:00,Terengganu,Cukai,4.2332,103.4479,25.3,94,0.0,10.2,3,Clouds generally forming or developing
2026-07-29,07:00:00,Johor,Muar,2.05,102.56,25.1,92,0.0,6.4,2,State of sky on the whole unchanged
2026-07-29,06:00:00,Johor,Kluang,2.0336,103.3194,24.1,97,0.0,7.9,2,State of sky on the whole unchanged
2026-07-29,06:00:00,Kedah,Alor Setar,6.1167,100.3667,23.9,97,0.3,5.9,53,"Drizzle, not freezing, continuous 	moderate at time of observation"
2026-07-29,06:00:00,Selangor,Klang,3.0333,101.45,25.9,87,0.0,10.2,2,State of sky on the whole unchanged
2026-07-29,06:00:00,Pahang,Kuala Lipis,4.184,102.042,23.6,99,0.1,6.0,51,"Drizzle, not freezing, continuous 	slight at time of observation"
2026-07-29,06:00:00,Johor,Johor Bahru,1.4556,103.7611,25.1,94,0.0,5.5,3,Clouds generally forming or developing
2026-07-29,06:00:00,Perlis,Kangar,6.4333,100.2,24.4,95,0.0,7.6,53,"Drizzle, not freezing, continuous 	moderate at time of observation"
2026-07-29,06:00:00,Pahang,Raub,3.7931,101.8569,23.1,98,0.1,5.5,51,"Drizzle, not freezing, continuous 	slight at time of observation"
2026-07-29,06:00:00,Pulau Pinang,George Town,5.4145,100.3292,25.6,96,0.0,5.0,3,Clouds generally forming or developing
2026-07-29,06:00:00,Pulau Pinang,Butterworth,5.3992,100.3639,26.0,87,0.0,7.0,3,Clouds generally forming or developing
2026-07-29,06:00:00,Selangor,Shah Alam,3.0833,101.5333,25.9,88,0.0,9.3,2,State of sky on the whole unchanged
2026-07-29,06:00:00,Johor,Batu Pahat,1.85,102.93,24.7,93,0.0,7.0,3,Clouds generally forming or developing
2026-07-29,06:00:00,Putrajaya,Putrajaya,2.93,101.69,25.5,90,0.0,9.1,2,State of sky on the whole unchanged
2026-07-29,06:00:00,Perak,Ipoh,4.6,101.07,24.8,95,0.0,0.8,3,Clouds generally forming or developing
2026-07-29,06:00:00,Terengganu,Kuala Terengganu,5.3303,103.1408,24.5,98,1.0,2.5,55,"Drizzle, not freezing, continuous heavy (dense) at time of observation"
2026-07-29,06:00:00,Pahang,Kuantan,3.8167,103.3333,25.0,93,0.0,8.8,3,Clouds generally forming or developing
2026-07-29,06:00:00,Terengganu,Cukai,4.2332,103.4479,26.1,94,0.0,10.1,3,Clouds generally forming or developing
2026-07-29,06:00:00,Sabah,Tawau,4.2448,117.8911,24.4,95,0.0,11.4,2,State of sky on the whole unchanged
2026-07-29,06:00:00,Melaka,Melaka,2.1889,102.2511,25.4,92,0.0,10.3,2,State of sky on the whole unchanged
2026-07-29,06:00:00,Selangor,Petaling Jaya,3.1073,101.6067,24.7,95,0.0,5.1,2,State of sky on the whole unchanged
2026-07-29,06:00:00,Perak,Teluk Intan,4.0259,101.0213,25.6,93,0.0,6.3,3,Clouds generally forming or developing
2026-07-29,06:00:00,Kelantan,Kota Bharu,6.1333,102.25,24.6,98,0.1,8.5,51,"Drizzle, not freezing, continuous 	slight at time of observation"
2026-07-29,06:00:00,Johor,Muar,2.05,102.56,25.2,91,0.0,6.9,3,Clouds generally forming or developing
2026-07-29,06:00:00,Kedah,Sungai Petani,5.65,100.48,23.6,97,0.0,6.9,3,Clouds generally forming or developing
2026-07-29,06:00:00,Sarawak,Miri,4.4028,113.9933,23.9,96,0.0,9.1,3,Clouds generally forming or developing
2026-07-29,06:00:00,Sarawak,Kuching,1.5397,110.3542,23.6,99,0.2,5.9,51,"Drizzle, not freezing, continuous 	slight at time of observation"
2026-07-29,06:00:00,Kuala Lumpur,Kuala Lumpur,3.1478,101.6953,24.1,97,0.0,2.7,2,State of sky on the whole unchanged
2026-07-29,06:00:00,Pulau Pinang,Bukit Mertajam,5.3631,100.4667,25.9,87,0.0,7.0,3,Clouds generally forming or developing
2026-07-29,06:00:00,Labuan,Labuan,5.2803,115.2475,26.7,80,0.0,4.7,3,Clouds generally forming or developing
2026-07-29,06:00:00,Sabah,Sandakan,5.8388,118.1173,24.6,96,0.0,8.7,3,Clouds generally forming or developing
2026-07-29,06:00:00,Sabah,Kota Kinabalu,5.975,116.0725,24.3,77,0.0,2.0,3,Clouds generally forming or developing
2026-07-29,06:00:00,Perak,Taiping,4.85,100.7333,25.3,96,0.0,2.6,3,Clouds generally forming or developing
2026-07-29,06:00:00,Sarawak,Sibu,2.3,111.8167,23.8,97,0.0,6.1,3,Clouds generally forming or developing
2026-07-29,06:00:00,Sabah,Lahad Datu,5.03,118.34,23.8,98,0.0,1.9,3,Clouds generally forming or developing
2026-07-29,05:00:00,Sarawak,Sibu,2.3,111.8167,23.8,97,0.0,8.0,3,Clouds generally forming or developing
2026-07-29,05:00:00,Pahang,Kuantan,3.8167,103.3333,25.3,92,0.0,7.8,3,Clouds generally forming or developing
2026-07-29,05:00:00,Perlis,Kangar,6.4333,100.2,23.9,96,0.3,8.8,51,"Drizzle, not freezing, continuous 	slight at time of observation"
2026-07-29,05:00:00,Kelantan,Kota Bharu,6.1333,102.25,25.4,97,0.0,6.2,51,"Drizzle, not freezing, continuous 	slight at time of observation"
2026-07-29,05:00:00,Kedah,Sungai Petani,5.65,100.48,24.3,96,0.0,4.2,3,Clouds generally forming or developing
2026-07-29,05:00:00,Pahang,Kuala Lipis,4.184,102.042,23.2,98,0.5,6.2,81,"Rain shower(s), moderate or heavy"
2026-07-29,05:00:00,Sarawak,Kuching,1.5397,110.3542,23.9,99,0.0,8.9,3,Clouds generally forming or developing
2026-07-29,05:00:00,Pahang,Raub,3.7931,101.8569,23.7,97,0.1,5.8,51,"Drizzle, not freezing, continuous 	slight at time of observation"
2026-07-29,05:00:00,Johor,Muar,2.05,102.56,25.3,91,0.0,9.0,3,Clouds generally forming or developing
2026-07-29,05:00:00,Selangor,Petaling Jaya,3.1073,101.6067,24.9,95,0.0,3.9,3,Clouds generally forming or developing
2026-07-29,05:00:00,Perak,Ipoh,4.6,101.07,25.1,94,0.0,1.3,3,Clouds generally forming or developing
2026-07-29,05:00:00,Pulau Pinang,Butterworth,5.3992,100.3639,26.1,88,0.0,7.0,3,Clouds generally forming or developing
2026-07-29,05:00:00,Labuan,Labuan,5.2803,115.2475,26.8,80,0.0,6.0,3,Clouds generally forming or developing
2026-07-29,05:00:00,Sabah,Sandakan,5.8388,118.1173,24.9,96,0.0,10.2,2,State of sky on the whole unchanged
2026-07-29,05:00:00,Terengganu,Kuala Terengganu,5.3303,103.1408,24.0,99,0.7,5.8,81,"Rain shower(s), moderate or heavy"
2026-07-29,05:00:00,Terengganu,Cukai,4.2332,103.4479,26.8,90,0.0,10.1,3,Clouds generally forming or developing
2026-07-29,05:00:00,Pulau Pinang,George Town,5.4145,100.3292,25.8,93,0.0,2.3,3,Clouds generally forming or developing
2026-07-29,05:00:00,Sarawak,Miri,4.4028,113.9933,23.9,96,0.0,8.2,3,Clouds generally forming or developing
2026-07-29,05:00:00,Sabah,Lahad Datu,5.03,118.34,23.8,99,0.0,2.8,2,State of sky on the whole unchanged
2026-07-29,05:00:00,Selangor,Klang,3.0333,101.45,26.1,87,0.0,10.5,3,Clouds generally forming or developing
2026-07-29,05:00:00,Perak,Taiping,4.85,100.7333,25.6,96,0.0,2.4,3,Clouds generally forming or developing
2026-07-29,05:00:00,Pulau Pinang,Bukit Mertajam,5.3631,100.4667,26.1,88,0.0,7.0,3,Clouds generally forming or developing
2026-07-29,05:00:00,Sabah,Tawau,4.2448,117.8911,24.3,94,0.0,12.4,1,Clouds generally dissolving or becoming less developed
2026-07-29,05:00:00,Johor,Kluang,2.0336,103.3194,24.2,96,0.0,6.8,3,Clouds generally forming or developing
2026-07-29,05:00:00,Kedah,Alor Setar,6.1167,100.3667,24.0,96,0.2,5.0,51,"Drizzle, not freezing, continuous 	slight at time of observation"
2026-07-29,05:00:00,Kuala Lumpur,Kuala Lumpur,3.1478,101.6953,24.3,96,0.0,1.8,3,Clouds generally forming or developing
2026-07-29,05:00:00,Melaka,Melaka,2.1889,102.2511,25.7,91,0.0,7.1,3,Clouds generally forming or developing
2026-07-29,05:00:00,Perak,Teluk Intan,4.0259,101.0213,25.9,94,0.0,4.9,3,Clouds generally forming or developing
2026-07-29,05:00:00,Selangor,Shah Alam,3.0833,101.5333,26.0,88,0.0,9.7,3,Clouds generally forming or developing
2026-07-29,05:00:00,Putrajaya,Putrajaya,2.93,101.69,25.7,90,0.0,9.9,3,Clouds generally forming or developing
2026-07-29,05:00:00,Johor,Johor Bahru,1.4556,103.7611,25.1,94,0.0,4.2,2,State of sky on the whole unchanged
2026-07-29,05:00:00,Sabah,Kota Kinabalu,5.975,116.0725,24.0,80,0.0,2.7,3,Clouds generally forming or developing
2026-07-29,05:00:00,Johor,Batu Pahat,1.85,102.93,24.6,94,0.0,7.6,3,Clouds generally forming or developing
2026-07-29,04:00:00,Perak,Taiping,4.85,100.7333,25.7,96,0.0,2.2,3,Clouds generally forming or developing
2026-07-29,04:00:00,Terengganu,Cukai,4.2332,103.4479,27.0,88,0.0,10.6,3,Clouds generally forming or developing
2026-07-29,04:00:00,Kedah,Sungai Petani,5.65,100.48,24.8,95,0.1,2.4,51,"Drizzle, not freezing, continuous 	slight at time of observation"
2026-07-29,04:00:00,Kuala Lumpur,Kuala Lumpur,3.1478,101.6953,24.6,96,0.0,1.5,3,Clouds generally forming or developing
2026-07-29,04:00:00,Johor,Johor Bahru,1.4556,103.7611,25.1,94,0.0,5.4,3,Clouds generally forming or developing
2026-07-29,04:00:00,Sarawak,Miri,4.4028,113.9933,24.1,96,0.0,9.0,3,Clouds generally forming or developing
2026-07-29,04:00:00,Putrajaya,Putrajaya,2.93,101.69,25.7,90,0.0,10.4,3,Clouds generally forming or developing
2026-07-29,04:00:00,Sarawak,Sibu,2.3,111.8167,23.9,97,0.0,7.9,3,Clouds generally forming or developing
2026-07-29,04:00:00,Melaka,Melaka,2.1889,102.2511,25.9,91,0.0,9.6,3,Clouds generally forming or developing
2026-07-29,04:00:00,Sabah,Sandakan,5.8388,118.1173,25.1,96,0.0,9.6,2,State of sky on the whole unchanged
2026-07-29,04:00:00,Johor,Kluang,2.0336,103.3194,24.4,95,0.0,7.3,3,Clouds generally forming or developing
2026-07-29,04:00:00,Sabah,Lahad Datu,5.03,118.34,23.8,99,0.2,5.2,51,"Drizzle, not freezing, continuous 	slight at time of observation"
2026-07-29,04:00:00,Perlis,Kangar,6.4333,100.2,23.9,96,0.4,8.6,53,"Drizzle, not freezing, continuous 	moderate at time of observation"
2026-07-29,04:00:00,Perak,Ipoh,4.6,101.07,25.3,94,0.0,1.5,3,Clouds generally forming or developing
2026-07-29,04:00:00,Kelantan,Kota Bharu,6.1333,102.25,26.2,92,0.0,1.5,3,Clouds generally forming or developing
2026-07-29,04:00:00,Labuan,Labuan,5.2803,115.2475,26.8,80,0.0,5.8,3,Clouds generally forming or developing
2026-07-29,04:00:00,Selangor,Klang,3.0333,101.45,26.3,86,0.0,9.7,2,State of sky on the whole unchanged
2026-07-29,04:00:00,Pahang,Kuantan,3.8167,103.3333,26.0,90,0.0,8.1,3,Clouds generally forming or developing
2026-07-29,04:00:00,Pulau Pinang,Bukit Mertajam,5.3631,100.4667,26.7,86,0.3,5.6,51,"Drizzle, not freezing, continuous 	slight at time of observation"
2026-07-29,04:00:00,Pahang,Kuala Lipis,4.184,102.042,25.7,91,0.0,0.5,3,Clouds generally forming or developing
2026-07-29,04:00:00,Pahang,Raub,3.7931,101.8569,23.8,96,0.2,4.9,51,"Drizzle, not freezing, continuous 	slight at time of observation"
2026-07-29,04:00:00,Pulau Pinang,Butterworth,5.3992,100.3639,26.7,86,0.3,5.6,51,"Drizzle, not freezing, continuous 	slight at time of observation"
2026-07-29,04:00:00,Sabah,Tawau,4.2448,117.8911,24.3,94,0.0,13.0,1,Clouds generally dissolving or becoming less developed
2026-07-29,04:00:00,Selangor,Petaling Jaya,3.1073,101.6067,25.2,93,0.0,3.1,3,Clouds generally forming or developing
2026-07-29,04:00:00,Sabah,Kota Kinabalu,5.975,116.0725,23.9,83,0.0,5.3,3,Clouds generally forming or developing
2026-07-29,04:00:00,Sarawak,Kuching,1.5397,110.3542,24.2,98,0.0,5.3,3,Clouds generally forming or developing
2026-07-29,04:00:00,Selangor,Shah Alam,3.0833,101.5333,26.3,87,0.0,8.6,3,Clouds generally forming or developing
2026-07-29,04:00:00,Perak,Teluk Intan,4.0259,101.0213,25.9,94,0.0,3.3,3,Clouds generally forming or developing
2026-07-29,04:00:00,Johor,Batu Pahat,1.85,102.93,25.0,93,0.0,6.8,3,Clouds generally forming or developing
2026-07-29,04:00:00,Pulau Pinang,George Town,5.4145,100.3292,25.4,93,0.3,4.0,51,"Drizzle, not freezing, continuous 	slight at time of observation"
2026-07-29,04:00:00,Terengganu,Kuala Terengganu,5.3303,103.1408,26.4,89,0.0,6.4,3,Clouds generally forming or developing
2026-07-29,04:00:00,Johor,Muar,2.05,102.56,25.6,91,0.0,8.3,3,Clouds generally forming or developing
2026-07-29,04:00:00,Kedah,Alor Setar,6.1167,100.3667,24.1,95,0.0,8.3,3,Clouds generally forming or developing
2026-07-29,03:00:00,Selangor,Klang,3.0333,101.45,26.6,88,0.0,8.0,3,Clouds generally forming or developing
2026-07-29,03:00:00,Pulau Pinang,Bukit Mertajam,5.3631,100.4667,27.3,86,0.0,8.1,3,Clouds generally forming or developing
2026-07-29,03:00:00,Perak,Teluk Intan,4.0259,101.0213,26.3,93,0.0,4.1,3,Clouds generally forming or developing
2026-07-29,03:00:00,Kuala Lumpur,Kuala Lumpur,3.1478,101.6953,25.0,94,0.0,2.3,3,Clouds generally forming or developing
2026-07-29,03:00:00,Sarawak,Miri,4.4028,113.9933,24.3,94,0.0,10.5,3,Clouds generally forming or developing
2026-07-29,03:00:00,Kedah,Sungai Petani,5.65,100.48,25.5,90,0.5,5.8,53,"Drizzle, not freezing, continuous 	moderate at time of observation"
2026-07-29,03:00:00,Perlis,Kangar,6.4333,100.2,24.0,96,0.0,7.3,3,Clouds generally forming or developing
2026-07-29,03:00:00,Selangor,Petaling Jaya,3.1073,101.6067,25.6,92,0.0,3.1,3,Clouds generally forming or developing
2026-07-29,03:00:00,Perak,Ipoh,4.6,101.07,25.7,93,0.0,0.7,3,Clouds generally forming or developing
2026-07-29,03:00:00,Sabah,Tawau,4.2448,117.8911,24.4,92,0.0,11.4,1,Clouds generally dissolving or becoming less developed
2026-07-29,03:00:00,Kelantan,Kota Bharu,6.1333,102.25,26.3,90,0.0,8.9,3,Clouds generally forming or developing
2026-07-29,03:00:00,Sabah,Lahad Datu,5.03,118.34,24.0,99,0.4,4.3,51,"Drizzle, not freezing, continuous 	slight at time of observation"
2026-07-29,03:00:00,Melaka,Melaka,2.1889,102.2511,26.4,90,0.0,9.4,3,Clouds generally forming or developing
2026-07-29,03:00:00,Johor,Johor Bahru,1.4556,103.7611,25.2,94,0.0,5.1,3,Clouds generally forming or developing
2026-07-29,03:00:00,Kedah,Alor Setar,6.1167,100.3667,24.1,94,0.2,5.5,51,"Drizzle, not freezing, continuous 	slight at time of observation"
2026-07-29,03:00:00,Sabah,Kota Kinabalu,5.975,116.0725,24.2,82,0.0,5.6,3,Clouds generally forming or developing
2026-07-29,03:00:00,Johor,Batu Pahat,1.85,102.93,25.1,93,0.0,7.1,3,Clouds generally forming or developing
2026-07-29,03:00:00,Selangor,Shah Alam,3.0833,101.5333,26.7,87,0.0,7.1,3,Clouds generally forming or developing
2026-07-29,03:00:00,Putrajaya,Putrajaya,2.93,101.69,26.1,88,0.0,9.2,3,Clouds generally forming or developing
2026-07-29,03:00:00,Pahang,Kuantan,3.8167,103.3333,26.4,88,0.0,8.8,3,Clouds generally forming or developing
2026-07-29,03:00:00,Perak,Taiping,4.85,100.7333,25.9,97,0.0,2.3,3,Clouds generally forming or developing
2026-07-29,03:00:00,Sarawak,Kuching,1.5397,110.3542,24.3,97,0.0,3.2,3,Clouds generally forming or developing
2026-07-29,03:00:00,Johor,Muar,2.05,102.56,26.3,89,0.0,7.6,3,Clouds generally forming or developing
2026-07-29,03:00:00,Pahang,Raub,3.7931,101.8569,24.1,94,0.1,4.8,51,"Drizzle, not freezing, continuous 	slight at time of observation"
2026-07-29,03:00:00,Sabah,Sandakan,5.8388,118.1173,25.3,96,0.2,8.5,51,"Drizzle, not freezing, continuous 	slight at time of observation"
2026-07-29,03:00:00,Pahang,Kuala Lipis,4.184,102.042,25.7,90,0.0,1.7,3,Clouds generally forming or developing
2026-07-29,03:00:00,Johor,Kluang,2.0336,103.3194,24.6,94,0.0,7.9,3,Clouds generally forming or developing
2026-07-29,03:00:00,Terengganu,Cukai,4.2332,103.4479,27.1,85,0.0,12.2,3,Clouds generally forming or developing
2026-07-29,03:00:00,Sarawak,Sibu,2.3,111.8167,23.9,97,0.0,3.1,3,Clouds generally forming or developing
2026-07-29,03:00:00,Terengganu,Kuala Terengganu,5.3303,103.1408,26.6,91,0.0,6.3,3,Clouds generally forming or developing
2026-07-29,03:00:00,Pulau Pinang,Butterworth,5.3992,100.3639,27.3,86,0.0,8.1,3,Clouds generally forming or developing
2026-07-29,03:00:00,Labuan,Labuan,5.2803,115.2475,27.0,80,0.0,8.2,3,Clouds generally forming or developing
2026-07-29,03:00:00,Pulau Pinang,George Town,5.4145,100.3292,25.8,88,0.2,13.5,53,"Drizzle, not freezing, continuous 	moderate at time of observation"
2026-07-29,02:00:00,Perlis,Kangar,6.4333,100.2,24.2,95,0.6,6.8,53,"Drizzle, not freezing, continuous 	moderate at time of observation"
2026-07-29,02:00:00,Sabah,Lahad Datu,5.03,118.34,24.1,97,0.8,5.1,81,"Rain shower(s), moderate or heavy"
2026-07-29,02:00:00,Kedah,Alor Setar,6.1167,100.3667,24.5,88,1.4,1.4,80,"Rain shower(s), slight"
2026-07-29,02:00:00,Pahang,Raub,3.7931,101.8569,24.7,91,0.0,3.4,2,State of sky on the whole unchanged
2026-07-29,02:00:00,Sarawak,Sibu,2.3,111.8167,23.8,98,0.0,9.2,2,State of sky on the whole unchanged
2026-07-29,02:00:00,Labuan,Labuan,5.2803,115.2475,27.2,80,0.0,12.0,3,Clouds generally forming or developing
2026-07-29,02:00:00,Putrajaya,Putrajaya,2.93,101.69,26.7,87,0.0,8.3,3,Clouds generally forming or developing
2026-07-29,02:00:00,Selangor,Petaling Jaya,3.1073,101.6067,26.2,90,0.0,3.2,3,Clouds generally forming or developing
2026-07-29,02:00:00,Sabah,Tawau,4.2448,117.8911,25.4,86,0.2,11.1,53,"Drizzle, not freezing, continuous 	moderate at time of observation"
2026-07-29,02:00:00,Pulau Pinang,George Town,5.4145,100.3292,28.2,87,0.0,1.1,3,Clouds generally forming or developing
2026-07-29,02:00:00,Kelantan,Kota Bharu,6.1333,102.25,26.0,92,0.7,10.9,53,"Drizzle, not freezing, continuous 	moderate at time of observation"
2026-07-29,02:00:00,Pahang,Kuantan,3.8167,103.3333,26.7,85,0.0,10.6,3,Clouds generally forming or developing
2026-07-29,02:00:00,Sarawak,Kuching,1.5397,110.3542,24.4,96,0.0,4.0,3,Clouds generally forming or developing
2026-07-29,02:00:00,Pulau Pinang,Butterworth,5.3992,100.3639,27.9,82,0.0,4.1,3,Clouds generally forming or developing
2026-07-29,02:00:00,Kedah,Sungai Petani,5.65,100.48,26.2,87,0.0,6.0,3,Clouds generally forming or developing
2026-07-29,02:00:00,Sarawak,Miri,4.4028,113.9933,24.6,94,0.2,7.8,51,"Drizzle, not freezing, continuous 	slight at time of observation"
2026-07-29,02:00:00,Sabah,Kota Kinabalu,5.975,116.0725,25.1,78,0.0,8.2,3,Clouds generally forming or developing
2026-07-29,02:00:00,Johor,Kluang,2.0336,103.3194,24.8,94,0.0,9.2,3,Clouds generally forming or developing
2026-07-29,02:00:00,Melaka,Melaka,2.1889,102.2511,27.1,86,0.0,11.8,3,Clouds generally forming or developing
2026-07-29,02:00:00,Johor,Johor Bahru,1.4556,103.7611,25.5,93,0.0,5.1,3,Clouds generally forming or developing
2026-07-29,02:00:00,Johor,Muar,2.05,102.56,26.8,87,0.0,8.0,3,Clouds generally forming or developing
2026-07-29,02:00:00,Terengganu,Cukai,4.2332,103.4479,27.2,82,0.0,15.2,51,"Drizzle, not freezing, continuous 	slight at time of observation"
2026-07-29,02:00:00,Johor,Batu Pahat,1.85,102.93,25.4,93,0.0,6.4,3,Clouds generally forming or developing
2026-07-29,02:00:00,Selangor,Shah Alam,3.0833,101.5333,27.0,88,0.0,6.4,3,Clouds generally forming or developing
2026-07-29,02:00:00,Terengganu,Kuala Terengganu,5.3303,103.1408,26.8,90,0.0,6.1,3,Clouds generally forming or developing
2026-07-29,02:00:00,Pahang,Kuala Lipis,4.184,102.042,26.2,88,0.0,2.2,3,Clouds generally forming or developing
2026-07-29,02:00:00,Perak,Teluk Intan,4.0259,101.0213,26.7,92,0.0,4.9,3,Clouds generally forming or developing
2026-07-29,02:00:00,Perak,Taiping,4.85,100.7333,26.1,97,0.0,2.7,3,Clouds generally forming or developing
2026-07-29,02:00:00,Sabah,Sandakan,5.8388,118.1173,25.3,96,0.1,5.4,51,"Drizzle, not freezing, continuous 	slight at time of observation"
2026-07-29,02:00:00,Kuala Lumpur,Kuala Lumpur,3.1478,101.6953,25.8,92,0.0,2.4,3,Clouds generally forming or developing
2026-07-29,02:00:00,Pulau Pinang,Bukit Mertajam,5.3631,100.4667,27.8,82,0.0,4.1,3,Clouds generally forming or developing
2026-07-29,02:00:00,Perak,Ipoh,4.6,101.07,26.1,91,0.0,0.6,3,Clouds generally forming or developing
2026-07-29,02:00:00,Selangor,Klang,3.0333,101.45,26.9,90,0.0,6.8,3,Clouds generally forming or developing
2026-07-29,01:00:00,Melaka,Melaka,2.1889,102.2511,26.6,86,0.0,11.6,3,Clouds generally forming or developing
2026-07-29,01:00:00,Selangor,Shah Alam,3.0833,101.5333,26.6,89,0.0,4.3,3,Clouds generally forming or developing
2026-07-29,01:00:00,Johor,Muar,2.05,102.56,26.2,86,0.0,9.9,3,Clouds generally forming or developing
2026-07-29,01:00:00,Kedah,Alor Setar,6.1167,100.3667,24.5,92,0.0,18.8,80,"Rain shower(s), slight"
2026-07-29,01:00:00,Johor,Batu Pahat,1.85,102.93,25.4,90,0.0,6.2,3,Clouds generally forming or developing
2026-07-29,01:00:00,Sabah,Lahad Datu,5.03,118.34,25.6,91,0.0,2.8,3,Clouds generally forming or developing
2026-07-29,01:00:00,Johor,Johor Bahru,1.4556,103.7611,25.5,91,0.0,4.2,3,Clouds generally forming or developing
2026-07-29,01:00:00,Johor,Kluang,2.0336,103.3194,24.7,94,0.0,6.9,3,Clouds generally forming or developing
2026-07-29,01:00:00,Labuan,Labuan,5.2803,115.2475,27.1,81,0.0,11.8,3,Clouds generally forming or developing
2026-07-29,01:00:00,Sarawak,Sibu,2.3,111.8167,23.8,98,0.0,8.1,1,Clouds generally dissolving or becoming less developed
2026-07-29,01:00:00,Pulau Pinang,Bukit Mertajam,5.3631,100.4667,28.0,80,0.0,5.0,3,Clouds generally forming or developing
2026-07-29,01:00:00,Kedah,Sungai Petani,5.65,100.48,26.7,83,0.0,1.5,3,Clouds generally forming or developing
2026-07-29,01:00:00,Sabah,Kota Kinabalu,5.975,116.0725,25.6,76,0.1,8.1,51,"Drizzle, not freezing, continuous 	slight at time of observation"
2026-07-29,01:00:00,Sarawak,Kuching,1.5397,110.3542,24.5,96,0.0,1.8,3,Clouds generally forming or developing
2026-07-29,01:00:00,Sabah,Sandakan,5.8388,118.1173,26.5,92,0.3,2.2,51,"Drizzle, not freezing, continuous 	slight at time of observation"
2026-07-29,01:00:00,Terengganu,Kuala Terengganu,5.3303,103.1408,26.2,91,0.0,6.2,3,Clouds generally forming or developing
2026-07-29,01:00:00,Perak,Taiping,4.85,100.7333,26.2,95,0.0,4.9,3,Clouds generally forming or developing
2026-07-29,01:00:00,Perak,Teluk Intan,4.0259,101.0213,26.5,93,0.0,3.2,3,Clouds generally forming or developing
2026-07-29,01:00:00,Sabah,Tawau,4.2448,117.8911,25.5,86,0.1,8.5,51,"Drizzle, not freezing, continuous 	slight at time of observation"
2026-07-29,01:00:00,Pahang,Kuantan,3.8167,103.3333,26.3,89,0.0,7.7,3,Clouds generally forming or developing
2026-07-29,01:00:00,Sarawak,Miri,4.4028,113.9933,25.0,91,0.5,3.5,53,"Drizzle, not freezing, continuous 	moderate at time of observation"
2026-07-29,01:00:00,Pahang,Kuala Lipis,4.184,102.042,25.8,88,0.0,4.5,3,Clouds generally forming or developing
2026-07-29,01:00:00,Pulau Pinang,Butterworth,5.3992,100.3639,28.0,80,0.0,5.0,3,Clouds generally forming or developing
2026-07-29,01:00:00,Pahang,Raub,3.7931,101.8569,24.2,92,0.0,3.9,3,Clouds generally forming or developing
2026-07-29,01:00:00,Perlis,Kangar,6.4333,100.2,24.5,94,0.2,2.5,55,"Drizzle, not freezing, continuous heavy (dense) at time of observation"
2026-07-29,01:00:00,Pulau Pinang,George Town,5.4145,100.3292,28.1,84,0.0,0.9,3,Clouds generally forming or developing
2026-07-29,01:00:00,Terengganu,Cukai,4.2332,103.4479,27.4,83,0.0,13.3,3,Clouds generally forming or developing
2026-07-29,01:00:00,Selangor,Petaling Jaya,3.1073,101.6067,25.8,89,0.0,2.9,3,Clouds generally forming or developing
2026-07-29,01:00:00,Perak,Ipoh,4.6,101.07,25.9,92,0.0,3.1,3,Clouds generally forming or developing
2026-07-29,01:00:00,Selangor,Klang,3.0333,101.45,26.3,92,0.0,5.5,3,Clouds generally forming or developing
2026-07-29,01:00:00,Kuala Lumpur,Kuala Lumpur,3.1478,101.6953,25.2,93,0.0,2.3,3,Clouds generally forming or developing
2026-07-29,01:00:00,Putrajaya,Putrajaya,2.93,101.69,26.2,92,0.0,4.3,3,Clouds generally forming or developing
2026-07-29,01:00:00,Kelantan,Kota Bharu,6.1333,102.25,24.8,96,0.6,7.7,80,"Rain shower(s), slight"
2026-07-29,00:00:00,Perlis,Kangar,6.4333,100.2,27.1,80,0.0,10.1,3,Clouds generally forming or developing
2026-07-29,00:00:00,Perak,Ipoh,4.6,101.07,26.5,90,0.0,2.7,3,Clouds generally forming or developing
2026-07-29,00:00:00,Sabah,Sandakan,5.8388,118.1173,26.5,92,0.0,4.1,53,"Drizzle, not freezing, continuous 	moderate at time of observation"
2026-07-29,00:00:00,Johor,Muar,2.05,102.56,26.5,85,0.0,13.4,3,Clouds generally forming or developing
2026-07-29,00:00:00,Sabah,Tawau,4.2448,117.8911,26.1,86,0.0,5.8,2,State of sky on the whole unchanged
2026-07-29,00:00:00,Sabah,Kota Kinabalu,5.975,116.0725,26.1,75,0.3,4.7,51,"Drizzle, not freezing, continuous 	slight at time of observation"
2026-07-29,00:00:00,Sarawak,Sibu,2.3,111.8167,24.1,96,0.2,11.4,53,"Drizzle, not freezing, continuous 	moderate at time of observation"
2026-07-29,00:00:00,Sarawak,Miri,4.4028,113.9933,25.4,87,0.0,6.8,3,Clouds generally forming or developing
2026-07-29,00:00:00,Selangor,Klang,3.0333,101.45,26.5,91,0.0,5.2,3,Clouds generally forming or developing
2026-07-29,00:00:00,Kedah,Alor Setar,6.1167,100.3667,27.9,85,0.0,4.1,3,Clouds generally forming or developing
2026-07-29,00:00:00,Perak,Taiping,4.85,100.7333,26.3,95,0.0,2.6,3,Clouds generally forming or developing
2026-07-29,00:00:00,Pahang,Raub,3.7931,101.8569,24.6,92,0.0,4.1,3,Clouds generally forming or developing
2026-07-29,00:00:00,Pulau Pinang,Bukit Mertajam,5.3631,100.4667,28.5,78,0.0,4.4,3,Clouds generally forming or developing
2026-07-29,00:00:00,Terengganu,Kuala Terengganu,5.3303,103.1408,26.6,90,0.0,7.4,3,Clouds generally forming or developing
2026-07-29,00:00:00,Johor,Kluang,2.0336,103.3194,25.0,93,0.0,9.1,2,State of sky on the whole unchanged
2026-07-29,00:00:00,Kelantan,Kota Bharu,6.1333,102.25,27.0,90,0.0,7.9,3,Clouds generally forming or developing
2026-07-29,00:00:00,Selangor,Shah Alam,3.0833,101.5333,26.7,88,0.0,4.4,3,Clouds generally forming or developing
2026-07-29,00:00:00,Labuan,Labuan,5.2803,115.2475,27.2,81,0.1,12.8,51,"Drizzle, not freezing, continuous 	slight at time of observation"
2026-07-29,00:00:00,Pahang,Kuantan,3.8167,103.3333,26.2,89,0.0,7.6,3,Clouds generally forming or developing
2026-07-29,00:00:00,Putrajaya,Putrajaya,2.93,101.69,26.5,91,0.0,4.9,3,Clouds generally forming or developing
2026-07-29,00:00:00,Johor,Batu Pahat,1.85,102.93,25.6,89,0.0,7.9,3,Clouds generally forming or developing
2026-07-29,00:00:00,Johor,Johor Bahru,1.4556,103.7611,25.5,92,0.0,5.3,3,Clouds generally forming or developing
2026-07-29,00:00:00,Sarawak,Kuching,1.5397,110.3542,25.0,93,0.0,1.0,2,State of sky on the whole unchanged
2026-07-29,00:00:00,Melaka,Melaka,2.1889,102.2511,26.5,87,0.0,15.1,3,Clouds generally forming or developing
2026-07-29,00:00:00,Pahang,Kuala Lipis,4.184,102.042,26.1,85,0.0,5.5,3,Clouds generally forming or developing
2026-07-29,00:00:00,Terengganu,Cukai,4.2332,103.4479,27.1,88,0.0,9.8,3,Clouds generally forming or developing
2026-07-29,00:00:00,Selangor,Petaling Jaya,3.1073,101.6067,26.1,88,0.0,3.3,3,Clouds generally forming or developing
2026-07-29,00:00:00,Kedah,Sungai Petani,5.65,100.48,27.2,82,0.0,0.4,3,Clouds generally forming or developing
2026-07-29,00:00:00,Sabah,Lahad Datu,5.03,118.34,26.2,87,0.0,0.3,2,State of sky on the whole unchanged
2026-07-29,00:00:00,Pulau Pinang,George Town,5.4145,100.3292,28.2,83,0.0,1.3,3,Clouds generally forming or developing
2026-07-29,00:00:00,Kuala Lumpur,Kuala Lumpur,3.1478,101.6953,25.6,91,0.0,2.7,3,Clouds generally forming or developing
2026-07-29,00:00:00,Pulau Pinang,Butterworth,5.3992,100.3639,28.5,78,0.0,4.4,3,Clouds generally forming or developing
2026-07-29,00:00:00,Perak,Teluk Intan,4.0259,101.0213,26.5,93,0.0,1.8,3,Clouds generally forming or developing
2026-07-29,12:00:00,Perlis,Kangar,6.4333,100.2,24.8,93,0.7,6.0,80,"Rain shower(s), slight"
2026-07-29,12:00:00,Johor,Johor Bahru,1.4556,103.7611,31.2,65,0.0,9.5,3,Clouds generally forming or developing
2026-07-29,12:00:00,Sabah,Lahad Datu,5.03,118.34,29.6,71,0.0,10.4,51,"Drizzle, not freezing, continuous 	slight at time of observation"
2026-07-29,12:00:00,Johor,Batu Pahat,1.85,102.93,30.4,68,0.1,12.0,51,"Drizzle, not freezing, continuous 	slight at time of observation"
2026-07-29,12:00:00,Sabah,Tawau,4.2448,117.8911,29.0,74,0.1,5.4,51,"Drizzle, not freezing, continuous 	slight at time of observation"
2026-07-29,12:00:00,Selangor,Shah Alam,3.0833,101.5333,25.7,89,0.0,9.1,95,"Thunderstorm, slight or moderate, without hail** but with rain and/or snow at time of observation - Thunderstorm at time of observation"
2026-07-29,12:00:00,Pulau Pinang,Bukit Mertajam,5.3631,100.4667,26.8,83,0.2,3.4,51,"Drizzle, not freezing, continuous 	slight at time of observation"
2026-07-29,12:00:00,Selangor,Klang,3.0333,101.45,26.5,87,0.3,6.8,95,"Thunderstorm, slight or moderate, without hail** but with rain and/or snow at time of observation - Thunderstorm at time of observation"
2026-07-29,12:00:00,Pahang,Kuala Lipis,4.184,102.042,28.5,75,0.0,2.4,3,Clouds generally forming or developing
2026-07-29,12:00:00,Putrajaya,Putrajaya,2.93,101.69,26.3,91,0.4,7.1,95,"Thunderstorm, slight or moderate, without hail** but with rain and/or snow at time of observation - Thunderstorm at time of observation"
2026-07-29,12:00:00,Pahang,Kuantan,3.8167,103.3333,30.4,68,0.0,9.2,3,Clouds generally forming or developing
2026-07-29,12:00:00,Sabah,Sandakan,5.8388,118.1173,30.2,69,0.0,4.8,0,Cloud development not observed or not observable
2026-07-29,12:00:00,Kelantan,Kota Bharu,6.1333,102.25,26.8,91,0.0,6.7,3,Clouds generally forming or developing
2026-07-29,12:00:00,Terengganu,Cukai,4.2332,103.4479,30.6,67,0.0,14.2,3,Clouds generally forming or developing
2026-07-29,12:00:00,Kuala Lumpur,Kuala Lumpur,3.1478,101.6953,27.3,79,0.0,14.2,80,"Rain shower(s), slight"
2026-07-29,12:00:00,Sabah,Kota Kinabalu,5.975,116.0725,31.4,59,0.0,4.6,2,State of sky on the whole unchanged
2026-07-29,12:00:00,Pahang,Raub,3.7931,101.8569,30.1,68,0.1,4.6,51,"Drizzle, not freezing, continuous 	slight at time of observation"
2026-07-29,12:00:00,Kedah,Alor Setar,6.1167,100.3667,25.1,93,0.7,4.9,53,"Drizzle, not freezing, continuous 	moderate at time of observation"
2026-07-29,12:00:00,Johor,Muar,2.05,102.56,28.5,76,0.1,13.6,53,"Drizzle, not freezing, continuous 	moderate at time of observation"
2026-07-29,12:00:00,Negeri Sembilan,Seremban,2.7297,101.9381,29.2,76,0.1,7.8,51,"Drizzle, not freezing, continuous 	slight at time of observation"
2026-07-29,12:00:00,Terengganu,Kuala Terengganu,5.3303,103.1408,29.0,80,0.0,5.5,3,Clouds generally forming or developing
2026-07-29,12:00:00,Sarawak,Kuching,1.5397,110.3542,29.1,69,0.0,9.2,3,Clouds generally forming or developing
2026-07-29,12:00:00,Perak,Teluk Intan,4.0259,101.0213,25.6,91,0.7,1.4,53,"Drizzle, not freezing, continuous 	moderate at time of observation"
2026-07-29,12:00:00,Pulau Pinang,George Town,5.4145,100.3292,26.0,92,0.6,3.7,53,"Drizzle, not freezing, continuous 	moderate at time of observation"
2026-07-29,12:00:00,Perak,Ipoh,4.6,101.07,25.8,90,0.7,4.7,53,"Drizzle, not freezing, continuous 	moderate at time of observation"
2026-07-29,12:00:00,Johor,Kluang,2.0336,103.3194,30.5,72,0.0,9.3,3,Clouds generally forming or developing
2026-07-29,12:00:00,Sarawak,Sibu,2.3,111.8167,27.4,83,0.1,2.4,51,"Drizzle, not freezing, continuous 	slight at time of observation"
2026-07-29,12:00:00,Sarawak,Bintulu,3.17,113.03,28.0,79,0.3,2.3,51,"Drizzle, not freezing, continuous 	slight at time of observation"
2026-07-29,12:00:00,Selangor,Petaling Jaya,3.1073,101.6067,26.7,81,0.0,14.1,80,"Rain shower(s), slight"
2026-07-29,12:00:00,Perak,Taiping,4.85,100.7333,26.3,91,0.3,4.4,51,"Drizzle, not freezing, continuous 	slight at time of observation"
2026-07-29,12:00:00,Pulau Pinang,Butterworth,5.3992,100.3639,26.8,83,0.2,3.4,51,"Drizzle, not freezing, continuous 	slight at time of observation"
2026-07-29,12:00:00,Sarawak,Miri,4.4028,113.9933,29.4,72,0.1,3.6,51,"Drizzle, not freezing, continuous 	slight at time of observation"
2026-07-29,12:00:00,Melaka,Melaka,2.1889,102.2511,29.4,71,0.1,11.0,51,"Drizzle, not freezing, continuous 	slight at time of observation"
2026-07-29,11:00:00,Sabah,Lahad Datu,5.03,118.34,29.3,72,0.0,10.5,51,"Drizzle, not freezing, continuous 	slight at time of observation"
2026-07-29,11:00:00,Melaka,Melaka,2.1889,102.2511,29.3,73,0.1,10.8,51,"Drizzle, not freezing, continuous 	slight at time of observation"
2026-07-29,11:00:00,Selangor,Klang,3.0333,101.45,29.7,74,0.0,9.8,51,"Drizzle, not freezing, continuous 	slight at time of observation"
2026-07-29,11:00:00,Kedah,Alor Setar,6.1167,100.3667,25.1,92,0.5,1.4,53,"Drizzle, not freezing, continuous 	moderate at time of observation"
2026-07-29,11:00:00,Sarawak,Bintulu,3.17,113.03,27.9,77,0.0,6.5,51,"Drizzle, not freezing, continuous 	slight at time of observation"
2026-07-29,11:00:00,Perak,Taiping,4.85,100.7333,25.0,96,0.7,8.5,53,"Drizzle, not freezing, continuous 	moderate at time of observation"
2026-07-29,11:00:00,Negeri Sembilan,Seremban,2.7297,101.9381,28.7,78,0.1,8.4,51,"Drizzle, not freezing, continuous 	slight at time of observation"
2026-07-29,11:00:00,Putrajaya,Putrajaya,2.93,101.69,28.8,76,0.0,10.3,3,Clouds generally forming or developing
2026-07-29,11:00:00,Johor,Muar,2.05,102.56,30.2,71,0.1,11.0,51,"Drizzle, not freezing, continuous 	slight at time of observation"
2026-07-29,11:00:00,Sarawak,Miri,4.4028,113.9933,29.3,71,0.0,2.1,51,"Drizzle, not freezing, continuous 	slight at time of observation"
2026-07-29,11:00:00,Sarawak,Kuching,1.5397,110.3542,27.6,76,0.1,9.0,51,"Drizzle, not freezing, continuous 	slight at time of observation"
2026-07-29,11:00:00,Kelantan,Kota Bharu,6.1333,102.25,25.9,95,0.4,6.0,51,"Drizzle, not freezing, continuous 	slight at time of observation"
2026-07-29,11:00:00,Pahang,Raub,3.7931,101.8569,28.1,82,0.1,3.9,51,"Drizzle, not freezing, continuous 	slight at time of observation"
2026-07-29,11:00:00,Perak,Ipoh,4.6,101.07,25.3,93,1.4,2.4,81,"Rain shower(s), moderate or heavy"
2026-07-29,11:00:00,Pahang,Kuala Lipis,4.184,102.042,27.5,77,0.0,1.7,3,Clouds generally forming or developing
2026-07-29,11:00:00,Pulau Pinang,George Town,5.4145,100.3292,25.8,95,0.4,4.9,53,"Drizzle, not freezing, continuous 	moderate at time of observation"
2026-07-29,11:00:00,Sabah,Tawau,4.2448,117.8911,28.4,77,0.1,6.6,51,"Drizzle, not freezing, continuous 	slight at time of observation"
2026-07-29,11:00:00,Sarawak,Sibu,2.3,111.8167,26.6,86,0.0,3.8,51,"Drizzle, not freezing, continuous 	slight at time of observation"
2026-07-29,11:00:00,Pulau Pinang,Butterworth,5.3992,100.3639,26.1,89,0.4,6.7,55,"Drizzle, not freezing, continuous heavy (dense) at time of observation"
2026-07-29,11:00:00,Perak,Teluk Intan,4.0259,101.0213,25.1,94,1.1,6.5,80,"Rain shower(s), slight"
2026-07-29,11:00:00,Pulau Pinang,Bukit Mertajam,5.3631,100.4667,26.1,89,0.4,6.7,55,"Drizzle, not freezing, continuous heavy (dense) at time of observation"
2026-07-29,11:00:00,Perlis,Kangar,6.4333,100.2,25.2,94,1.6,3.3,80,"Rain shower(s), slight"
2026-07-29,11:00:00,Terengganu,Cukai,4.2332,103.4479,29.7,71,0.0,9.1,3,Clouds generally forming or developing
2026-07-29,11:00:00,Sabah,Sandakan,5.8388,118.1173,29.6,73,0.0,6.7,0,Cloud development not observed or not observable
2026-07-29,11:00:00,Sabah,Kota Kinabalu,5.975,116.0725,31.3,58,0.0,4.2,2,State of sky on the whole unchanged
2026-07-29,11:00:00,Selangor,Petaling Jaya,3.1073,101.6067,29.5,73,0.0,7.6,3,Clouds generally forming or developing
2026-07-29,11:00:00,Kuala Lumpur,Kuala Lumpur,3.1478,101.6953,29.8,72,0.0,6.5,3,Clouds generally forming or developing
2026-07-29,11:00:00,Johor,Kluang,2.0336,103.3194,29.6,77,0.0,10.0,3,Clouds generally forming or developing
2026-07-29,11:00:00,Johor,Batu Pahat,1.85,102.93,30.1,69,0.0,12.2,3,Clouds generally forming or developing
2026-07-29,11:00:00,Selangor,Shah Alam,3.0833,101.5333,29.8,73,0.0,9.2,3,Clouds generally forming or developing
2026-07-29,11:00:00,Pahang,Kuantan,3.8167,103.3333,29.1,73,0.0,8.5,3,Clouds generally forming or developing
2026-07-29,11:00:00,Terengganu,Kuala Terengganu,5.3303,103.1408,28.2,82,0.0,4.8,3,Clouds generally forming or developing
2026-07-29,11:00:00,Johor,Johor Bahru,1.4556,103.7611,30.6,68,0.0,10.9,3,Clouds generally forming or developing
2026-07-29,10:00:00,Terengganu,Cukai,4.2332,103.4479,28.0,78,0.0,7.6,3,Clouds generally forming or developing
2026-07-29,10:00:00,Sarawak,Kuching,1.5397,110.3542,25.6,88,0.3,8.0,51,"Drizzle, not freezing, continuous 	slight at time of observation"
2026-07-29,10:00:00,Johor,Batu Pahat,1.85,102.93,29.2,77,0.0,8.6,3,Clouds generally forming or developing
2026-07-29,10:00:00,Kuala Lumpur,Kuala Lumpur,3.1478,101.6953,28.4,79,0.0,3.3,3,Clouds generally forming or developing
2026-07-29,10:00:00,Sabah,Tawau,4.2448,117.8911,28.0,80,0.0,5.4,1,Clouds generally dissolving or becoming less developed
2026-07-29,10:00:00,Terengganu,Kuala Terengganu,5.3303,103.1408,26.8,88,0.0,6.5,3,Clouds generally forming or developing
2026-07-29,10:00:00,Perlis,Kangar,6.4333,100.2,25.2,92,0.3,3.3,53,"Drizzle, not freezing, continuous 	moderate at time of observation"
2026-07-29,10:00:00,Sarawak,Sibu,2.3,111.8167,25.2,92,0.2,3.1,51,"Drizzle, not freezing, continuous 	slight at time of observation"
2026-07-29,10:00:00,Johor,Muar,2.05,102.56,28.9,78,0.0,8.6,2,State of sky on the whole unchanged
2026-07-29,10:00:00,Pahang,Kuala Lipis,4.184,102.042,25.9,88,0.0,2.3,3,Clouds generally forming or developing
2026-07-29,10:00:00,Sarawak,Miri,4.4028,113.9933,28.9,74,0.0,4.8,3,Clouds generally forming or developing
2026-07-29,10:00:00,Kedah,Alor Setar,6.1167,100.3667,25.1,93,0.3,6.3,55,"Drizzle, not freezing, continuous heavy (dense) at time of observation"
2026-07-29,10:00:00,Perak,Ipoh,4.6,101.07,26.0,86,0.2,6.1,80,"Rain shower(s), slight"
2026-07-29,10:00:00,Johor,Kluang,2.0336,103.3194,28.4,82,0.0,10.5,3,Clouds generally forming or developing
2026-07-29,10:00:00,Perak,Taiping,4.85,100.7333,24.3,97,1.3,8.0,80,"Rain shower(s), slight"
2026-07-29,10:00:00,Pulau Pinang,George Town,5.4145,100.3292,24.8,98,1.5,4.9,80,"Rain shower(s), slight"
2026-07-29,10:00:00,Negeri Sembilan,Seremban,2.7297,101.9381,28.3,77,0.0,9.2,3,Clouds generally forming or developing
2026-07-29,10:00:00,Sarawak,Bintulu,3.17,113.03,28.0,79,0.0,4.0,51,"Drizzle, not freezing, continuous 	slight at time of observation"
2026-07-29,10:00:00,Johor,Johor Bahru,1.4556,103.7611,29.5,73,0.0,9.8,3,Clouds generally forming or developing
2026-07-29,10:00:00,Melaka,Melaka,2.1889,102.2511,28.8,78,0.0,10.4,3,Clouds generally forming or developing
2026-07-29,10:00:00,Putrajaya,Putrajaya,2.93,101.69,28.5,77,0.0,10.4,3,Clouds generally forming or developing
2026-07-29,10:00:00,Pulau Pinang,Butterworth,5.3992,100.3639,24.5,95,1.2,5.8,81,"Rain shower(s), moderate or heavy"
2026-07-29,10:00:00,Selangor,Petaling Jaya,3.1073,101.6067,28.0,80,0.0,4.9,3,Clouds generally forming or developing
2026-07-29,10:00:00,Sabah,Lahad Datu,5.03,118.34,28.7,77,0.0,7.7,1,Clouds generally dissolving or becoming less developed
2026-07-29,10:00:00,Sabah,Sandakan,5.8388,118.1173,28.6,77,0.0,8.0,1,Clouds generally dissolving or becoming less developed
2026-07-29,10:00:00,Pulau Pinang,Bukit Mertajam,5.3631,100.4667,24.4,95,1.2,5.8,81,"Rain shower(s), moderate or heavy"
2026-07-29,10:00:00,Pahang,Raub,3.7931,101.8569,25.8,91,0.2,2.7,51,"Drizzle, not freezing, continuous 	slight at time of observation"
2026-07-29,10:00:00,Selangor,Shah Alam,3.0833,101.5333,28.3,78,0.0,8.4,3,Clouds generally forming or developing
2026-07-29,10:00:00,Sabah,Kota Kinabalu,5.975,116.0725,30.6,60,0.0,4.6,1,Clouds generally dissolving or becoming less developed
2026-07-29,10:00:00,Pahang,Kuantan,3.8167,103.3333,27.9,77,0.0,7.4,3,Clouds generally forming or developing
2026-07-29,10:00:00,Kelantan,Kota Bharu,6.1333,102.25,25.6,96,0.7,5.9,53,"Drizzle, not freezing, continuous 	moderate at time of observation"
2026-07-29,10:00:00,Selangor,Klang,3.0333,101.45,28.7,78,0.0,9.8,3,Clouds generally forming or developing
2026-07-29,10:00:00,Perak,Teluk Intan,4.0259,101.0213,27.0,83,0.0,12.5,51,"Drizzle, not freezing, continuous 	slight at time of observation"
2026-07-29,09:00:00,Pahang,Kuantan,3.8167,103.3333,27.0,82,0.0,6.3,3,Clouds generally forming or developing
2026-07-29,09:00:00,Perlis,Kangar,6.4333,100.2,24.9,95,1.0,5.2,55,"Drizzle, not freezing, continuous heavy (dense) at time of observation"
2026-07-29,09:00:00,Selangor,Shah Alam,3.0833,101.5333,27.3,84,0.0,8.9,3,Clouds generally forming or developing
2026-07-29,09:00:00,Sabah,Lahad Datu,5.03,118.34,27.4,87,0.0,4.1,2,State of sky on the whole unchanged
2026-07-29,09:00:00,Sabah,Tawau,4.2448,117.8911,26.8,84,0.1,6.7,51,"Drizzle, not freezing, continuous 	slight at time of observation"
2026-07-29,09:00:00,Sarawak,Miri,4.4028,113.9933,27.8,82,0.0,4.8,3,Clouds generally forming or developing
2026-07-29,09:00:00,Negeri Sembilan,Seremban,2.7297,101.9381,27.2,81,0.0,9.3,3,Clouds generally forming or developing
2026-07-29,09:00:00,Johor,Muar,2.05,102.56,27.2,87,0.0,5.8,2,State of sky on the whole unchanged
2026-07-29,09:00:00,Johor,Batu Pahat,1.85,102.93,27.6,86,0.0,5.5,2,State of sky on the whole unchanged
2026-07-29,09:00:00,Kuala Lumpur,Kuala Lumpur,3.1478,101.6953,26.5,87,0.0,1.0,3,Clouds generally forming or developing
2026-07-29,09:00:00,Selangor,Petaling Jaya,3.1073,101.6067,26.3,89,0.0,4.0,3,Clouds generally forming or developing
2026-07-29,09:00:00,Pahang,Raub,3.7931,101.8569,24.8,94,0.1,2.1,51,"Drizzle, not freezing, continuous 	slight at time of observation"
2026-07-29,09:00:00,Terengganu,Kuala Terengganu,5.3303,103.1408,25.5,94,0.0,5.7,3,Clouds generally forming or developing
2026-07-29,09:00:00,Perak,Ipoh,4.6,101.07,26.8,86,0.0,3.2,3,Clouds generally forming or developing
2026-07-29,09:00:00,Sarawak,Kuching,1.5397,110.3542,24.2,95,0.2,4.3,51,"Drizzle, not freezing, continuous 	slight at time of observation"
2026-07-29,09:00:00,Kelantan,Kota Bharu,6.1333,102.25,25.1,97,0.7,6.5,53,"Drizzle, not freezing, continuous 	moderate at time of observation"
2026-07-29,09:00:00,Sarawak,Sibu,2.3,111.8167,24.6,95,0.5,4.9,53,"Drizzle, not freezing, continuous 	moderate at time of observation"
2026-07-29,09:00:00,Melaka,Melaka,2.1889,102.2511,27.3,86,0.0,7.8,2,State of sky on the whole unchanged
2026-07-29,09:00:00,Selangor,Klang,3.0333,101.45,27.4,82,0.0,9.3,3,Clouds generally forming or developing
2026-07-29,09:00:00,Perak,Teluk Intan,4.0259,101.0213,26.8,87,0.0,7.0,3,Clouds generally forming or developing
2026-07-29,09:00:00,Sarawak,Bintulu,3.17,113.03,27.5,82,0.0,4.0,3,Clouds generally forming or developing
2026-07-29,09:00:00,Pahang,Kuala Lipis,4.184,102.042,24.9,95,0.0,4.4,3,Clouds generally forming or developing
2026-07-29,09:00:00,Sabah,Kota Kinabalu,5.975,116.0725,29.6,63,0.0,1.6,1,Clouds generally dissolving or becoming less developed
2026-07-29,09:00:00,Sabah,Sandakan,5.8388,118.1173,27.3,83,0.0,8.6,1,Clouds generally dissolving or becoming less developed
2026-07-29,09:00:00,Putrajaya,Putrajaya,2.93,101.69,27.3,81,0.0,10.6,3,Clouds generally forming or developing
2026-07-29,09:00:00,Pulau Pinang,Bukit Mertajam,5.3631,100.4667,24.3,95,1.1,9.3,81,"Rain shower(s), moderate or heavy"
2026-07-29,09:00:00,Kedah,Alor Setar,6.1167,100.3667,24.5,94,1.5,7.0,81,"Rain shower(s), moderate or heavy"
2026-07-29,09:00:00,Pulau Pinang,George Town,5.4145,100.3292,24.6,98,1.1,3.7,81,"Rain shower(s), moderate or heavy"
2026-07-29,09:00:00,Terengganu,Cukai,4.2332,103.4479,27.0,84,0.0,7.9,3,Clouds generally forming or developing
2026-07-29,09:00:00,Pulau Pinang,Butterworth,5.3992,100.3639,24.4,95,1.1,9.3,81,"Rain shower(s), moderate or heavy"
2026-07-29,09:00:00,Johor,Kluang,2.0336,103.3194,27.0,87,0.0,8.0,2,State of sky on the whole unchanged
2026-07-29,09:00:00,Johor,Johor Bahru,1.4556,103.7611,27.9,83,0.0,8.8,2,State of sky on the whole unchanged
2026-07-29,09:00:00,Perak,Taiping,4.85,100.7333,24.0,96,0.8,9.1,80,"Rain shower(s), slight"
2026-07-29,08:00:00,Johor,Johor Bahru,1.4556,103.7611,25.8,93,0.0,6.9,2,State of sky on the whole unchanged
2026-07-29,08:00:00,Perak,Taiping,4.85,100.7333,24.9,95,0.1,11.7,51,"Drizzle, not freezing, continuous 	slight at time of observation"
2026-07-29,08:00:00,Johor,Batu Pahat,1.85,102.93,25.5,93,0.0,7.6,2,State of sky on the whole unchanged
2026-07-29,08:00:00,Selangor,Petaling Jaya,3.1073,101.6067,25.0,94,0.0,5.6,3,Clouds generally forming or developing
2026-07-29,08:00:00,Sarawak,Sibu,2.3,111.8167,24.1,95,0.6,2.8,53,"Drizzle, not freezing, continuous 	moderate at time of observation"
2026-07-29,08:00:00,Pahang,Raub,3.7931,101.8569,23.5,98,0.1,4.7,51,"Drizzle, not freezing, continuous 	slight at time of observation"
2026-07-29,08:00:00,Pulau Pinang,Bukit Mertajam,5.3631,100.4667,24.8,94,1.1,3.8,81,"Rain shower(s), moderate or heavy"
2026-07-29,08:00:00,Perak,Ipoh,4.6,101.07,25.6,91,0.0,4.8,3,Clouds generally forming or developing
2026-07-29,08:00:00,Kelantan,Kota Bharu,6.1333,102.25,24.5,98,0.5,8.0,53,"Drizzle, not freezing, continuous 	moderate at time of observation"
2026-07-29,08:00:00,Johor,Kluang,2.0336,103.3194,25.0,94,0.0,8.9,1,Clouds generally dissolving or becoming less developed
2026-07-29,08:00:00,Kuala Lumpur,Kuala Lumpur,3.1478,101.6953,24.7,94,0.0,3.7,3,Clouds generally forming or developing
2026-07-29,08:00:00,Negeri Sembilan,Seremban,2.7297,101.9381,25.7,86,0.0,8.1,3,Clouds generally forming or developing
2026-07-29,08:00:00,Terengganu,Kuala Terengganu,5.3303,103.1408,24.2,96,0.0,6.3,3,Clouds generally forming or developing
2026-07-29,08:00:00,Terengganu,Cukai,4.2332,103.4479,25.7,91,0.0,6.5,3,Clouds generally forming or developing
2026-07-29,08:00:00,Pulau Pinang,Butterworth,5.3992,100.3639,24.9,94,1.1,3.8,81,"Rain shower(s), moderate or heavy"
2026-07-29,08:00:00,Selangor,Klang,3.0333,101.45,26.0,87,0.0,10.9,3,Clouds generally forming or developing
2026-07-29,08:00:00,Sarawak,Kuching,1.5397,110.3542,23.6,98,0.4,6.3,51,"Drizzle, not freezing, continuous 	slight at time of observation"
2026-07-29,08:00:00,Pulau Pinang,George Town,5.4145,100.3292,24.5,98,1.8,9.4,95,"Thunderstorm, slight or moderate, without hail** but with rain and/or snow at time of observation - Thunderstorm at time of observation"
2026-07-29,08:00:00,Sarawak,Bintulu,3.17,113.03,26.0,88,0.0,5.2,3,Clouds generally forming or developing
2026-07-29,08:00:00,Johor,Muar,2.05,102.56,25.8,91,0.0,6.4,1,Clouds generally dissolving or becoming less developed
2026-07-29,08:00:00,Perlis,Kangar,6.4333,100.2,24.4,94,0.5,11.3,80,"Rain shower(s), slight"
2026-07-29,08:00:00,Sabah,Tawau,4.2448,117.8911,25.9,88,0.1,7.9,51,"Drizzle, not freezing, continuous 	slight at time of observation"
2026-07-29,08:00:00,Perak,Teluk Intan,4.0259,101.0213,26.0,89,0.0,6.1,3,Clouds generally forming or developing
2026-07-29,08:00:00,Sarawak,Miri,4.4028,113.9933,25.9,92,0.0,4.0,2,State of sky on the whole unchanged
2026-07-29,08:00:00,Kedah,Alor Setar,6.1167,100.3667,24.2,96,0.6,12.7,80,"Rain shower(s), slight"
2026-07-29,08:00:00,Melaka,Melaka,2.1889,102.2511,25.7,92,0.0,9.0,1,Clouds generally dissolving or becoming less developed
2026-07-29,08:00:00,Sabah,Lahad Datu,5.03,118.34,25.9,95,0.0,0.0,2,State of sky on the whole unchanged
2026-07-29,08:00:00,Pahang,Kuantan,3.8167,103.3333,25.4,91,0.0,8.9,2,State of sky on the whole unchanged
2026-07-29,08:00:00,Selangor,Shah Alam,3.0833,101.5333,26.0,87,0.0,9.7,3,Clouds generally forming or developing
2026-07-29,08:00:00,Sabah,Sandakan,5.8388,118.1173,26.1,89,0.0,6.9,2,State of sky on the whole unchanged
2026-07-29,08:00:00,Pahang,Kuala Lipis,4.184,102.042,24.1,97,0.0,5.8,3,Clouds generally forming or developing
2026-07-29,08:00:00,Sabah,Kota Kinabalu,5.975,116.0725,27.9,71,0.0,3.2,2,State of sky on the whole unchanged
2026-07-29,08:00:00,Putrajaya,Putrajaya,2.93,101.69,25.8,88,0.0,9.0,3,Clouds generally forming or developing
2026-07-29,07:00:00,Negeri Sembilan,Seremban,2.7297,101.9381,25.2,88,0.0,8.2,2,State of sky on the whole unchanged
2026-07-29,07:00:00,Sarawak,Sibu,2.3,111.8167,23.8,96,0.3,5.2,51,"Drizzle, not freezing, continuous 	slight at time of observation"
2026-07-29,07:00:00,Selangor,Klang,3.0333,101.45,25.7,88,0.0,10.2,3,Clouds generally forming or developing
2026-07-29,07:00:00,Johor,Batu Pahat,1.85,102.93,24.5,95,0.0,6.2,1,Clouds generally dissolving or becoming less developed
2026-07-29,07:00:00,Terengganu,Kuala Terengganu,5.3303,103.1408,24.0,99,0.4,8.6,51,"Drizzle, not freezing, continuous 	slight at time of observation"
2026-07-29,07:00:00,Pulau Pinang,Butterworth,5.3992,100.3639,25.8,89,0.1,10.6,51,"Drizzle, not freezing, continuous 	slight at time of observation"
2026-07-29,07:00:00,Sabah,Sandakan,5.8388,118.1173,25.1,96,0.0,8.0,3,Clouds generally forming or developing
2026-07-29,07:00:00,Perak,Teluk Intan,4.0259,101.0213,25.5,91,0.0,6.9,3,Clouds generally forming or developing
2026-07-29,07:00:00,Terengganu,Cukai,4.2332,103.4479,25.3,94,0.0,10.2,3,Clouds generally forming or developing
2026-07-29,07:00:00,Pulau Pinang,Bukit Mertajam,5.3631,100.4667,25.7,89,0.1,10.6,51,"Drizzle, not freezing, continuous 	slight at time of observation"
2026-07-29,07:00:00,Pulau Pinang,George Town,5.4145,100.3292,24.0,97,0.6,13.8,81,"Rain shower(s), moderate or heavy"
2026-07-29,07:00:00,Putrajaya,Putrajaya,2.93,101.69,25.3,91,0.0,8.5,3,Clouds generally forming or developing
2026-07-29,07:00:00,Selangor,Shah Alam,3.0833,101.5333,25.6,89,0.0,8.9,3,Clouds generally forming or developing
2026-07-29,07:00:00,Johor,Johor Bahru,1.4556,103.7611,25.0,95,0.0,5.5,3,Clouds generally forming or developing
2026-07-29,07:00:00,Sabah,Kota Kinabalu,5.975,116.0725,25.1,78,0.0,3.3,3,Clouds generally forming or developing
2026-07-29,07:00:00,Perak,Ipoh,4.6,101.07,25.0,94,0.0,2.3,3,Clouds generally forming or developing
2026-07-29,07:00:00,Selangor,Petaling Jaya,3.1073,101.6067,24.5,96,0.0,4.1,3,Clouds generally forming or developing
2026-07-29,07:00:00,Sabah,Lahad Datu,5.03,118.34,24.5,98,0.0,3.2,3,Clouds generally forming or developing
2026-07-29,07:00:00,Melaka,Melaka,2.1889,102.2511,25.2,93,0.0,8.9,2,State of sky on the whole unchanged
2026-07-29,07:00:00,Kelantan,Kota Bharu,6.1333,102.25,24.2,98,0.1,7.3,51,"Drizzle, not freezing, continuous 	slight at time of observation"
2026-07-29,07:00:00,Sarawak,Bintulu,3.17,113.03,24.4,92,0.0,7.3,2,State of sky on the whole unchanged
2026-07-29,07:00:00,Pahang,Kuantan,3.8167,103.3333,24.7,93,0.0,7.4,2,State of sky on the whole unchanged
2026-07-29,07:00:00,Sabah,Tawau,4.2448,117.8911,25.0,93,0.0,7.7,2,State of sky on the whole unchanged
2026-07-29,07:00:00,Perak,Taiping,4.85,100.7333,25.2,97,0.0,4.2,3,Clouds generally forming or developing
2026-07-29,07:00:00,Pahang,Kuala Lipis,4.184,102.042,23.6,99,0.0,6.0,3,Clouds generally forming or developing
2026-07-29,07:00:00,Johor,Kluang,2.0336,103.3194,24.1,96,0.0,7.1,2,State of sky on the whole unchanged
2026-07-29,07:00:00,Pahang,Raub,3.7931,101.8569,22.9,99,0.7,4.9,80,"Rain shower(s), slight"
2026-07-29,07:00:00,Kuala Lumpur,Kuala Lumpur,3.1478,101.6953,24.0,97,0.0,2.5,3,Clouds generally forming or developing
2026-07-29,07:00:00,Johor,Muar,2.05,102.56,25.1,92,0.0,6.4,2,State of sky on the whole unchanged
2026-07-29,07:00:00,Kedah,Alor Setar,6.1167,100.3667,24.1,97,0.7,8.7,53,"Drizzle, not freezing, continuous 	moderate at time of observation"
2026-07-29,07:00:00,Sarawak,Kuching,1.5397,110.3542,23.5,99,0.3,5.9,51,"Drizzle, not freezing, continuous 	slight at time of observation"
2026-07-29,07:00:00,Sarawak,Miri,4.4028,113.9933,24.3,95,0.0,7.6,3,Clouds generally forming or developing
2026-07-29,07:00:00,Perlis,Kangar,6.4333,100.2,24.5,95,0.4,7.1,53,"Drizzle, not freezing, continuous 	moderate at time of observation"
2026-07-29,06:00:00,Perlis,Kangar,6.4333,100.2,24.4,95,0.0,7.6,53,"Drizzle, not freezing, continuous 	moderate at time of observation"
2026-07-29,06:00:00,Johor,Johor Bahru,1.4556,103.7611,25.1,94,0.0,5.5,3,Clouds generally forming or developing
2026-07-29,06:00:00,Johor,Kluang,2.0336,103.3194,24.1,97,0.0,7.9,2,State of sky on the whole unchanged
2026-07-29,06:00:00,Perak,Teluk Intan,4.0259,101.0213,25.6,93,0.0,6.3,3,Clouds generally forming or developing
2026-07-29,06:00:00,Melaka,Melaka,2.1889,102.2511,25.4,92,0.0,10.3,2,State of sky on the whole unchanged
2026-07-29,06:00:00,Sarawak,Miri,4.4028,113.9933,23.9,96,0.0,9.1,3,Clouds generally forming or developing
2026-07-29,06:00:00,Selangor,Shah Alam,3.0833,101.5333,25.9,88,0.0,9.3,2,State of sky on the whole unchanged
2026-07-29,06:00:00,Perak,Taiping,4.85,100.7333,25.3,96,0.0,2.6,3,Clouds generally forming or developing
2026-07-29,06:00:00,Terengganu,Kuala Terengganu,5.3303,103.1408,24.5,98,1.0,2.5,55,"Drizzle, not freezing, continuous heavy (dense) at time of observation"
2026-07-29,06:00:00,Pahang,Kuantan,3.8167,103.3333,25.0,93,0.0,8.8,3,Clouds generally forming or developing
2026-07-29,06:00:00,Sarawak,Bintulu,3.17,113.03,24.2,92,0.0,7.0,2,State of sky on the whole unchanged
2026-07-29,06:00:00,Selangor,Petaling Jaya,3.1073,101.6067,24.7,95,0.0,5.1,2,State of sky on the whole unchanged
2026-07-29,06:00:00,Pahang,Raub,3.7931,101.8569,23.1,98,0.1,5.5,51,"Drizzle, not freezing, continuous 	slight at time of observation"
2026-07-29,06:00:00,Pulau Pinang,Bukit Mertajam,5.3631,100.4667,25.9,87,0.0,7.0,3,Clouds generally forming or developing
2026-07-29,06:00:00,Kelantan,Kota Bharu,6.1333,102.25,24.6,98,0.1,8.5,51,"Drizzle, not freezing, continuous 	slight at time of observation"
2026-07-29,06:00:00,Johor,Muar,2.05,102.56,25.2,91,0.0,6.9,3,Clouds generally forming or developing
2026-07-29,06:00:00,Pulau Pinang,George Town,5.4145,100.3292,25.6,96,0.0,5.0,3,Clouds generally forming or developing
2026-07-29,06:00:00,Terengganu,Cukai,4.2332,103.4479,26.1,94,0.0,10.1,3,Clouds generally forming or developing
2026-07-29,06:00:00,Negeri Sembilan,Seremban,2.7297,101.9381,25.3,89,0.0,7.7,3,Clouds generally forming or developing
2026-07-29,06:00:00,Johor,Batu Pahat,1.85,102.93,24.7,93,0.0,7.0,3,Clouds generally forming or developing
2026-07-29,06:00:00,Sabah,Sandakan,5.8388,118.1173,24.6,96,0.0,8.7,3,Clouds generally forming or developing
2026-07-29,06:00:00,Selangor,Klang,3.0333,101.45,25.9,87,0.0,10.2,2,State of sky on the whole unchanged
2026-07-29,06:00:00,Kedah,Alor Setar,6.1167,100.3667,23.9,97,0.3,5.9,53,"Drizzle, not freezing, continuous 	moderate at time of observation"
2026-07-29,06:00:00,Perak,Ipoh,4.6,101.07,24.8,95,0.0,0.8,3,Clouds generally forming or developing
2026-07-29,06:00:00,Sabah,Lahad Datu,5.03,118.34,23.8,98,0.0,1.9,3,Clouds generally forming or developing
2026-07-29,06:00:00,Putrajaya,Putrajaya,2.93,101.69,25.5,90,0.0,9.1,2,State of sky on the whole unchanged
2026-07-29,06:00:00,Sabah,Kota Kinabalu,5.975,116.0725,24.3,77,0.0,2.0,3,Clouds generally forming or developing
2026-07-29,06:00:00,Sarawak,Sibu,2.3,111.8167,23.8,97,0.0,6.1,3,Clouds generally forming or developing
2026-07-29,06:00:00,Sabah,Tawau,4.2448,117.8911,24.4,95,0.0,11.4,2,State of sky on the whole unchanged
2026-07-29,06:00:00,Sarawak,Kuching,1.5397,110.3542,23.6,99,0.2,5.9,51,"Drizzle, not freezing, continuous 	slight at time of observation"
2026-07-29,06:00:00,Pulau Pinang,Butterworth,5.3992,100.3639,26.0,87,0.0,7.0,3,Clouds generally forming or developing
2026-07-29,06:00:00,Pahang,Kuala Lipis,4.184,102.042,23.6,99,0.1,6.0,51,"Drizzle, not freezing, continuous 	slight at time of observation"
2026-07-29,06:00:00,Kuala Lumpur,Kuala Lumpur,3.1478,101.6953,24.1,97,0.0,2.7,2,State of sky on the whole unchanged
2026-07-29,05:00:00,Sabah,Lahad Datu,5.03,118.34,23.8,99,0.0,2.8,2,State of sky on the whole unchanged
2026-07-29,05:00:00,Sabah,Sandakan,5.8388,118.1173,24.9,96,0.0,10.2,2,State of sky on the whole unchanged
2026-07-29,05:00:00,Johor,Johor Bahru,1.4556,103.7611,25.1,94,0.0,4.2,2,State of sky on the whole unchanged
2026-07-29,05:00:00,Sabah,Tawau,4.2448,117.8911,24.3,94,0.0,12.4,1,Clouds generally dissolving or becoming less developed
2026-07-29,05:00:00,Selangor,Klang,3.0333,101.45,26.1,87,0.0,10.5,3,Clouds generally forming or developing
2026-07-29,05:00:00,Pahang,Kuantan,3.8167,103.3333,25.3,92,0.0,7.8,3,Clouds generally forming or developing
2026-07-29,05:00:00,Perlis,Kangar,6.4333,100.2,23.9,96,0.3,8.8,51,"Drizzle, not freezing, continuous 	slight at time of observation"
2026-07-29,05:00:00,Pulau Pinang,George Town,5.4145,100.3292,25.8,93,0.0,2.3,3,Clouds generally forming or developing
2026-07-29,05:00:00,Perak,Ipoh,4.6,101.07,25.1,94,0.0,1.3,3,Clouds generally forming or developing
2026-07-29,05:00:00,Kuala Lumpur,Kuala Lumpur,3.1478,101.6953,24.3,96,0.0,1.8,3,Clouds generally forming or developing
2026-07-29,05:00:00,Selangor,Petaling Jaya,3.1073,101.6067,24.9,95,0.0,3.9,3,Clouds generally forming or developing
2026-07-29,05:00:00,Pulau Pinang,Butterworth,5.3992,100.3639,26.1,88,0.0,7.0,3,Clouds generally forming or developing
2026-07-29,05:00:00,Pahang,Raub,3.7931,101.8569,23.7,97,0.1,5.8,51,"Drizzle, not freezing, continuous 	slight at time of observation"
2026-07-29,05:00:00,Pahang,Kuala Lipis,4.184,102.042,23.2,98,0.5,6.2,81,"Rain shower(s), moderate or heavy"
2026-07-29,05:00:00,Terengganu,Kuala Terengganu,5.3303,103.1408,24.0,99,0.7,5.8,81,"Rain shower(s), moderate or heavy"
2026-07-29,05:00:00,Sarawak,Bintulu,3.17,113.03,24.3,91,0.0,7.1,3,Clouds generally forming or developing
2026-07-29,05:00:00,Johor,Muar,2.05,102.56,25.3,91,0.0,9.0,3,Clouds generally forming or developing
2026-07-29,05:00:00,Sarawak,Miri,4.4028,113.9933,23.9,96,0.0,8.2,3,Clouds generally forming or developing
2026-07-29,05:00:00,Johor,Batu Pahat,1.85,102.93,24.6,94,0.0,7.6,3,Clouds generally forming or developing
2026-07-29,05:00:00,Melaka,Melaka,2.1889,102.2511,25.7,91,0.0,7.1,3,Clouds generally forming or developing
2026-07-29,05:00:00,Kelantan,Kota Bharu,6.1333,102.25,25.4,97,0.0,6.2,51,"Drizzle, not freezing, continuous 	slight at time of observation"
2026-07-29,05:00:00,Sarawak,Kuching,1.5397,110.3542,23.9,99,0.0,8.9,3,Clouds generally forming or developing
2026-07-29,05:00:00,Perak,Taiping,4.85,100.7333,25.6,96,0.0,2.4,3,Clouds generally forming or developing
2026-07-29,05:00:00,Sabah,Kota Kinabalu,5.975,116.0725,24.0,80,0.0,2.7,3,Clouds generally forming or developing
2026-07-29,05:00:00,Kedah,Alor Setar,6.1167,100.3667,24.0,96,0.2,5.0,51,"Drizzle, not freezing, continuous 	slight at time of observation"
2026-07-29,05:00:00,Johor,Kluang,2.0336,103.3194,24.2,96,0.0,6.8,3,Clouds generally forming or developing
2026-07-29,05:00:00,Perak,Teluk Intan,4.0259,101.0213,25.9,94,0.0,4.9,3,Clouds generally forming or developing
2026-07-29,05:00:00,Putrajaya,Putrajaya,2.93,101.69,25.7,90,0.0,9.9,3,Clouds generally forming or developing
2026-07-29,05:00:00,Selangor,Shah Alam,3.0833,101.5333,26.0,88,0.0,9.7,3,Clouds generally forming or developing
2026-07-29,05:00:00,Negeri Sembilan,Seremban,2.7297,101.9381,25.3,90,0.0,7.7,3,Clouds generally forming or developing
2026-07-29,05:00:00,Terengganu,Cukai,4.2332,103.4479,26.8,90,0.0,10.1,3,Clouds generally forming or developing
2026-07-29,05:00:00,Sarawak,Sibu,2.3,111.8167,23.8,97,0.0,8.0,3,Clouds generally forming or developing
2026-07-29,05:00:00,Pulau Pinang,Bukit Mertajam,5.3631,100.4667,26.1,88,0.0,7.0,3,Clouds generally forming or developing
2026-07-29,04:00:00,Sarawak,Bintulu,3.17,113.03,24.0,92,0.0,7.2,3,Clouds generally forming or developing
2026-07-29,04:00:00,Kedah,Alor Setar,6.1167,100.3667,24.1,95,0.0,8.3,3,Clouds generally forming or developing
2026-07-29,04:00:00,Selangor,Klang,3.0333,101.45,26.3,86,0.0,9.7,2,State of sky on the whole unchanged
2026-07-29,04:00:00,Sarawak,Kuching,1.5397,110.3542,24.2,98,0.0,5.3,3,Clouds generally forming or developing
2026-07-29,04:00:00,Pulau Pinang,George Town,5.4145,100.3292,25.4,93,0.3,4.0,51,"Drizzle, not freezing, continuous 	slight at time of observation"
2026-07-29,04:00:00,Pahang,Kuala Lipis,4.184,102.042,25.7,91,0.0,0.5,3,Clouds generally forming or developing
2026-07-29,04:00:00,Sabah,Sandakan,5.8388,118.1173,25.1,96,0.0,9.6,2,State of sky on the whole unchanged
2026-07-29,04:00:00,Johor,Batu Pahat,1.85,102.93,25.0,93,0.0,6.8,3,Clouds generally forming or developing
2026-07-29,04:00:00,Sabah,Kota Kinabalu,5.975,116.0725,23.9,83,0.0,5.3,3,Clouds generally forming or developing
2026-07-29,04:00:00,Johor,Muar,2.05,102.56,25.6,91,0.0,8.3,3,Clouds generally forming or developing
2026-07-29,04:00:00,Perak,Ipoh,4.6,101.07,25.3,94,0.0,1.5,3,Clouds generally forming or developing
2026-07-29,04:00:00,Johor,Kluang,2.0336,103.3194,24.4,95,0.0,7.3,3,Clouds generally forming or developing
2026-07-29,04:00:00,Negeri Sembilan,Seremban,2.7297,101.9381,25.7,90,0.0,8.2,3,Clouds generally forming or developing
2026-07-29,04:00:00,Melaka,Melaka,2.1889,102.2511,25.9,91,0.0,9.6,3,Clouds generally forming or developing
2026-07-29,04:00:00,Perlis,Kangar,6.4333,100.2,23.9,96,0.4,8.6,53,"Drizzle, not freezing, continuous 	moderate at time of observation"
2026-07-29,04:00:00,Pulau Pinang,Butterworth,5.3992,100.3639,26.7,86,0.3,5.6,51,"Drizzle, not freezing, continuous 	slight at time of observation"
2026-07-29,04:00:00,Sarawak,Miri,4.4028,113.9933,24.1,96,0.0,9.0,3,Clouds generally forming or developing
2026-07-29,04:00:00,Sarawak,Sibu,2.3,111.8167,23.9,97,0.0,7.9,3,Clouds generally forming or developing
2026-07-29,04:00:00,Putrajaya,Putrajaya,2.93,101.69,25.7,90,0.0,10.4,3,Clouds generally forming or developing
2026-07-29,04:00:00,Selangor,Shah Alam,3.0833,101.5333,26.3,87,0.0,8.6,3,Clouds generally forming or developing
2026-07-29,04:00:00,Perak,Teluk Intan,4.0259,101.0213,25.9,94,0.0,3.3,3,Clouds generally forming or developing
2026-07-29,04:00:00,Perak,Taiping,4.85,100.7333,25.7,96,0.0,2.2,3,Clouds generally forming or developing
2026-07-29,04:00:00,Pahang,Kuantan,3.8167,103.3333,26.0,90,0.0,8.1,3,Clouds generally forming or developing
2026-07-29,04:00:00,Kuala Lumpur,Kuala Lumpur,3.1478,101.6953,24.6,96,0.0,1.5,3,Clouds generally forming or developing
2026-07-29,04:00:00,Sabah,Lahad Datu,5.03,118.34,23.8,99,0.2,5.2,51,"Drizzle, not freezing, continuous 	slight at time of observation"
2026-07-29,04:00:00,Johor,Johor Bahru,1.4556,103.7611,25.1,94,0.0,5.4,3,Clouds generally forming or developing
2026-07-29,04:00:00,Terengganu,Cukai,4.2332,103.4479,27.0,88,0.0,10.6,3,Clouds generally forming or developing
2026-07-29,04:00:00,Selangor,Petaling Jaya,3.1073,101.6067,25.2,93,0.0,3.1,3,Clouds generally forming or developing
2026-07-29,04:00:00,Pulau Pinang,Bukit Mertajam,5.3631,100.4667,26.7,86,0.3,5.6,51,"Drizzle, not freezing, continuous 	slight at time of observation"
2026-07-29,04:00:00,Kelantan,Kota Bharu,6.1333,102.25,26.2,92,0.0,1.5,3,Clouds generally forming or developing
2026-07-29,04:00:00,Pahang,Raub,3.7931,101.8569,23.8,96,0.2,4.9,51,"Drizzle, not freezing, continuous 	slight at time of observation"
2026-07-29,04:00:00,Sabah,Tawau,4.2448,117.8911,24.3,94,0.0,13.0,1,Clouds generally dissolving or becoming less developed
2026-07-29,04:00:00,Terengganu,Kuala Terengganu,5.3303,103.1408,26.4,89,0.0,6.4,3,Clouds generally forming or developing
2026-07-29,03:00:00,Negeri Sembilan,Seremban,2.7297,101.9381,25.9,89,0.0,9.8,3,Clouds generally forming or developing
2026-07-29,03:00:00,Perak,Taiping,4.85,100.7333,25.9,97,0.0,2.3,3,Clouds generally forming or developing
2026-07-29,03:00:00,Pulau Pinang,Bukit Mertajam,5.3631,100.4667,27.3,86,0.0,8.1,3,Clouds generally forming or developing
2026-07-29,03:00:00,Sabah,Sandakan,5.8388,118.1173,25.3,96,0.2,8.5,51,"Drizzle, not freezing, continuous 	slight at time of observation"
2026-07-29,03:00:00,Selangor,Klang,3.0333,101.45,26.6,88,0.0,8.0,3,Clouds generally forming or developing
2026-07-29,03:00:00,Sarawak,Kuching,1.5397,110.3542,24.3,97,0.0,3.2,3,Clouds generally forming or developing
2026-07-29,03:00:00,Sarawak,Miri,4.4028,113.9933,24.3,94,0.0,10.5,3,Clouds generally forming or developing
2026-07-29,03:00:00,Kuala Lumpur,Kuala Lumpur,3.1478,101.6953,25.0,94,0.0,2.3,3,Clouds generally forming or developing
2026-07-29,03:00:00,Terengganu,Kuala Terengganu,5.3303,103.1408,26.6,91,0.0,6.3,3,Clouds generally forming or developing
2026-07-29,03:00:00,Sarawak,Sibu,2.3,111.8167,23.9,97,0.0,3.1,3,Clouds generally forming or developing
2026-07-29,03:00:00,Johor,Muar,2.05,102.56,26.3,89,0.0,7.6,3,Clouds generally forming or developing
2026-07-29,03:00:00,Johor,Batu Pahat,1.85,102.93,25.1,93,0.0,7.1,3,Clouds generally forming or developing
2026-07-29,03:00:00,Melaka,Melaka,2.1889,102.2511,26.4,90,0.0,9.4,3,Clouds generally forming or developing
2026-07-29,03:00:00,Kedah,Alor Setar,6.1167,100.3667,24.1,94,0.2,5.5,51,"Drizzle, not freezing, continuous 	slight at time of observation"
2026-07-29,03:00:00,Sabah,Lahad Datu,5.03,118.34,24.0,99,0.4,4.3,51,"Drizzle, not freezing, continuous 	slight at time of observation"
2026-07-29,03:00:00,Kelantan,Kota Bharu,6.1333,102.25,26.3,90,0.0,8.9,3,Clouds generally forming or developing
2026-07-29,03:00:00,Sabah,Tawau,4.2448,117.8911,24.4,92,0.0,11.4,1,Clouds generally dissolving or becoming less developed
2026-07-29,03:00:00,Pahang,Raub,3.7931,101.8569,24.1,94,0.1,4.8,51,"Drizzle, not freezing, continuous 	slight at time of observation"
2026-07-29,03:00:00,Terengganu,Cukai,4.2332,103.4479,27.1,85,0.0,12.2,3,Clouds generally forming or developing
2026-07-29,03:00:00,Johor,Kluang,2.0336,103.3194,24.6,94,0.0,7.9,3,Clouds generally forming or developing
2026-07-29,03:00:00,Selangor,Petaling Jaya,3.1073,101.6067,25.6,92,0.0,3.1,3,Clouds generally forming or developing
2026-07-29,03:00:00,Perak,Teluk Intan,4.0259,101.0213,26.3,93,0.0,4.1,3,Clouds generally forming or developing
2026-07-29,03:00:00,Sarawak,Bintulu,3.17,113.03,24.0,92,0.0,7.1,3,Clouds generally forming or developing
2026-07-29,03:00:00,Pahang,Kuantan,3.8167,103.3333,26.4,88,0.0,8.8,3,Clouds generally forming or developing
2026-07-29,03:00:00,Johor,Johor Bahru,1.4556,103.7611,25.2,94,0.0,5.1,3,Clouds generally forming or developing
2026-07-29,03:00:00,Pahang,Kuala Lipis,4.184,102.042,25.7,90,0.0,1.7,3,Clouds generally forming or developing
2026-07-29,03:00:00,Putrajaya,Putrajaya,2.93,101.69,26.1,88,0.0,9.2,3,Clouds generally forming or developing
2026-07-29,03:00:00,Sabah,Kota Kinabalu,5.975,116.0725,24.2,82,0.0,5.6,3,Clouds generally forming or developing
2026-07-29,03:00:00,Pulau Pinang,Butterworth,5.3992,100.3639,27.3,86,0.0,8.1,3,Clouds generally forming or developing
2026-07-29,03:00:00,Selangor,Shah Alam,3.0833,101.5333,26.7,87,0.0,7.1,3,Clouds generally forming or developing
2026-07-29,03:00:00,Pulau Pinang,George Town,5.4145,100.3292,25.8,88,0.2,13.5,53,"Drizzle, not freezing, continuous 	moderate at time of observation"
2026-07-29,03:00:00,Perak,Ipoh,4.6,101.07,25.7,93,0.0,0.7,3,Clouds generally forming or developing
2026-07-29,03:00:00,Perlis,Kangar,6.4333,100.2,24.0,96,0.0,7.3,3,Clouds generally forming or developing
2026-07-29,02:00:00,Perak,Teluk Intan,4.0259,101.0213,26.7,92,0.0,4.9,3,Clouds generally forming or developing
2026-07-29,02:00:00,Putrajaya,Putrajaya,2.93,101.69,26.7,87,0.0,8.3,3,Clouds generally forming or developing
2026-07-29,02:00:00,Perak,Taiping,4.85,100.7333,26.1,97,0.0,2.7,3,Clouds generally forming or developing
2026-07-29,02:00:00,Johor,Kluang,2.0336,103.3194,24.8,94,0.0,9.2,3,Clouds generally forming or developing
2026-07-29,02:00:00,Sabah,Lahad Datu,5.03,118.34,24.1,97,0.8,5.1,81,"Rain shower(s), moderate or heavy"
2026-07-29,02:00:00,Pulau Pinang,Bukit Mertajam,5.3631,100.4667,27.8,82,0.0,4.1,3,Clouds generally forming or developing
2026-07-29,02:00:00,Pahang,Kuala Lipis,4.184,102.042,26.2,88,0.0,2.2,3,Clouds generally forming or developing
2026-07-29,02:00:00,Sarawak,Sibu,2.3,111.8167,23.8,98,0.0,9.2,2,State of sky on the whole unchanged
2026-07-29,02:00:00,Johor,Muar,2.05,102.56,26.8,87,0.0,8.0,3,Clouds generally forming or developing
2026-07-29,02:00:00,Perlis,Kangar,6.4333,100.2,24.2,95,0.6,6.8,53,"Drizzle, not freezing, continuous 	moderate at time of observation"
2026-07-29,02:00:00,Johor,Batu Pahat,1.85,102.93,25.4,93,0.0,6.4,3,Clouds generally forming or developing
2026-07-29,02:00:00,Kedah,Alor Setar,6.1167,100.3667,24.5,88,1.4,1.4,80,"Rain shower(s), slight"
2026-07-29,02:00:00,Selangor,Shah Alam,3.0833,101.5333,27.0,88,0.0,6.4,3,Clouds generally forming or developing
2026-07-29,02:00:00,Pahang,Raub,3.7931,101.8569,24.7,91,0.0,3.4,2,State of sky on the whole unchanged
2026-07-29,02:00:00,Melaka,Melaka,2.1889,102.2511,27.1,86,0.0,11.8,3,Clouds generally forming or developing
2026-07-29,02:00:00,Sabah,Sandakan,5.8388,118.1173,25.3,96,0.1,5.4,51,"Drizzle, not freezing, continuous 	slight at time of observation"
2026-07-29,02:00:00,Negeri Sembilan,Seremban,2.7297,101.9381,26.2,86,0.0,8.6,3,Clouds generally forming or developing
2026-07-29,02:00:00,Sarawak,Kuching,1.5397,110.3542,24.4,96,0.0,4.0,3,Clouds generally forming or developing
2026-07-29,02:00:00,Perak,Ipoh,4.6,101.07,26.1,91,0.0,0.6,3,Clouds generally forming or developing
2026-07-29,02:00:00,Selangor,Klang,3.0333,101.45,26.9,90,0.0,6.8,3,Clouds generally forming or developing
2026-07-29,02:00:00,Sarawak,Miri,4.4028,113.9933,24.6,94,0.2,7.8,51,"Drizzle, not freezing, continuous 	slight at time of observation"
2026-07-29,02:00:00,Pulau Pinang,Butterworth,5.3992,100.3639,27.9,82,0.0,4.1,3,Clouds generally forming or developing
2026-07-29,02:00:00,Sabah,Kota Kinabalu,5.975,116.0725,25.1,78,0.0,8.2,3,Clouds generally forming or developing
2026-07-29,02:00:00,Pulau Pinang,George Town,5.4145,100.3292,28.2,87,0.0,1.1,3,Clouds generally forming or developing
2026-07-29,02:00:00,Selangor,Petaling Jaya,3.1073,101.6067,26.2,90,0.0,3.2,3,Clouds generally forming or developing
2026-07-29,02:00:00,Terengganu,Cukai,4.2332,103.4479,27.2,82,0.0,15.2,51,"Drizzle, not freezing, continuous 	slight at time of observation"
2026-07-29,02:00:00,Terengganu,Kuala Terengganu,5.3303,103.1408,26.8,90,0.0,6.1,3,Clouds generally forming or developing
2026-07-29,02:00:00,Kelantan,Kota Bharu,6.1333,102.25,26.0,92,0.7,10.9,53,"Drizzle, not freezing, continuous 	moderate at time of observation"
2026-07-29,02:00:00,Johor,Johor Bahru,1.4556,103.7611,25.5,93,0.0,5.1,3,Clouds generally forming or developing
2026-07-29,02:00:00,Kuala Lumpur,Kuala Lumpur,3.1478,101.6953,25.8,92,0.0,2.4,3,Clouds generally forming or developing
2026-07-29,02:00:00,Sabah,Tawau,4.2448,117.8911,25.4,86,0.2,11.1,53,"Drizzle, not freezing, continuous 	moderate at time of observation"
2026-07-29,02:00:00,Sarawak,Bintulu,3.17,113.03,25.0,89,0.1,8.9,51,"Drizzle, not freezing, continuous 	slight at time of observation"
2026-07-29,02:00:00,Pahang,Kuantan,3.8167,103.3333,26.7,85,0.0,10.6,3,Clouds generally forming or developing
2026-07-29,01:00:00,Pulau Pinang,Butterworth,5.3992,100.3639,28.0,80,0.0,5.0,3,Clouds generally forming or developing
2026-07-29,01:00:00,Perak,Ipoh,4.6,101.07,25.9,92,0.0,3.1,3,Clouds generally forming or developing
2026-07-29,01:00:00,Putrajaya,Putrajaya,2.93,101.69,26.2,92,0.0,4.3,3,Clouds generally forming or developing
2026-07-29,01:00:00,Sabah,Tawau,4.2448,117.8911,25.5,86,0.1,8.5,51,"Drizzle, not freezing, continuous 	slight at time of observation"
2026-07-29,01:00:00,Johor,Batu Pahat,1.85,102.93,25.4,90,0.0,6.2,3,Clouds generally forming or developing
2026-07-29,01:00:00,Kedah,Alor Setar,6.1167,100.3667,24.5,92,0.0,18.8,80,"Rain shower(s), slight"
2026-07-29,01:00:00,Sarawak,Sibu,2.3,111.8167,23.8,98,0.0,8.1,1,Clouds generally dissolving or becoming less developed
2026-07-29,01:00:00,Terengganu,Cukai,4.2332,103.4479,27.4,83,0.0,13.3,3,Clouds generally forming or developing
2026-07-29,01:00:00,Johor,Johor Bahru,1.4556,103.7611,25.5,91,0.0,4.2,3,Clouds generally forming or developing
2026-07-29,01:00:00,Perak,Teluk Intan,4.0259,101.0213,26.5,93,0.0,3.2,3,Clouds generally forming or developing
2026-07-29,01:00:00,Pulau Pinang,George Town,5.4145,100.3292,28.1,84,0.0,0.9,3,Clouds generally forming or developing
2026-07-29,01:00:00,Pahang,Kuala Lipis,4.184,102.042,25.8,88,0.0,4.5,3,Clouds generally forming or developing
2026-07-29,01:00:00,Pahang,Raub,3.7931,101.8569,24.2,92,0.0,3.9,3,Clouds generally forming or developing
2026-07-29,01:00:00,Selangor,Petaling Jaya,3.1073,101.6067,25.8,89,0.0,2.9,3,Clouds generally forming or developing
2026-07-29,01:00:00,Pahang,Kuantan,3.8167,103.3333,26.3,89,0.0,7.7,3,Clouds generally forming or developing
2026-07-29,01:00:00,Johor,Kluang,2.0336,103.3194,24.7,94,0.0,6.9,3,Clouds generally forming or developing
2026-07-29,01:00:00,Melaka,Melaka,2.1889,102.2511,26.6,86,0.0,11.6,3,Clouds generally forming or developing
2026-07-29,01:00:00,Sabah,Kota Kinabalu,5.975,116.0725,25.6,76,0.1,8.1,51,"Drizzle, not freezing, continuous 	slight at time of observation"
2026-07-29,01:00:00,Negeri Sembilan,Seremban,2.7297,101.9381,26.0,87,0.0,5.1,3,Clouds generally forming or developing
2026-07-29,01:00:00,Kelantan,Kota Bharu,6.1333,102.25,24.8,96,0.6,7.7,80,"Rain shower(s), slight"
2026-07-29,01:00:00,Sabah,Lahad Datu,5.03,118.34,25.6,91,0.0,2.8,3,Clouds generally forming or developing
2026-07-29,01:00:00,Perak,Taiping,4.85,100.7333,26.2,95,0.0,4.9,3,Clouds generally forming or developing
2026-07-29,01:00:00,Selangor,Shah Alam,3.0833,101.5333,26.6,89,0.0,4.3,3,Clouds generally forming or developing
2026-07-29,01:00:00,Kuala Lumpur,Kuala Lumpur,3.1478,101.6953,25.2,93,0.0,2.3,3,Clouds generally forming or developing
2026-07-29,01:00:00,Sabah,Sandakan,5.8388,118.1173,26.5,92,0.3,2.2,51,"Drizzle, not freezing, continuous 	slight at time of observation"
2026-07-29,01:00:00,Sarawak,Miri,4.4028,113.9933,25.0,91,0.5,3.5,53,"Drizzle, not freezing, continuous 	moderate at time of observation"
2026-07-29,01:00:00,Terengganu,Kuala Terengganu,5.3303,103.1408,26.2,91,0.0,6.2,3,Clouds generally forming or developing
2026-07-29,01:00:00,Perlis,Kangar,6.4333,100.2,24.5,94,0.2,2.5,55,"Drizzle, not freezing, continuous heavy (dense) at time of observation"
2026-07-29,01:00:00,Pulau Pinang,Bukit Mertajam,5.3631,100.4667,28.0,80,0.0,5.0,3,Clouds generally forming or developing
2026-07-29,01:00:00,Sarawak,Bintulu,3.17,113.03,25.5,86,0.1,12.9,51,"Drizzle, not freezing, continuous 	slight at time of observation"
2026-07-29,01:00:00,Selangor,Klang,3.0333,101.45,26.3,92,0.0,5.5,3,Clouds generally forming or developing
2026-07-29,01:00:00,Sarawak,Kuching,1.5397,110.3542,24.5,96,0.0,1.8,3,Clouds generally forming or developing
2026-07-29,01:00:00,Johor,Muar,2.05,102.56,26.2,86,0.0,9.9,3,Clouds generally forming or developing
2026-07-29,00:00:00,Kuala Lumpur,Kuala Lumpur,3.1478,101.6953,25.6,91,0.0,2.7,3,Clouds generally forming or developing
2026-07-29,00:00:00,Perlis,Kangar,6.4333,100.2,27.1,80,0.0,10.1,3,Clouds generally forming or developing
2026-07-29,00:00:00,Pahang,Kuantan,3.8167,103.3333,26.2,89,0.0,7.6,3,Clouds generally forming or developing
2026-07-29,00:00:00,Johor,Batu Pahat,1.85,102.93,25.6,89,0.0,7.9,3,Clouds generally forming or developing
2026-07-29,00:00:00,Sarawak,Miri,4.4028,113.9933,25.4,87,0.0,6.8,3,Clouds generally forming or developing
2026-07-29,00:00:00,Sabah,Tawau,4.2448,117.8911,26.1,86,0.0,5.8,2,State of sky on the whole unchanged
2026-07-29,00:00:00,Sarawak,Bintulu,3.17,113.03,28.4,74,0.0,8.6,2,State of sky on the whole unchanged
2026-07-29,00:00:00,Perak,Teluk Intan,4.0259,101.0213,26.5,93,0.0,1.8,3,Clouds generally forming or developing
2026-07-29,00:00:00,Johor,Johor Bahru,1.4556,103.7611,25.5,92,0.0,5.3,3,Clouds generally forming or developing
2026-07-29,00:00:00,Sabah,Sandakan,5.8388,118.1173,26.5,92,0.0,4.1,53,"Drizzle, not freezing, continuous 	moderate at time of observation"
2026-07-29,00:00:00,Perak,Taiping,4.85,100.7333,26.3,95,0.0,2.6,3,Clouds generally forming or developing
2026-07-29,00:00:00,Selangor,Shah Alam,3.0833,101.5333,26.7,88,0.0,4.4,3,Clouds generally forming or developing
2026-07-29,00:00:00,Sabah,Kota Kinabalu,5.975,116.0725,26.1,75,0.3,4.7,51,"Drizzle, not freezing, continuous 	slight at time of observation"
2026-07-29,00:00:00,Putrajaya,Putrajaya,2.93,101.69,26.5,91,0.0,4.9,3,Clouds generally forming or developing
2026-07-29,00:00:00,Kelantan,Kota Bharu,6.1333,102.25,27.0,90,0.0,7.9,3,Clouds generally forming or developing
2026-07-29,00:00:00,Pulau Pinang,Butterworth,5.3992,100.3639,28.5,78,0.0,4.4,3,Clouds generally forming or developing
2026-07-29,00:00:00,Terengganu,Cukai,4.2332,103.4479,27.1,88,0.0,9.8,3,Clouds generally forming or developing
2026-07-29,00:00:00,Pahang,Kuala Lipis,4.184,102.042,26.1,85,0.0,5.5,3,Clouds generally forming or developing
2026-07-29,00:00:00,Negeri Sembilan,Seremban,2.7297,101.9381,26.7,85,0.0,7.2,3,Clouds generally forming or developing
2026-07-29,00:00:00,Sarawak,Kuching,1.5397,110.3542,25.0,93,0.0,1.0,2,State of sky on the whole unchanged
2026-07-29,00:00:00,Pulau Pinang,George Town,5.4145,100.3292,28.2,83,0.0,1.3,3,Clouds generally forming or developing
2026-07-29,00:00:00,Selangor,Klang,3.0333,101.45,26.5,91,0.0,5.2,3,Clouds generally forming or developing
2026-07-29,00:00:00,Sarawak,Sibu,2.3,111.8167,24.1,96,0.2,11.4,53,"Drizzle, not freezing, continuous 	moderate at time of observation"
2026-07-29,00:00:00,Sabah,Lahad Datu,5.03,118.34,26.2,87,0.0,0.3,2,State of sky on the whole unchanged
2026-07-29,00:00:00,Terengganu,Kuala Terengganu,5.3303,103.1408,26.6,90,0.0,7.4,3,Clouds generally forming or developing
2026-07-29,00:00:00,Johor,Muar,2.05,102.56,26.5,85,0.0,13.4,3,Clouds generally forming or developing
2026-07-29,00:00:00,Pahang,Raub,3.7931,101.8569,24.6,92,0.0,4.1,3,Clouds generally forming or developing
2026-07-29,00:00:00,Selangor,Petaling Jaya,3.1073,101.6067,26.1,88,0.0,3.3,3,Clouds generally forming or developing
2026-07-29,00:00:00,Perak,Ipoh,4.6,101.07,26.5,90,0.0,2.7,3,Clouds generally forming or developing
2026-07-29,00:00:00,Pulau Pinang,Bukit Mertajam,5.3631,100.4667,28.5,78,0.0,4.4,3,Clouds generally forming or developing
2026-07-29,00:00:00,Melaka,Melaka,2.1889,102.2511,26.5,87,0.0,15.1,3,Clouds generally forming or developing
2026-07-29,00:00:00,Kedah,Alor Setar,6.1167,100.3667,27.9,85,0.0,4.1,3,Clouds generally forming or developing
2026-07-29,00:00:00,Johor,Kluang,2.0336,103.3194,25.0,93,0.0,9.1,2,State of sky on the whole unchanged
2026-07-29,16:00:00,Kedah,Alor Setar,6.1167,100.3667,26.3,91,0.1,8.0,51,"Drizzle, not freezing, continuous 	slight at time of observation"
2026-07-29,16:00:00,Sarawak,Miri,4.4028,113.9933,30.1,70,0.1,7.3,51,"Drizzle, not freezing, continuous 	slight at time of observation"
2026-07-29,16:00:00,Pahang,Kuantan,3.8167,103.3333,26.9,84,1.2,1.4,55,"Drizzle, not freezing, continuous heavy (dense) at time of observation"
2026-07-29,16:00:00,Perak,Taiping,4.85,100.7333,26.9,92,0.4,1.5,51,"Drizzle, not freezing, continuous 	slight at time of observation"
2026-07-29,16:00:00,Perak,Teluk Intan,4.0259,101.0213,27.0,92,0.2,2.6,53,"Drizzle, not freezing, continuous 	moderate at time of observation"
2026-07-29,16:00:00,Perlis,Kangar,6.4333,100.2,26.5,87,0.5,10.3,53,"Drizzle, not freezing, continuous 	moderate at time of observation"
2026-07-29,16:00:00,Kedah,Sungai Petani,5.65,100.48,25.0,97,0.8,2.3,53,"Drizzle, not freezing, continuous 	moderate at time of observation"
2026-07-29,16:00:00,Pulau Pinang,George Town,5.4145,100.3292,25.4,98,1.1,5.4,55,"Drizzle, not freezing, continuous heavy (dense) at time of observation"
2026-07-29,16:00:00,Sarawak,Sibu,2.3,111.8167,28.3,83,0.0,3.6,53,"Drizzle, not freezing, continuous 	moderate at time of observation"
2026-07-29,16:00:00,Kelantan,Kota Bharu,6.1333,102.25,26.6,92,1.2,5.4,80,"Rain shower(s), slight"
2026-07-29,16:00:00,Pulau Pinang,Butterworth,5.3992,100.3639,26.0,92,1.3,3.9,80,"Rain shower(s), slight"
2026-07-29,16:00:00,Selangor,Shah Alam,3.0833,101.5333,30.0,72,0.0,2.0,51,"Drizzle, not freezing, continuous 	slight at time of observation"
2026-07-29,16:00:00,Pahang,Raub,3.7931,101.8569,26.6,91,0.0,4.6,95,"Thunderstorm, slight or moderate, without hail** but with rain and/or snow at time of observation - Thunderstorm at time of observation"
2026-07-29,16:00:00,Selangor,Klang,3.0333,101.45,30.7,68,0.0,2.2,51,"Drizzle, not freezing, continuous 	slight at time of observation"
2026-07-29,16:00:00,Sabah,Tawau,4.2448,117.8911,28.8,74,0.0,7.2,3,Clouds generally forming or developing
2026-07-29,16:00:00,Perak,Ipoh,4.6,101.07,27.1,86,0.2,1.6,51,"Drizzle, not freezing, continuous 	slight at time of observation"
2026-07-29,16:00:00,Selangor,Petaling Jaya,3.1073,101.6067,28.5,74,0.2,6.7,51,"Drizzle, not freezing, continuous 	slight at time of observation"
2026-07-29,16:00:00,Sarawak,Kuching,1.5397,110.3542,26.9,89,0.4,2.0,81,"Rain shower(s), moderate or heavy"
2026-07-29,16:00:00,Johor,Johor Bahru,1.4556,103.7611,30.6,65,0.2,8.4,51,"Drizzle, not freezing, continuous 	slight at time of observation"
2026-07-29,16:00:00,Johor,Muar,2.05,102.56,31.0,64,0.1,9.8,51,"Drizzle, not freezing, continuous 	slight at time of observation"
2026-07-29,16:00:00,Sabah,Lahad Datu,5.03,118.34,29.1,72,0.0,9.9,3,Clouds generally forming or developing
2026-07-29,16:00:00,Johor,Kluang,2.0336,103.3194,27.3,88,0.3,6.9,80,"Rain shower(s), slight"
2026-07-29,16:00:00,Pulau Pinang,Bukit Mertajam,5.3631,100.4667,25.9,92,1.3,3.9,80,"Rain shower(s), slight"
2026-07-29,16:00:00,Sabah,Kota Kinabalu,5.975,116.0725,29.9,68,0.1,3.8,51,"Drizzle, not freezing, continuous 	slight at time of observation"
2026-07-29,16:00:00,Labuan,Labuan,5.2803,115.2475,30.3,65,0.0,11.0,2,State of sky on the whole unchanged
2026-07-29,16:00:00,Sabah,Sandakan,5.8388,118.1173,27.8,85,1.0,10.3,80,"Rain shower(s), slight"
2026-07-29,16:00:00,Negeri Sembilan,Seremban,2.7297,101.9381,29.2,71,0.1,0.9,51,"Drizzle, not freezing, continuous 	slight at time of observation"
2026-07-29,16:00:00,Pahang,Kuala Lipis,4.184,102.042,26.2,96,1.4,2.3,95,"Thunderstorm, slight or moderate, without hail** but with rain and/or snow at time of observation - Thunderstorm at time of observation"
2026-07-29,16:00:00,Melaka,Melaka,2.1889,102.2511,30.8,64,0.0,9.8,3,Clouds generally forming or developing
2026-07-29,16:00:00,Sarawak,Bintulu,3.17,113.03,29.8,74,0.4,6.5,51,"Drizzle, not freezing, continuous 	slight at time of observation"
2026-07-29,16:00:00,Kuala Lumpur,Kuala Lumpur,3.1478,101.6953,28.2,75,0.2,5.0,53,"Drizzle, not freezing, continuous 	moderate at time of observation"
2026-07-29,16:00:00,Johor,Batu Pahat,1.85,102.93,30.2,67,0.1,10.6,51,"Drizzle, not freezing, continuous 	slight at time of observation"
2026-07-29,16:00:00,Putrajaya,Putrajaya,2.93,101.69,29.3,71,0.0,4.9,51,"Drizzle, not freezing, continuous 	slight at time of observation"
2026-07-29,15:00:00,Kelantan,Kota Bharu,6.1333,102.25,27.4,82,0.4,10.8,80,"Rain shower(s), slight"
2026-07-29,15:00:00,Sarawak,Miri,4.4028,113.9933,30.3,69,0.2,5.5,51,"Drizzle, not freezing, continuous 	slight at time of observation"
2026-07-29,15:00:00,Perak,Taiping,4.85,100.7333,25.8,95,0.6,4.4,53,"Drizzle, not freezing, continuous 	moderate at time of observation"
2026-07-29,15:00:00,Pulau Pinang,George Town,5.4145,100.3292,25.1,98,2.0,6.1,80,"Rain shower(s), slight"
2026-07-29,15:00:00,Perak,Ipoh,4.6,101.07,25.4,94,2.0,2.7,81,"Rain shower(s), moderate or heavy"
2026-07-29,15:00:00,Kedah,Alor Setar,6.1167,100.3667,26.1,91,0.0,8.4,3,Clouds generally forming or developing
2026-07-29,15:00:00,Pahang,Kuala Lipis,4.184,102.042,28.0,79,0.0,7.0,55,"Drizzle, not freezing, continuous heavy (dense) at time of observation"
2026-07-29,15:00:00,Pulau Pinang,Bukit Mertajam,5.3631,100.4667,25.9,91,1.3,7.4,80,"Rain shower(s), slight"
2026-07-29,15:00:00,Johor,Johor Bahru,1.4556,103.7611,30.9,65,0.1,10.4,51,"Drizzle, not freezing, continuous 	slight at time of observation"
2026-07-29,15:00:00,Pahang,Raub,3.7931,101.8569,29.3,65,0.0,8.9,51,"Drizzle, not freezing, continuous 	slight at time of observation"
2026-07-29,15:00:00,Labuan,Labuan,5.2803,115.2475,30.5,64,0.0,11.5,2,State of sky on the whole unchanged
2026-07-29,15:00:00,Sarawak,Sibu,2.3,111.8167,29.8,76,0.0,4.0,51,"Drizzle, not freezing, continuous 	slight at time of observation"
2026-07-29,15:00:00,Sabah,Kota Kinabalu,5.975,116.0725,30.4,65,0.1,2.8,51,"Drizzle, not freezing, continuous 	slight at time of observation"
2026-07-29,15:00:00,Perak,Teluk Intan,4.0259,101.0213,26.5,94,0.5,4.8,53,"Drizzle, not freezing, continuous 	moderate at time of observation"
2026-07-29,15:00:00,Perlis,Kangar,6.4333,100.2,26.6,85,0.3,9.9,51,"Drizzle, not freezing, continuous 	slight at time of observation"
2026-07-29,15:00:00,Selangor,Shah Alam,3.0833,101.5333,30.1,71,0.0,7.1,3,Clouds generally forming or developing
2026-07-29,15:00:00,Pahang,Kuantan,3.8167,103.3333,26.1,79,0.9,2.1,55,"Drizzle, not freezing, continuous heavy (dense) at time of observation"
2026-07-29,15:00:00,Selangor,Petaling Jaya,3.1073,101.6067,28.6,76,0.0,6.4,53,"Drizzle, not freezing, continuous 	moderate at time of observation"
2026-07-29,15:00:00,Sarawak,Bintulu,3.17,113.03,29.9,72,0.2,6.0,51,"Drizzle, not freezing, continuous 	slight at time of observation"
2026-07-29,15:00:00,Negeri Sembilan,Seremban,2.7297,101.9381,29.1,71,0.1,4.1,51,"Drizzle, not freezing, continuous 	slight at time of observation"
2026-07-29,15:00:00,Sabah,Lahad Datu,5.03,118.34,29.1,72,0.0,13.0,0,Cloud development not observed or not observable
2026-07-29,15:00:00,Johor,Muar,2.05,102.56,31.1,65,0.0,12.8,51,"Drizzle, not freezing, continuous 	slight at time of observation"
2026-07-29,15:00:00,Putrajaya,Putrajaya,2.93,101.69,30.5,67,0.0,8.5,3,Clouds generally forming or developing
2026-07-29,15:00:00,Kuala Lumpur,Kuala Lumpur,3.1478,101.6953,27.6,78,0.3,8.4,53,"Drizzle, not freezing, continuous 	moderate at time of observation"
2026-07-29,15:00:00,Pulau Pinang,Butterworth,5.3992,100.3639,25.9,91,1.3,7.4,80,"Rain shower(s), slight"
2026-07-29,15:00:00,Sarawak,Kuching,1.5397,110.3542,30.3,69,0.1,3.1,51,"Drizzle, not freezing, continuous 	slight at time of observation"
2026-07-29,15:00:00,Selangor,Klang,3.0333,101.45,30.2,70,0.0,8.8,51,"Drizzle, not freezing, continuous 	slight at time of observation"
2026-07-29,15:00:00,Sabah,Tawau,4.2448,117.8911,29.2,74,0.1,8.1,51,"Drizzle, not freezing, continuous 	slight at time of observation"
2026-07-29,15:00:00,Melaka,Melaka,2.1889,102.2511,31.0,63,0.0,13.0,2,State of sky on the whole unchanged
2026-07-29,15:00:00,Kedah,Sungai Petani,5.65,100.48,24.9,97,1.0,3.1,55,"Drizzle, not freezing, continuous heavy (dense) at time of observation"
2026-07-29,15:00:00,Sabah,Sandakan,5.8388,118.1173,28.6,80,0.4,7.9,51,"Drizzle, not freezing, continuous 	slight at time of observation"
2026-07-29,15:00:00,Johor,Kluang,2.0336,103.3194,29.2,77,0.2,3.6,51,"Drizzle, not freezing, continuous 	slight at time of observation"
2026-07-29,15:00:00,Johor,Batu Pahat,1.85,102.93,30.6,65,0.0,12.3,51,"Drizzle, not freezing, continuous 	slight at time of observation"
2026-07-29,14:00:00,Pulau Pinang,Bukit Mertajam,5.3631,100.4667,25.0,94,2.0,6.8,61,"Rain, not freezing, continuous slight at time of observation"
2026-07-29,14:00:00,Sabah,Sandakan,5.8388,118.1173,29.3,76,0.1,14.2,51,"Drizzle, not freezing, continuous 	slight at time of observation"
2026-07-29,14:00:00,Pulau Pinang,George Town,5.4145,100.3292,24.9,99,2.2,7.3,80,"Rain shower(s), slight"
2026-07-29,14:00:00,Perak,Teluk Intan,4.0259,101.0213,25.7,94,1.7,4.9,80,"Rain shower(s), slight"
2026-07-29,14:00:00,Negeri Sembilan,Seremban,2.7297,101.9381,30.3,68,0.0,9.4,51,"Drizzle, not freezing, continuous 	slight at time of observation"
2026-07-29,14:00:00,Sabah,Kota Kinabalu,5.975,116.0725,30.5,65,0.4,3.3,51,"Drizzle, not freezing, continuous 	slight at time of observation"
2026-07-29,14:00:00,Pahang,Raub,3.7931,101.8569,32.1,53,0.0,5.2,3,Clouds generally forming or developing
2026-07-29,14:00:00,Pahang,Kuala Lipis,4.184,102.042,31.3,61,0.0,2.7,3,Clouds generally forming or developing
2026-07-29,14:00:00,Kuala Lumpur,Kuala Lumpur,3.1478,101.6953,29.0,75,0.3,4.4,51,"Drizzle, not freezing, continuous 	slight at time of observation"
2026-07-29,14:00:00,Selangor,Klang,3.0333,101.45,29.8,71,0.3,6.8,51,"Drizzle, not freezing, continuous 	slight at time of observation"
2026-07-29,14:00:00,Selangor,Petaling Jaya,3.1073,101.6067,29.4,74,0.2,2.5,51,"Drizzle, not freezing, continuous 	slight at time of observation"
2026-07-29,14:00:00,Putrajaya,Putrajaya,2.93,101.69,30.0,72,0.1,8.9,51,"Drizzle, not freezing, continuous 	slight at time of observation"
2026-07-29,14:00:00,Pahang,Kuantan,3.8167,103.3333,27.8,73,0.0,15.8,51,"Drizzle, not freezing, continuous 	slight at time of observation"
2026-07-29,14:00:00,Johor,Kluang,2.0336,103.3194,31.3,65,0.0,9.3,3,Clouds generally forming or developing
2026-07-29,14:00:00,Selangor,Shah Alam,3.0833,101.5333,29.6,73,0.2,5.1,51,"Drizzle, not freezing, continuous 	slight at time of observation"
2026-07-29,14:00:00,Sarawak,Bintulu,3.17,113.03,31.2,62,0.2,5.1,51,"Drizzle, not freezing, continuous 	slight at time of observation"
2026-07-29,14:00:00,Johor,Muar,2.05,102.56,31.2,64,0.0,11.5,3,Clouds generally forming or developing
2026-07-29,14:00:00,Kelantan,Kota Bharu,6.1333,102.25,29.8,65,0.1,10.6,51,"Drizzle, not freezing, continuous 	slight at time of observation"
2026-07-29,14:00:00,Johor,Johor Bahru,1.4556,103.7611,29.9,71,0.4,8.3,53,"Drizzle, not freezing, continuous 	moderate at time of observation"
2026-07-29,14:00:00,Melaka,Melaka,2.1889,102.2511,31.3,61,0.1,12.5,51,"Drizzle, not freezing, continuous 	slight at time of observation"
2026-07-29,14:00:00,Labuan,Labuan,5.2803,115.2475,30.6,64,0.0,14.5,2,State of sky on the whole unchanged
2026-07-29,14:00:00,Pulau Pinang,Butterworth,5.3992,100.3639,25.0,94,2.0,6.8,61,"Rain, not freezing, continuous slight at time of observation"
2026-07-29,14:00:00,Perak,Ipoh,4.6,101.07,25.4,92,1.8,3.3,81,"Rain shower(s), moderate or heavy"
2026-07-29,14:00:00,Kedah,Sungai Petani,5.65,100.48,24.8,94,0.6,4.5,53,"Drizzle, not freezing, continuous 	moderate at time of observation"
2026-07-29,14:00:00,Perak,Taiping,4.85,100.7333,24.4,97,1.2,8.2,55,"Drizzle, not freezing, continuous heavy (dense) at time of observation"
2026-07-29,14:00:00,Sabah,Lahad Datu,5.03,118.34,29.7,70,0.1,13.8,51,"Drizzle, not freezing, continuous 	slight at time of observation"
2026-07-29,14:00:00,Kedah,Alor Setar,6.1167,100.3667,25.8,91,0.3,4.6,51,"Drizzle, not freezing, continuous 	slight at time of observation"
2026-07-29,14:00:00,Sarawak,Miri,4.4028,113.9933,30.2,71,0.2,9.2,53,"Drizzle, not freezing, continuous 	moderate at time of observation"
2026-07-29,14:00:00,Perlis,Kangar,6.4333,100.2,26.3,88,0.1,8.1,51,"Drizzle, not freezing, continuous 	slight at time of observation"
2026-07-29,14:00:00,Johor,Batu Pahat,1.85,102.93,31.0,64,0.0,11.8,51,"Drizzle, not freezing, continuous 	slight at time of observation"
2026-07-29,14:00:00,Sarawak,Sibu,2.3,111.8167,30.6,71,0.0,3.5,51,"Drizzle, not freezing, continuous 	slight at time of observation"
2026-07-29,14:00:00,Sabah,Tawau,4.2448,117.8911,29.2,73,0.0,10.4,51,"Drizzle, not freezing, continuous 	slight at time of observation"
2026-07-29,14:00:00,Sarawak,Kuching,1.5397,110.3542,31.6,66,0.0,6.2,51,"Drizzle, not freezing, continuous 	slight at time of observation"
2026-07-29,13:00:00,Selangor,Petaling Jaya,3.1073,101.6067,28.7,75,0.0,11.3,51,"Drizzle, not freezing, continuous 	slight at time of observation"
2026-07-29,13:00:00,Perak,Taiping,4.85,100.7333,24.5,100,1.9,6.8,81,"Rain shower(s), moderate or heavy"
2026-07-29,13:00:00,Sarawak,Miri,4.4028,113.9933,31.4,61,0.2,7.8,51,"Drizzle, not freezing, continuous 	slight at time of observation"
2026-07-29,13:00:00,Putrajaya,Putrajaya,2.93,101.69,28.5,80,0.5,4.8,80,"Rain shower(s), slight"
2026-07-29,13:00:00,Melaka,Melaka,2.1889,102.2511,31.0,62,0.1,12.2,51,"Drizzle, not freezing, continuous 	slight at time of observation"
2026-07-29,13:00:00,Pahang,Kuantan,3.8167,103.3333,30.8,68,0.0,6.5,3,Clouds generally forming or developing
2026-07-29,13:00:00,Johor,Muar,2.05,102.56,30.9,63,0.0,12.6,3,Clouds generally forming or developing
2026-07-29,13:00:00,Johor,Batu Pahat,1.85,102.93,30.7,66,0.0,13.2,51,"Drizzle, not freezing, continuous 	slight at time of observation"
2026-07-29,13:00:00,Pulau Pinang,Butterworth,5.3992,100.3639,24.4,95,2.2,6.4,81,"Rain shower(s), moderate or heavy"
2026-07-29,13:00:00,Johor,Johor Bahru,1.4556,103.7611,31.0,64,0.0,10.3,51,"Drizzle, not freezing, continuous 	slight at time of observation"
2026-07-29,13:00:00,Johor,Kluang,2.0336,103.3194,31.4,67,0.0,9.2,51,"Drizzle, not freezing, continuous 	slight at time of observation"
2026-07-29,13:00:00,Selangor,Shah Alam,3.0833,101.5333,28.8,74,0.0,11.5,51,"Drizzle, not freezing, continuous 	slight at time of observation"
2026-07-29,13:00:00,Kedah,Sungai Petani,5.65,100.48,24.7,96,0.7,6.2,53,"Drizzle, not freezing, continuous 	moderate at time of observation"
2026-07-29,13:00:00,Labuan,Labuan,5.2803,115.2475,31.1,61,0.0,11.3,2,State of sky on the whole unchanged
2026-07-29,13:00:00,Sabah,Kota Kinabalu,5.975,116.0725,31.0,62,0.6,2.3,55,"Drizzle, not freezing, continuous heavy (dense) at time of observation"
2026-07-29,13:00:00,Pulau Pinang,Bukit Mertajam,5.3631,100.4667,24.3,95,2.2,6.4,81,"Rain shower(s), moderate or heavy"
2026-07-29,13:00:00,Negeri Sembilan,Seremban,2.7297,101.9381,30.4,69,0.0,10.3,3,Clouds generally forming or developing
2026-07-29,13:00:00,Selangor,Klang,3.0333,101.45,30.1,70,0.0,11.4,51,"Drizzle, not freezing, continuous 	slight at time of observation"
2026-07-29,13:00:00,Kuala Lumpur,Kuala Lumpur,3.1478,101.6953,29.2,71,0.0,10.9,51,"Drizzle, not freezing, continuous 	slight at time of observation"
2026-07-29,13:00:00,Perak,Ipoh,4.6,101.07,26.3,87,0.4,3.9,95,"Thunderstorm, slight or moderate, without hail** but with rain and/or snow at time of observation - Thunderstorm at time of observation"
2026-07-29,13:00:00,Pahang,Kuala Lipis,4.184,102.042,30.8,63,0.0,2.4,3,Clouds generally forming or developing
2026-07-29,13:00:00,Perak,Teluk Intan,4.0259,101.0213,24.5,99,0.8,10.5,95,"Thunderstorm, slight or moderate, without hail** but with rain and/or snow at time of observation - Thunderstorm at time of observation"
2026-07-29,13:00:00,Sabah,Lahad Datu,5.03,118.34,30.4,67,0.0,11.4,0,Cloud development not observed or not observable
2026-07-29,13:00:00,Pahang,Raub,3.7931,101.8569,31.4,56,0.0,5.6,3,Clouds generally forming or developing
2026-07-29,13:00:00,Sabah,Sandakan,5.8388,118.1173,31.2,64,0.0,4.6,0,Cloud development not observed or not observable
2026-07-29,13:00:00,Sarawak,Bintulu,3.17,113.03,31.2,61,0.1,1.2,51,"Drizzle, not freezing, continuous 	slight at time of observation"
2026-07-29,13:00:00,Perlis,Kangar,6.4333,100.2,25.3,94,0.9,7.4,55,"Drizzle, not freezing, continuous heavy (dense) at time of observation"
2026-07-29,13:00:00,Pulau Pinang,George Town,5.4145,100.3292,25.0,99,2.1,4.5,80,"Rain shower(s), slight"
2026-07-29,13:00:00,Sabah,Tawau,4.2448,117.8911,29.9,70,0.1,9.0,51,"Drizzle, not freezing, continuous 	slight at time of observation"
2026-07-29,13:00:00,Kedah,Alor Setar,6.1167,100.3667,25.1,94,2.2,1.1,80,"Rain shower(s), slight"
2026-07-29,13:00:00,Sarawak,Sibu,2.3,111.8167,30.5,72,0.0,4.1,51,"Drizzle, not freezing, continuous 	slight at time of observation"
2026-07-29,13:00:00,Sarawak,Kuching,1.5397,110.3542,31.0,69,0.0,6.1,51,"Drizzle, not freezing, continuous 	slight at time of observation"
2026-07-29,13:00:00,Kelantan,Kota Bharu,6.1333,102.25,31.0,62,0.0,9.4,3,Clouds generally forming or developing
2026-07-29,12:00:00,Kelantan,Kota Bharu,6.1333,102.25,30.1,70,0.0,9.7,3,Clouds generally forming or developing
2026-07-29,12:00:00,Perlis,Kangar,6.4333,100.2,24.5,95,2.2,13.4,81,"Rain shower(s), moderate or heavy"
2026-07-29,12:00:00,Selangor,Shah Alam,3.0833,101.5333,30.5,70,0.0,9.8,3,Clouds generally forming or developing
2026-07-29,12:00:00,Sarawak,Bintulu,3.17,113.03,30.5,66,0.1,6.5,51,"Drizzle, not freezing, continuous 	slight at time of observation"
2026-07-29,12:00:00,Putrajaya,Putrajaya,2.93,101.69,29.6,74,0.0,10.5,51,"Drizzle, not freezing, continuous 	slight at time of observation"
2026-07-29,12:00:00,Johor,Batu Pahat,1.85,102.93,30.8,67,0.0,9.9,3,Clouds generally forming or developing
2026-07-29,12:00:00,Kedah,Alor Setar,6.1167,100.3667,25.2,95,3.3,9.4,81,"Rain shower(s), moderate or heavy"
2026-07-29,12:00:00,Selangor,Petaling Jaya,3.1073,101.6067,30.4,69,0.0,7.6,3,Clouds generally forming or developing
2026-07-29,12:00:00,Perak,Ipoh,4.6,101.07,28.4,75,0.1,2.3,51,"Drizzle, not freezing, continuous 	slight at time of observation"
2026-07-29,12:00:00,Pulau Pinang,Bukit Mertajam,5.3631,100.4667,24.2,95,3.8,7.4,81,"Rain shower(s), moderate or heavy"
2026-07-29,12:00:00,Negeri Sembilan,Seremban,2.7297,101.9381,30.5,69,0.0,10.0,3,Clouds generally forming or developing
2026-07-29,12:00:00,Johor,Johor Bahru,1.4556,103.7611,31.1,65,0.0,10.0,3,Clouds generally forming or developing
2026-07-29,12:00:00,Selangor,Klang,3.0333,101.45,30.8,69,0.0,10.0,3,Clouds generally forming or developing
2026-07-29,12:00:00,Sabah,Sandakan,5.8388,118.1173,30.9,65,0.1,5.2,51,"Drizzle, not freezing, continuous 	slight at time of observation"
2026-07-29,12:00:00,Kedah,Sungai Petani,5.65,100.48,23.8,99,4.8,5.5,82,"Rain shower(s), violent"
2026-07-29,12:00:00,Perak,Teluk Intan,4.0259,101.0213,29.8,71,0.0,4.7,3,Clouds generally forming or developing
2026-07-29,12:00:00,Labuan,Labuan,5.2803,115.2475,31.5,59,0.0,6.8,1,Clouds generally dissolving or becoming less developed
2026-07-29,12:00:00,Pahang,Kuala Lipis,4.184,102.042,29.6,71,0.0,0.7,3,Clouds generally forming or developing
2026-07-29,12:00:00,Sabah,Lahad Datu,5.03,118.34,30.2,70,0.0,9.7,1,Clouds generally dissolving or becoming less developed
2026-07-29,12:00:00,Kuala Lumpur,Kuala Lumpur,3.1478,101.6953,30.8,67,0.0,6.2,3,Clouds generally forming or developing
2026-07-29,12:00:00,Johor,Muar,2.05,102.56,30.9,63,0.0,12.7,51,"Drizzle, not freezing, continuous 	slight at time of observation"
2026-07-29,12:00:00,Sabah,Tawau,4.2448,117.8911,29.8,69,0.1,8.9,51,"Drizzle, not freezing, continuous 	slight at time of observation"
2026-07-29,12:00:00,Johor,Kluang,2.0336,103.3194,30.7,71,0.1,8.5,51,"Drizzle, not freezing, continuous 	slight at time of observation"
2026-07-29,12:00:00,Pahang,Raub,3.7931,101.8569,30.1,60,0.0,6.7,3,Clouds generally forming or developing
2026-07-29,12:00:00,Perak,Taiping,4.85,100.7333,24.8,97,1.2,6.3,80,"Rain shower(s), slight"
2026-07-29,12:00:00,Sarawak,Sibu,2.3,111.8167,29.4,77,0.0,4.1,51,"Drizzle, not freezing, continuous 	slight at time of observation"
2026-07-29,12:00:00,Sarawak,Kuching,1.5397,110.3542,30.2,72,0.0,7.9,51,"Drizzle, not freezing, continuous 	slight at time of observation"
2026-07-29,12:00:00,Sabah,Kota Kinabalu,5.975,116.0725,30.7,61,0.3,2.4,51,"Drizzle, not freezing, continuous 	slight at time of observation"
2026-07-29,12:00:00,Pulau Pinang,Butterworth,5.3992,100.3639,24.2,95,3.8,7.4,81,"Rain shower(s), moderate or heavy"
2026-07-29,12:00:00,Sarawak,Miri,4.4028,113.9933,31.4,60,0.2,2.0,51,"Drizzle, not freezing, continuous 	slight at time of observation"
2026-07-29,12:00:00,Pahang,Kuantan,3.8167,103.3333,30.8,69,0.0,6.7,3,Clouds generally forming or developing
2026-07-29,12:00:00,Melaka,Melaka,2.1889,102.2511,30.3,70,0.1,7.5,51,"Drizzle, not freezing, continuous 	slight at time of observation"
2026-07-29,12:00:00,Pulau Pinang,George Town,5.4145,100.3292,24.7,99,1.8,5.2,81,"Rain shower(s), moderate or heavy"
2026-07-29,11:00:00,Johor,Kluang,2.0336,103.3194,29.8,75,0.0,9.1,3,Clouds generally forming or developing
2026-07-29,11:00:00,Labuan,Labuan,5.2803,115.2475,31.1,60,0.0,5.8,1,Clouds generally dissolving or becoming less developed
2026-07-29,11:00:00,Melaka,Melaka,2.1889,102.2511,29.5,75,0.0,7.3,51,"Drizzle, not freezing, continuous 	slight at time of observation"
2026-07-29,11:00:00,Perak,Teluk Intan,4.0259,101.0213,29.1,74,0.0,6.7,3,Clouds generally forming or developing
2026-07-29,11:00:00,Kuala Lumpur,Kuala Lumpur,3.1478,101.6953,30.1,70,0.0,5.9,3,Clouds generally forming or developing
2026-07-29,11:00:00,Pulau Pinang,Bukit Mertajam,5.3631,100.4667,24.4,94,5.7,5.0,82,"Rain shower(s), violent"
2026-07-29,11:00:00,Negeri Sembilan,Seremban,2.7297,101.9381,29.5,72,0.0,10.4,3,Clouds generally forming or developing
2026-07-29,11:00:00,Pulau Pinang,Butterworth,5.3992,100.3639,24.5,94,5.7,5.0,82,"Rain shower(s), violent"
2026-07-29,11:00:00,Selangor,Shah Alam,3.0833,101.5333,29.8,73,0.0,10.1,3,Clouds generally forming or developing
2026-07-29,11:00:00,Kedah,Sungai Petani,5.65,100.48,23.4,99,3.3,4.5,95,"Thunderstorm, slight or moderate, without hail** but with rain and/or snow at time of observation - Thunderstorm at time of observation"
2026-07-29,11:00:00,Putrajaya,Putrajaya,2.93,101.69,29.4,75,0.0,9.7,3,Clouds generally forming or developing
2026-07-29,11:00:00,Pahang,Kuala Lipis,4.184,102.042,28.5,79,0.0,1.4,3,Clouds generally forming or developing
2026-07-29,11:00:00,Kedah,Alor Setar,6.1167,100.3667,25.6,93,6.8,8.0,95,"Thunderstorm, slight or moderate, without hail** but with rain and/or snow at time of observation - Thunderstorm at time of observation"
2026-07-29,11:00:00,Johor,Muar,2.05,102.56,30.1,71,0.1,8.0,51,"Drizzle, not freezing, continuous 	slight at time of observation"
2026-07-29,11:00:00,Sabah,Lahad Datu,5.03,118.34,29.8,73,0.0,8.2,1,Clouds generally dissolving or becoming less developed
2026-07-29,11:00:00,Sarawak,Miri,4.4028,113.9933,31.1,61,0.0,4.0,1,Clouds generally dissolving or becoming less developed
2026-07-29,11:00:00,Sabah,Tawau,4.2448,117.8911,29.0,72,0.2,3.5,51,"Drizzle, not freezing, continuous 	slight at time of observation"
2026-07-29,11:00:00,Perak,Taiping,4.85,100.7333,25.2,96,0.3,5.9,51,"Drizzle, not freezing, continuous 	slight at time of observation"
2026-07-29,11:00:00,Sabah,Sandakan,5.8388,118.1173,30.3,68,0.0,6.3,1,Clouds generally dissolving or becoming less developed
2026-07-29,11:00:00,Sarawak,Sibu,2.3,111.8167,28.8,80,0.0,5.3,3,Clouds generally forming or developing
2026-07-29,11:00:00,Pahang,Raub,3.7931,101.8569,29.3,65,0.0,5.7,3,Clouds generally forming or developing
2026-07-29,11:00:00,Johor,Johor Bahru,1.4556,103.7611,30.3,71,0.0,9.4,3,Clouds generally forming or developing
2026-07-29,11:00:00,Sarawak,Bintulu,3.17,113.03,29.9,70,0.0,6.5,3,Clouds generally forming or developing
2026-07-29,11:00:00,Perlis,Kangar,6.4333,100.2,24.7,91,1.8,7.4,81,"Rain shower(s), moderate or heavy"
2026-07-29,11:00:00,Sarawak,Kuching,1.5397,110.3542,28.5,77,0.0,5.3,51,"Drizzle, not freezing, continuous 	slight at time of observation"
2026-07-29,11:00:00,Pulau Pinang,George Town,5.4145,100.3292,24.7,98,2.2,2.3,81,"Rain shower(s), moderate or heavy"
2026-07-29,11:00:00,Selangor,Klang,3.0333,101.45,30.2,72,0.0,10.8,3,Clouds generally forming or developing
2026-07-29,11:00:00,Kelantan,Kota Bharu,6.1333,102.25,27.5,83,0.0,9.0,3,Clouds generally forming or developing
2026-07-29,11:00:00,Sabah,Kota Kinabalu,5.975,116.0725,31.3,57,0.0,5.4,2,State of sky on the whole unchanged
2026-07-29,11:00:00,Pahang,Kuantan,3.8167,103.3333,29.8,73,0.0,6.3,3,Clouds generally forming or developing
2026-07-29,11:00:00,Perak,Ipoh,4.6,101.07,29.0,72,0.1,4.4,51,"Drizzle, not freezing, continuous 	slight at time of observation"
2026-07-29,11:00:00,Johor,Batu Pahat,1.85,102.93,30.0,71,0.0,9.5,3,Clouds generally forming or developing
2026-07-29,11:00:00,Selangor,Petaling Jaya,3.1073,101.6067,29.7,72,0.0,7.5,3,Clouds generally forming or developing
2026-07-29,10:00:00,Putrajaya,Putrajaya,2.93,101.69,28.3,79,0.0,9.2,3,Clouds generally forming or developing
2026-07-29,10:00:00,Johor,Batu Pahat,1.85,102.93,29.3,76,0.0,8.9,3,Clouds generally forming or developing
2026-07-29,10:00:00,Perak,Taiping,4.85,100.7333,25.2,96,0.2,5.6,51,"Drizzle, not freezing, continuous 	slight at time of observation"
2026-07-29,10:00:00,Selangor,Petaling Jaya,3.1073,101.6067,28.2,78,0.0,5.2,3,Clouds generally forming or developing
2026-07-29,10:00:00,Perlis,Kangar,6.4333,100.2,24.9,98,4.2,3.5,95,"Thunderstorm, slight or moderate, without hail** but with rain and/or snow at time of observation - Thunderstorm at time of observation"
2026-07-29,10:00:00,Selangor,Klang,3.0333,101.45,28.6,78,0.0,10.1,3,Clouds generally forming or developing
2026-07-29,10:00:00,Sabah,Sandakan,5.8388,118.1173,29.6,72,0.0,8.2,1,Clouds generally dissolving or becoming less developed
2026-07-29,10:00:00,Sabah,Kota Kinabalu,5.975,116.0725,31.6,55,0.0,4.6,1,Clouds generally dissolving or becoming less developed
2026-07-29,10:00:00,Pahang,Kuantan,3.8167,103.3333,28.8,80,0.0,4.7,3,Clouds generally forming or developing
2026-07-29,10:00:00,Johor,Kluang,2.0336,103.3194,28.6,80,0.0,10.1,3,Clouds generally forming or developing
2026-07-29,10:00:00,Perak,Ipoh,4.6,101.07,27.4,83,0.0,6.4,3,Clouds generally forming or developing
2026-07-29,10:00:00,Kelantan,Kota Bharu,6.1333,102.25,25.9,89,0.0,9.4,3,Clouds generally forming or developing
2026-07-29,10:00:00,Kedah,Sungai Petani,5.65,100.48,23.0,99,1.8,3.5,81,"Rain shower(s), moderate or heavy"
2026-07-29,10:00:00,Pahang,Raub,3.7931,101.8569,27.6,75,0.0,4.0,3,Clouds generally forming or developing
2026-07-29,10:00:00,Sabah,Lahad Datu,5.03,118.34,29.1,78,0.0,5.8,0,Cloud development not observed or not observable
2026-07-29,10:00:00,Sarawak,Miri,4.4028,113.9933,30.0,68,0.0,6.1,2,State of sky on the whole unchanged
2026-07-29,10:00:00,Sabah,Tawau,4.2448,117.8911,27.2,83,0.8,2.4,53,"Drizzle, not freezing, continuous 	moderate at time of observation"
2026-07-29,10:00:00,Kedah,Alor Setar,6.1167,100.3667,25.4,93,5.7,4.0,95,"Thunderstorm, slight or moderate, without hail** but with rain and/or snow at time of observation - Thunderstorm at time of observation"
2026-07-29,10:00:00,Perak,Teluk Intan,4.0259,101.0213,28.3,79,0.0,6.5,3,Clouds generally forming or developing
2026-07-29,10:00:00,Pulau Pinang,George Town,5.4145,100.3292,24.3,98,2.2,2.8,95,"Thunderstorm, slight or moderate, without hail** but with rain and/or snow at time of observation - Thunderstorm at time of observation"
2026-07-29,10:00:00,Kuala Lumpur,Kuala Lumpur,3.1478,101.6953,28.7,76,0.0,3.0,3,Clouds generally forming or developing
2026-07-29,10:00:00,Sarawak,Bintulu,3.17,113.03,28.1,86,0.0,6.0,2,State of sky on the whole unchanged
2026-07-29,10:00:00,Melaka,Melaka,2.1889,102.2511,28.9,79,0.0,6.8,3,Clouds generally forming or developing
2026-07-29,10:00:00,Pahang,Kuala Lipis,4.184,102.042,27.0,87,0.0,2.0,3,Clouds generally forming or developing
2026-07-29,10:00:00,Johor,Muar,2.05,102.56,29.1,79,0.0,6.4,3,Clouds generally forming or developing
2026-07-29,10:00:00,Labuan,Labuan,5.2803,115.2475,30.2,64,0.0,9.0,1,Clouds generally dissolving or becoming less developed
2026-07-29,10:00:00,Johor,Johor Bahru,1.4556,103.7611,28.9,79,0.0,7.4,3,Clouds generally forming or developing
2026-07-29,10:00:00,Selangor,Shah Alam,3.0833,101.5333,28.4,79,0.0,8.8,3,Clouds generally forming or developing
2026-07-29,10:00:00,Negeri Sembilan,Seremban,2.7297,101.9381,28.4,78,0.0,8.4,3,Clouds generally forming or developing
2026-07-29,10:00:00,Sarawak,Kuching,1.5397,110.3542,27.3,83,0.0,5.0,3,Clouds generally forming or developing
2026-07-29,10:00:00,Pulau Pinang,Butterworth,5.3992,100.3639,23.9,97,4.1,5.2,81,"Rain shower(s), moderate or heavy"
2026-07-29,10:00:00,Sarawak,Sibu,2.3,111.8167,28.1,82,0.0,3.7,3,Clouds generally forming or developing
2026-07-29,10:00:00,Pulau Pinang,Bukit Mertajam,5.3631,100.4667,23.9,97,4.1,5.2,81,"Rain shower(s), moderate or heavy"
2026-07-29,09:00:00,Pulau Pinang,Butterworth,5.3992,100.3639,23.6,96,1.3,8.5,81,"Rain shower(s), moderate or heavy"
2026-07-29,09:00:00,Pahang,Raub,3.7931,101.8569,25.9,83,0.0,3.3,3,Clouds generally forming or developing
2026-07-29,09:00:00,Pahang,Kuala Lipis,4.184,102.042,25.8,93,0.0,1.2,3,Clouds generally forming or developing
2026-07-29,09:00:00,Kedah,Sungai Petani,5.65,100.48,23.0,98,1.7,2.7,81,"Rain shower(s), moderate or heavy"
2026-07-29,09:00:00,Perak,Taiping,4.85,100.7333,24.2,98,0.2,9.1,81,"Rain shower(s), moderate or heavy"
2026-07-29,09:00:00,Perlis,Kangar,6.4333,100.2,24.5,98,2.6,4.3,95,"Thunderstorm, slight or moderate, without hail** but with rain and/or snow at time of observation - Thunderstorm at time of observation"
2026-07-29,09:00:00,Pulau Pinang,George Town,5.4145,100.3292,24.0,98,1.2,2.8,81,"Rain shower(s), moderate or heavy"
2026-07-29,09:00:00,Sabah,Tawau,4.2448,117.8911,26.9,85,0.1,7.6,53,"Drizzle, not freezing, continuous 	moderate at time of observation"
2026-07-29,09:00:00,Kedah,Alor Setar,6.1167,100.3667,25.7,89,1.0,2.2,81,"Rain shower(s), moderate or heavy"
2026-07-29,09:00:00,Pulau Pinang,Bukit Mertajam,5.3631,100.4667,23.5,96,1.3,8.5,81,"Rain shower(s), moderate or heavy"
2026-07-29,09:00:00,Sabah,Kota Kinabalu,5.975,116.0725,30.7,59,0.0,4.0,0,Cloud development not observed or not observable
2026-07-29,09:00:00,Kelantan,Kota Bharu,6.1333,102.25,24.8,94,0.0,7.8,3,Clouds generally forming or developing
2026-07-29,09:00:00,Selangor,Shah Alam,3.0833,101.5333,27.1,83,0.0,7.4,3,Clouds generally forming or developing
2026-07-29,09:00:00,Johor,Batu Pahat,1.85,102.93,27.5,85,0.0,5.5,3,Clouds generally forming or developing
2026-07-29,09:00:00,Johor,Muar,2.05,102.56,27.5,85,0.0,5.3,3,Clouds generally forming or developing
2026-07-29,09:00:00,Sarawak,Bintulu,3.17,113.03,26.3,94,0.0,6.3,3,Clouds generally forming or developing
2026-07-29,09:00:00,Sarawak,Sibu,2.3,111.8167,26.6,89,0.0,3.4,3,Clouds generally forming or developing
2026-07-29,09:00:00,Sarawak,Kuching,1.5397,110.3542,25.9,91,0.0,5.6,3,Clouds generally forming or developing
2026-07-29,09:00:00,Negeri Sembilan,Seremban,2.7297,101.9381,27.3,81,0.0,7.4,3,Clouds generally forming or developing
2026-07-29,09:00:00,Melaka,Melaka,2.1889,102.2511,27.4,85,0.0,6.1,3,Clouds generally forming or developing
2026-07-29,09:00:00,Perak,Teluk Intan,4.0259,101.0213,27.1,86,0.0,5.1,3,Clouds generally forming or developing
2026-07-29,09:00:00,Labuan,Labuan,5.2803,115.2475,29.0,71,0.0,10.7,1,Clouds generally dissolving or becoming less developed
2026-07-29,09:00:00,Sabah,Sandakan,5.8388,118.1173,28.2,83,0.0,7.1,0,Cloud development not observed or not observable
2026-07-29,09:00:00,Johor,Johor Bahru,1.4556,103.7611,27.4,88,0.0,5.0,3,Clouds generally forming or developing
2026-07-29,09:00:00,Kuala Lumpur,Kuala Lumpur,3.1478,101.6953,26.7,85,0.0,0.4,3,Clouds generally forming or developing
2026-07-29,09:00:00,Johor,Kluang,2.0336,103.3194,27.2,88,0.0,6.4,3,Clouds generally forming or developing
2026-07-29,09:00:00,Selangor,Petaling Jaya,3.1073,101.6067,26.4,86,0.0,3.4,3,Clouds generally forming or developing
2026-07-29,09:00:00,Sarawak,Miri,4.4028,113.9933,28.3,81,0.0,7.0,1,Clouds generally dissolving or becoming less developed
2026-07-29,09:00:00,Sabah,Lahad Datu,5.03,118.34,27.7,86,0.0,3.8,1,Clouds generally dissolving or becoming less developed
2026-07-29,09:00:00,Selangor,Klang,3.0333,101.45,27.3,82,0.0,8.0,3,Clouds generally forming or developing
2026-07-29,09:00:00,Putrajaya,Putrajaya,2.93,101.69,27.0,84,0.0,7.6,3,Clouds generally forming or developing
2026-07-29,09:00:00,Perak,Ipoh,4.6,101.07,26.7,86,0.0,3.4,3,Clouds generally forming or developing
2026-07-29,09:00:00,Pahang,Kuantan,3.8167,103.3333,27.4,88,0.0,4.7,3,Clouds generally forming or developing
2026-07-29,08:00:00,Johor,Kluang,2.0336,103.3194,25.1,93,0.0,7.9,3,Clouds generally forming or developing
2026-07-29,08:00:00,Johor,Muar,2.05,102.56,26.0,89,0.0,7.7,3,Clouds generally forming or developing
2026-07-29,08:00:00,Sabah,Kota Kinabalu,5.975,116.0725,28.5,71,0.0,7.6,2,State of sky on the whole unchanged
2026-07-29,08:00:00,Selangor,Petaling Jaya,3.1073,101.6067,25.3,89,0.0,5.0,3,Clouds generally forming or developing
2026-07-29,08:00:00,Pulau Pinang,Bukit Mertajam,5.3631,100.4667,24.1,94,1.1,10.3,81,"Rain shower(s), moderate or heavy"
2026-07-29,08:00:00,Sarawak,Miri,4.4028,113.9933,26.2,90,0.0,7.8,2,State of sky on the whole unchanged
2026-07-29,08:00:00,Perak,Ipoh,4.6,101.07,25.2,93,0.0,4.5,3,Clouds generally forming or developing
2026-07-29,08:00:00,Kedah,Sungai Petani,5.65,100.48,23.0,97,1.4,2.7,81,"Rain shower(s), moderate or heavy"
2026-07-29,08:00:00,Sarawak,Kuching,1.5397,110.3542,25.2,94,0.4,7.0,51,"Drizzle, not freezing, continuous 	slight at time of observation"
2026-07-29,08:00:00,Sarawak,Sibu,2.3,111.8167,25.6,91,0.6,4.5,53,"Drizzle, not freezing, continuous 	moderate at time of observation"
2026-07-29,08:00:00,Pahang,Raub,3.7931,101.8569,24.5,89,0.1,2.9,51,"Drizzle, not freezing, continuous 	slight at time of observation"
2026-07-29,08:00:00,Pulau Pinang,Butterworth,5.3992,100.3639,24.1,94,1.1,10.3,81,"Rain shower(s), moderate or heavy"
2026-07-29,08:00:00,Perlis,Kangar,6.4333,100.2,24.6,96,0.5,2.7,80,"Rain shower(s), slight"
2026-07-29,08:00:00,Selangor,Shah Alam,3.0833,101.5333,26.0,85,0.0,8.9,3,Clouds generally forming or developing
2026-07-29,08:00:00,Negeri Sembilan,Seremban,2.7297,101.9381,25.8,85,0.0,8.4,3,Clouds generally forming or developing
2026-07-29,08:00:00,Kelantan,Kota Bharu,6.1333,102.25,24.2,95,0.5,6.8,53,"Drizzle, not freezing, continuous 	moderate at time of observation"
2026-07-29,08:00:00,Melaka,Melaka,2.1889,102.2511,25.9,91,0.0,8.6,3,Clouds generally forming or developing
2026-07-29,08:00:00,Kedah,Alor Setar,6.1167,100.3667,24.7,97,0.6,5.6,80,"Rain shower(s), slight"
2026-07-29,08:00:00,Sabah,Tawau,4.2448,117.8911,27.0,88,0.1,6.8,51,"Drizzle, not freezing, continuous 	slight at time of observation"
2026-07-29,08:00:00,Selangor,Klang,3.0333,101.45,26.1,85,0.0,9.4,3,Clouds generally forming or developing
2026-07-29,08:00:00,Johor,Johor Bahru,1.4556,103.7611,25.9,93,0.0,5.9,3,Clouds generally forming or developing
2026-07-29,08:00:00,Kuala Lumpur,Kuala Lumpur,3.1478,101.6953,24.9,92,0.0,3.1,3,Clouds generally forming or developing
2026-07-29,08:00:00,Pahang,Kuantan,3.8167,103.3333,25.8,93,0.0,7.6,3,Clouds generally forming or developing
2026-07-29,08:00:00,Labuan,Labuan,5.2803,115.2475,28.0,75,0.0,11.7,3,Clouds generally forming or developing
2026-07-29,08:00:00,Perak,Taiping,4.85,100.7333,24.8,90,0.1,10.7,51,"Drizzle, not freezing, continuous 	slight at time of observation"
2026-07-29,08:00:00,Sabah,Lahad Datu,5.03,118.34,26.2,95,0.0,4.1,1,Clouds generally dissolving or becoming less developed
2026-07-29,08:00:00,Johor,Batu Pahat,1.85,102.93,25.3,92,0.0,6.5,3,Clouds generally forming or developing
2026-07-29,08:00:00,Pulau Pinang,George Town,5.4145,100.3292,23.7,97,1.8,0.9,95,"Thunderstorm, slight or moderate, without hail** but with rain and/or snow at time of observation - Thunderstorm at time of observation"
2026-07-29,08:00:00,Perak,Teluk Intan,4.0259,101.0213,25.9,92,0.0,4.0,3,Clouds generally forming or developing
2026-07-29,08:00:00,Sarawak,Bintulu,3.17,113.03,25.3,97,0.0,7.3,3,Clouds generally forming or developing
2026-07-29,08:00:00,Putrajaya,Putrajaya,2.93,101.69,25.7,87,0.0,8.8,3,Clouds generally forming or developing
2026-07-29,08:00:00,Sabah,Sandakan,5.8388,118.1173,27.0,91,0.0,6.1,1,Clouds generally dissolving or becoming less developed
2026-07-29,08:00:00,Pahang,Kuala Lipis,4.184,102.042,25.3,95,0.0,1.9,3,Clouds generally forming or developing
2026-07-29,07:00:00,Negeri Sembilan,Seremban,2.7297,101.9381,25.2,88,0.0,8.2,2,State of sky on the whole unchanged
2026-07-29,07:00:00,Johor,Kluang,2.0336,103.3194,24.1,96,0.0,7.1,2,State of sky on the whole unchanged
2026-07-29,07:00:00,Johor,Johor Bahru,1.4556,103.7611,25.0,95,0.0,5.5,3,Clouds generally forming or developing
2026-07-29,07:00:00,Putrajaya,Putrajaya,2.93,101.69,25.3,91,0.0,8.5,3,Clouds generally forming or developing
2026-07-29,07:00:00,Sabah,Kota Kinabalu,5.975,116.0725,25.1,78,0.0,3.3,3,Clouds generally forming or developing
2026-07-29,07:00:00,Labuan,Labuan,5.2803,115.2475,27.4,77,0.0,5.1,2,State of sky on the whole unchanged
2026-07-29,07:00:00,Sarawak,Miri,4.4028,113.9933,24.3,95,0.0,7.6,3,Clouds generally forming or developing
2026-07-29,07:00:00,Perak,Teluk Intan,4.0259,101.0213,25.5,91,0.0,6.9,3,Clouds generally forming or developing
2026-07-29,07:00:00,Sabah,Tawau,4.2448,117.8911,25.0,93,0.0,7.7,2,State of sky on the whole unchanged
2026-07-29,07:00:00,Sabah,Sandakan,5.8388,118.1173,25.1,96,0.0,8.0,3,Clouds generally forming or developing
2026-07-29,07:00:00,Kedah,Sungai Petani,5.65,100.48,23.9,92,0.1,6.5,51,"Drizzle, not freezing, continuous 	slight at time of observation"
2026-07-29,07:00:00,Johor,Muar,2.05,102.56,25.1,92,0.0,6.4,2,State of sky on the whole unchanged
2026-07-29,07:00:00,Sarawak,Kuching,1.5397,110.3542,23.5,99,0.3,5.9,51,"Drizzle, not freezing, continuous 	slight at time of observation"
2026-07-29,07:00:00,Pulau Pinang,Bukit Mertajam,5.3631,100.4667,25.7,89,0.1,10.6,51,"Drizzle, not freezing, continuous 	slight at time of observation"
2026-07-29,07:00:00,Perak,Taiping,4.85,100.7333,25.2,97,0.0,4.2,3,Clouds generally forming or developing
2026-07-29,07:00:00,Pahang,Raub,3.7931,101.8569,22.9,99,0.7,4.9,80,"Rain shower(s), slight"
2026-07-29,07:00:00,Sarawak,Bintulu,3.17,113.03,24.4,92,0.0,7.3,2,State of sky on the whole unchanged
2026-07-29,07:00:00,Pulau Pinang,George Town,5.4145,100.3292,24.0,97,0.6,13.8,81,"Rain shower(s), moderate or heavy"
2026-07-29,07:00:00,Kuala Lumpur,Kuala Lumpur,3.1478,101.6953,24.0,97,0.0,2.5,3,Clouds generally forming or developing
2026-07-29,07:00:00,Sarawak,Sibu,2.3,111.8167,23.8,96,0.3,5.2,51,"Drizzle, not freezing, continuous 	slight at time of observation"
2026-07-29,07:00:00,Sabah,Lahad Datu,5.03,118.34,24.5,98,0.0,3.2,3,Clouds generally forming or developing
2026-07-29,07:00:00,Kedah,Alor Setar,6.1167,100.3667,24.1,97,0.7,8.7,53,"Drizzle, not freezing, continuous 	moderate at time of observation"
2026-07-29,07:00:00,Pulau Pinang,Butterworth,5.3992,100.3639,25.8,89,0.1,10.6,51,"Drizzle, not freezing, continuous 	slight at time of observation"
2026-07-29,07:00:00,Selangor,Petaling Jaya,3.1073,101.6067,24.5,96,0.0,4.1,3,Clouds generally forming or developing
2026-07-29,07:00:00,Johor,Batu Pahat,1.85,102.93,24.5,95,0.0,6.2,1,Clouds generally dissolving or becoming less developed
2026-07-29,07:00:00,Pahang,Kuantan,3.8167,103.3333,24.7,93,0.0,7.4,2,State of sky on the whole unchanged
2026-07-29,07:00:00,Kelantan,Kota Bharu,6.1333,102.25,24.2,98,0.1,7.3,51,"Drizzle, not freezing, continuous 	slight at time of observation"
2026-07-29,07:00:00,Perlis,Kangar,6.4333,100.2,24.5,95,0.4,7.1,53,"Drizzle, not freezing, continuous 	moderate at time of observation"
2026-07-29,07:00:00,Selangor,Klang,3.0333,101.45,25.7,88,0.0,10.2,3,Clouds generally forming or developing
2026-07-29,07:00:00,Selangor,Shah Alam,3.0833,101.5333,25.6,89,0.0,8.9,3,Clouds generally forming or developing
2026-07-29,07:00:00,Pahang,Kuala Lipis,4.184,102.042,23.6,99,0.0,6.0,3,Clouds generally forming or developing
2026-07-29,07:00:00,Melaka,Melaka,2.1889,102.2511,25.2,93,0.0,8.9,2,State of sky on the whole unchanged
2026-07-29,07:00:00,Perak,Ipoh,4.6,101.07,25.0,94,0.0,2.3,3,Clouds generally forming or developing
2026-07-29,06:00:00,Kedah,Sungai Petani,5.65,100.48,23.6,97,0.0,6.9,3,Clouds generally forming or developing
2026-07-29,06:00:00,Perlis,Kangar,6.4333,100.2,24.4,95,0.0,7.6,53,"Drizzle, not freezing, continuous 	moderate at time of observation"
2026-07-29,06:00:00,Sarawak,Bintulu,3.17,113.03,24.2,92,0.0,7.0,2,State of sky on the whole unchanged
2026-07-29,06:00:00,Pulau Pinang,Butterworth,5.3992,100.3639,26.0,87,0.0,7.0,3,Clouds generally forming or developing
2026-07-29,06:00:00,Sarawak,Sibu,2.3,111.8167,23.8,97,0.0,6.1,3,Clouds generally forming or developing
2026-07-29,06:00:00,Pulau Pinang,George Town,5.4145,100.3292,25.6,96,0.0,5.0,3,Clouds generally forming or developing
2026-07-29,06:00:00,Sabah,Tawau,4.2448,117.8911,24.4,95,0.0,11.4,2,State of sky on the whole unchanged
2026-07-29,06:00:00,Perak,Ipoh,4.6,101.07,24.8,95,0.0,0.8,3,Clouds generally forming or developing
2026-07-29,06:00:00,Kedah,Alor Setar,6.1167,100.3667,23.9,97,0.3,5.9,53,"Drizzle, not freezing, continuous 	moderate at time of observation"
2026-07-29,06:00:00,Sabah,Sandakan,5.8388,118.1173,24.6,96,0.0,8.7,3,Clouds generally forming or developing
2026-07-29,06:00:00,Perak,Teluk Intan,4.0259,101.0213,25.6,93,0.0,6.3,3,Clouds generally forming or developing
2026-07-29,06:00:00,Johor,Johor Bahru,1.4556,103.7611,25.1,94,0.0,5.5,3,Clouds generally forming or developing
2026-07-29,06:00:00,Putrajaya,Putrajaya,2.93,101.69,25.5,90,0.0,9.1,2,State of sky on the whole unchanged
2026-07-29,06:00:00,Pahang,Kuantan,3.8167,103.3333,25.0,93,0.0,8.8,3,Clouds generally forming or developing
2026-07-29,06:00:00,Sabah,Kota Kinabalu,5.975,116.0725,24.3,77,0.0,2.0,3,Clouds generally forming or developing
2026-07-29,06:00:00,Pahang,Kuala Lipis,4.184,102.042,23.6,99,0.1,6.0,51,"Drizzle, not freezing, continuous 	slight at time of observation"
2026-07-29,06:00:00,Kuala Lumpur,Kuala Lumpur,3.1478,101.6953,24.1,97,0.0,2.7,2,State of sky on the whole unchanged
2026-07-29,06:00:00,Pahang,Raub,3.7931,101.8569,23.1,98,0.1,5.5,51,"Drizzle, not freezing, continuous 	slight at time of observation"
2026-07-29,06:00:00,Labuan,Labuan,5.2803,115.2475,26.7,80,0.0,4.7,3,Clouds generally forming or developing
2026-07-29,06:00:00,Johor,Batu Pahat,1.85,102.93,24.7,93,0.0,7.0,3,Clouds generally forming or developing
2026-07-29,06:00:00,Negeri Sembilan,Seremban,2.7297,101.9381,25.3,89,0.0,7.7,3,Clouds generally forming or developing
2026-07-29,06:00:00,Pulau Pinang,Bukit Mertajam,5.3631,100.4667,25.9,87,0.0,7.0,3,Clouds generally forming or developing
2026-07-29,06:00:00,Kelantan,Kota Bharu,6.1333,102.25,24.6,98,0.1,8.5,51,"Drizzle, not freezing, continuous 	slight at time of observation"
2026-07-29,06:00:00,Sarawak,Miri,4.4028,113.9933,23.9,96,0.0,9.1,3,Clouds generally forming or developing
2026-07-29,06:00:00,Johor,Kluang,2.0336,103.3194,24.1,97,0.0,7.9,2,State of sky on the whole unchanged
2026-07-29,06:00:00,Sabah,Lahad Datu,5.03,118.34,23.8,98,0.0,1.9,3,Clouds generally forming or developing
2026-07-29,06:00:00,Melaka,Melaka,2.1889,102.2511,25.4,92,0.0,10.3,2,State of sky on the whole unchanged
2026-07-29,06:00:00,Sarawak,Kuching,1.5397,110.3542,23.6,99,0.2,5.9,51,"Drizzle, not freezing, continuous 	slight at time of observation"
2026-07-29,06:00:00,Selangor,Klang,3.0333,101.45,25.9,87,0.0,10.2,2,State of sky on the whole unchanged
2026-07-29,06:00:00,Selangor,Petaling Jaya,3.1073,101.6067,24.7,95,0.0,5.1,2,State of sky on the whole unchanged
2026-07-29,06:00:00,Johor,Muar,2.05,102.56,25.2,91,0.0,6.9,3,Clouds generally forming or developing
2026-07-29,06:00:00,Perak,Taiping,4.85,100.7333,25.3,96,0.0,2.6,3,Clouds generally forming or developing
2026-07-29,06:00:00,Selangor,Shah Alam,3.0833,101.5333,25.9,88,0.0,9.3,2,State of sky on the whole unchanged
2026-07-29,05:00:00,Pahang,Kuantan,3.8167,103.3333,25.3,92,0.0,7.8,3,Clouds generally forming or developing
2026-07-29,05:00:00,Labuan,Labuan,5.2803,115.2475,26.8,80,0.0,6.0,3,Clouds generally forming or developing
2026-07-29,05:00:00,Pahang,Kuala Lipis,4.184,102.042,23.2,98,0.5,6.2,81,"Rain shower(s), moderate or heavy"
2026-07-29,05:00:00,Sabah,Sandakan,5.8388,118.1173,24.9,96,0.0,10.2,2,State of sky on the whole unchanged
2026-07-29,05:00:00,Melaka,Melaka,2.1889,102.2511,25.7,91,0.0,7.1,3,Clouds generally forming or developing
2026-07-29,05:00:00,Kuala Lumpur,Kuala Lumpur,3.1478,101.6953,24.3,96,0.0,1.8,3,Clouds generally forming or developing
2026-07-29,05:00:00,Putrajaya,Putrajaya,2.93,101.69,25.7,90,0.0,9.9,3,Clouds generally forming or developing
2026-07-29,05:00:00,Pulau Pinang,Bukit Mertajam,5.3631,100.4667,26.1,88,0.0,7.0,3,Clouds generally forming or developing
2026-07-29,05:00:00,Pulau Pinang,George Town,5.4145,100.3292,25.8,93,0.0,2.3,3,Clouds generally forming or developing
2026-07-29,05:00:00,Sarawak,Bintulu,3.17,113.03,24.3,91,0.0,7.1,3,Clouds generally forming or developing
2026-07-29,05:00:00,Johor,Kluang,2.0336,103.3194,24.2,96,0.0,6.8,3,Clouds generally forming or developing
2026-07-29,05:00:00,Perlis,Kangar,6.4333,100.2,23.9,96,0.3,8.8,51,"Drizzle, not freezing, continuous 	slight at time of observation"
2026-07-29,05:00:00,Kelantan,Kota Bharu,6.1333,102.25,25.4,97,0.0,6.2,51,"Drizzle, not freezing, continuous 	slight at time of observation"
2026-07-29,05:00:00,Perak,Ipoh,4.6,101.07,25.1,94,0.0,1.3,3,Clouds generally forming or developing
2026-07-29,05:00:00,Johor,Johor Bahru,1.4556,103.7611,25.1,94,0.0,4.2,2,State of sky on the whole unchanged
2026-07-29,05:00:00,Selangor,Shah Alam,3.0833,101.5333,26.0,88,0.0,9.7,3,Clouds generally forming or developing
2026-07-29,05:00:00,Selangor,Petaling Jaya,3.1073,101.6067,24.9,95,0.0,3.9,3,Clouds generally forming or developing
2026-07-29,05:00:00,Pahang,Raub,3.7931,101.8569,23.7,97,0.1,5.8,51,"Drizzle, not freezing, continuous 	slight at time of observation"
2026-07-29,05:00:00,Sabah,Tawau,4.2448,117.8911,24.3,94,0.0,12.4,1,Clouds generally dissolving or becoming less developed
2026-07-29,05:00:00,Selangor,Klang,3.0333,101.45,26.1,87,0.0,10.5,3,Clouds generally forming or developing
2026-07-29,05:00:00,Johor,Muar,2.05,102.56,25.3,91,0.0,9.0,3,Clouds generally forming or developing
2026-07-29,05:00:00,Sabah,Kota Kinabalu,5.975,116.0725,24.0,80,0.0,2.7,3,Clouds generally forming or developing
2026-07-29,05:00:00,Pulau Pinang,Butterworth,5.3992,100.3639,26.1,88,0.0,7.0,3,Clouds generally forming or developing
2026-07-29,05:00:00,Sarawak,Kuching,1.5397,110.3542,23.9,99,0.0,8.9,3,Clouds generally forming or developing
2026-07-29,05:00:00,Perak,Taiping,4.85,100.7333,25.6,96,0.0,2.4,3,Clouds generally forming or developing
2026-07-29,05:00:00,Sarawak,Miri,4.4028,113.9933,23.9,96,0.0,8.2,3,Clouds generally forming or developing
2026-07-29,05:00:00,Johor,Batu Pahat,1.85,102.93,24.6,94,0.0,7.6,3,Clouds generally forming or developing
2026-07-29,05:00:00,Negeri Sembilan,Seremban,2.7297,101.9381,25.3,90,0.0,7.7,3,Clouds generally forming or developing
2026-07-29,05:00:00,Perak,Teluk Intan,4.0259,101.0213,25.9,94,0.0,4.9,3,Clouds generally forming or developing
2026-07-29,05:00:00,Kedah,Sungai Petani,5.65,100.48,24.3,96,0.0,4.2,3,Clouds generally forming or developing
2026-07-29,05:00:00,Kedah,Alor Setar,6.1167,100.3667,24.0,96,0.2,5.0,51,"Drizzle, not freezing, continuous 	slight at time of observation"
2026-07-29,05:00:00,Sarawak,Sibu,2.3,111.8167,23.8,97,0.0,8.0,3,Clouds generally forming or developing
2026-07-29,05:00:00,Sabah,Lahad Datu,5.03,118.34,23.8,99,0.0,2.8,2,State of sky on the whole unchanged
2026-07-29,04:00:00,Sabah,Tawau,4.2448,117.8911,24.3,94,0.0,13.0,1,Clouds generally dissolving or becoming less developed
2026-07-29,04:00:00,Perak,Taiping,4.85,100.7333,25.7,96,0.0,2.2,3,Clouds generally forming or developing
2026-07-29,04:00:00,Sabah,Lahad Datu,5.03,118.34,23.8,99,0.2,5.2,51,"Drizzle, not freezing, continuous 	slight at time of observation"
2026-07-29,04:00:00,Pahang,Kuala Lipis,4.184,102.042,25.7,91,0.0,0.5,3,Clouds generally forming or developing
2026-07-29,04:00:00,Pahang,Kuantan,3.8167,103.3333,26.0,90,0.0,8.1,3,Clouds generally forming or developing
2026-07-29,04:00:00,Selangor,Petaling Jaya,3.1073,101.6067,25.2,93,0.0,3.1,3,Clouds generally forming or developing
2026-07-29,04:00:00,Perak,Teluk Intan,4.0259,101.0213,25.9,94,0.0,3.3,3,Clouds generally forming or developing
2026-07-29,04:00:00,Pulau Pinang,Bukit Mertajam,5.3631,100.4667,26.7,86,0.3,5.6,51,"Drizzle, not freezing, continuous 	slight at time of observation"
2026-07-29,04:00:00,Selangor,Shah Alam,3.0833,101.5333,26.3,87,0.0,8.6,3,Clouds generally forming or developing
2026-07-29,04:00:00,Perak,Ipoh,4.6,101.07,25.3,94,0.0,1.5,3,Clouds generally forming or developing
2026-07-29,04:00:00,Sarawak,Kuching,1.5397,110.3542,24.2,98,0.0,5.3,3,Clouds generally forming or developing
2026-07-29,04:00:00,Pulau Pinang,Butterworth,5.3992,100.3639,26.7,86,0.3,5.6,51,"Drizzle, not freezing, continuous 	slight at time of observation"
2026-07-29,04:00:00,Pahang,Raub,3.7931,101.8569,23.8,96,0.2,4.9,51,"Drizzle, not freezing, continuous 	slight at time of observation"
2026-07-29,04:00:00,Sarawak,Bintulu,3.17,113.03,24.0,92,0.0,7.2,3,Clouds generally forming or developing
2026-07-29,04:00:00,Kedah,Alor Setar,6.1167,100.3667,24.1,95,0.0,8.3,3,Clouds generally forming or developing
2026-07-29,04:00:00,Johor,Muar,2.05,102.56,25.6,91,0.0,8.3,3,Clouds generally forming or developing
2026-07-29,04:00:00,Kedah,Sungai Petani,5.65,100.48,24.8,95,0.1,2.4,51,"Drizzle, not freezing, continuous 	slight at time of observation"
2026-07-29,04:00:00,Selangor,Klang,3.0333,101.45,26.3,86,0.0,9.7,2,State of sky on the whole unchanged
2026-07-29,04:00:00,Perlis,Kangar,6.4333,100.2,23.9,96,0.4,8.6,53,"Drizzle, not freezing, continuous 	moderate at time of observation"
2026-07-29,04:00:00,Melaka,Melaka,2.1889,102.2511,25.9,91,0.0,9.6,3,Clouds generally forming or developing
2026-07-29,04:00:00,Sabah,Sandakan,5.8388,118.1173,25.1,96,0.0,9.6,2,State of sky on the whole unchanged
2026-07-29,04:00:00,Negeri Sembilan,Seremban,2.7297,101.9381,25.7,90,0.0,8.2,3,Clouds generally forming or developing
2026-07-29,04:00:00,Pulau Pinang,George Town,5.4145,100.3292,25.4,93,0.3,4.0,51,"Drizzle, not freezing, continuous 	slight at time of observation"
2026-07-29,04:00:00,Johor,Johor Bahru,1.4556,103.7611,25.1,94,0.0,5.4,3,Clouds generally forming or developing
2026-07-29,04:00:00,Johor,Kluang,2.0336,103.3194,24.4,95,0.0,7.3,3,Clouds generally forming or developing
2026-07-29,04:00:00,Johor,Batu Pahat,1.85,102.93,25.0,93,0.0,6.8,3,Clouds generally forming or developing
2026-07-29,04:00:00,Sarawak,Sibu,2.3,111.8167,23.9,97,0.0,7.9,3,Clouds generally forming or developing
2026-07-29,04:00:00,Kelantan,Kota Bharu,6.1333,102.25,26.2,92,0.0,1.5,3,Clouds generally forming or developing
2026-07-29,04:00:00,Kuala Lumpur,Kuala Lumpur,3.1478,101.6953,24.6,96,0.0,1.5,3,Clouds generally forming or developing
2026-07-29,04:00:00,Putrajaya,Putrajaya,2.93,101.69,25.7,90,0.0,10.4,3,Clouds generally forming or developing
2026-07-29,04:00:00,Sabah,Kota Kinabalu,5.975,116.0725,23.9,83,0.0,5.3,3,Clouds generally forming or developing
2026-07-29,04:00:00,Sarawak,Miri,4.4028,113.9933,24.1,96,0.0,9.0,3,Clouds generally forming or developing
2026-07-29,04:00:00,Labuan,Labuan,5.2803,115.2475,26.8,80,0.0,5.8,3,Clouds generally forming or developing
2026-07-29,03:00:00,Perak,Ipoh,4.6,101.07,25.7,93,0.0,0.7,3,Clouds generally forming or developing
2026-07-29,03:00:00,Johor,Batu Pahat,1.85,102.93,25.1,93,0.0,7.1,3,Clouds generally forming or developing
2026-07-29,03:00:00,Pulau Pinang,Butterworth,5.3992,100.3639,27.3,86,0.0,8.1,3,Clouds generally forming or developing
2026-07-29,03:00:00,Perak,Taiping,4.85,100.7333,25.9,97,0.0,2.3,3,Clouds generally forming or developing
2026-07-29,03:00:00,Labuan,Labuan,5.2803,115.2475,27.0,80,0.0,8.2,3,Clouds generally forming or developing
2026-07-29,03:00:00,Sarawak,Kuching,1.5397,110.3542,24.3,97,0.0,3.2,3,Clouds generally forming or developing
2026-07-29,03:00:00,Kedah,Sungai Petani,5.65,100.48,25.5,90,0.5,5.8,53,"Drizzle, not freezing, continuous 	moderate at time of observation"
2026-07-29,03:00:00,Sarawak,Sibu,2.3,111.8167,23.9,97,0.0,3.1,3,Clouds generally forming or developing
2026-07-29,03:00:00,Johor,Kluang,2.0336,103.3194,24.6,94,0.0,7.9,3,Clouds generally forming or developing
2026-07-29,03:00:00,Perak,Teluk Intan,4.0259,101.0213,26.3,93,0.0,4.1,3,Clouds generally forming or developing
2026-07-29,03:00:00,Selangor,Petaling Jaya,3.1073,101.6067,25.6,92,0.0,3.1,3,Clouds generally forming or developing
2026-07-29,03:00:00,Perlis,Kangar,6.4333,100.2,24.0,96,0.0,7.3,3,Clouds generally forming or developing
2026-07-29,03:00:00,Sabah,Sandakan,5.8388,118.1173,25.3,96,0.2,8.5,51,"Drizzle, not freezing, continuous 	slight at time of observation"
2026-07-29,03:00:00,Sarawak,Bintulu,3.17,113.03,24.0,92,0.0,7.1,3,Clouds generally forming or developing
2026-07-29,03:00:00,Johor,Johor Bahru,1.4556,103.7611,25.2,94,0.0,5.1,3,Clouds generally forming or developing
2026-07-29,03:00:00,Sabah,Kota Kinabalu,5.975,116.0725,24.2,82,0.0,5.6,3,Clouds generally forming or developing
2026-07-29,03:00:00,Negeri Sembilan,Seremban,2.7297,101.9381,25.9,89,0.0,9.8,3,Clouds generally forming or developing
2026-07-29,03:00:00,Melaka,Melaka,2.1889,102.2511,26.4,90,0.0,9.4,3,Clouds generally forming or developing
2026-07-29,03:00:00,Kuala Lumpur,Kuala Lumpur,3.1478,101.6953,25.0,94,0.0,2.3,3,Clouds generally forming or developing
2026-07-29,03:00:00,Pulau Pinang,Bukit Mertajam,5.3631,100.4667,27.3,86,0.0,8.1,3,Clouds generally forming or developing
2026-07-29,03:00:00,Putrajaya,Putrajaya,2.93,101.69,26.1,88,0.0,9.2,3,Clouds generally forming or developing
2026-07-29,03:00:00,Kelantan,Kota Bharu,6.1333,102.25,26.3,90,0.0,8.9,3,Clouds generally forming or developing
2026-07-29,03:00:00,Pahang,Kuantan,3.8167,103.3333,26.4,88,0.0,8.8,3,Clouds generally forming or developing
2026-07-29,03:00:00,Sarawak,Miri,4.4028,113.9933,24.3,94,0.0,10.5,3,Clouds generally forming or developing
2026-07-29,03:00:00,Kedah,Alor Setar,6.1167,100.3667,24.1,94,0.2,5.5,51,"Drizzle, not freezing, continuous 	slight at time of observation"
2026-07-29,03:00:00,Pahang,Kuala Lipis,4.184,102.042,25.7,90,0.0,1.7,3,Clouds generally forming or developing
2026-07-29,03:00:00,Sabah,Lahad Datu,5.03,118.34,24.0,99,0.4,4.3,51,"Drizzle, not freezing, continuous 	slight at time of observation"
2026-07-29,03:00:00,Pahang,Raub,3.7931,101.8569,24.1,94,0.1,4.8,51,"Drizzle, not freezing, continuous 	slight at time of observation"
2026-07-29,03:00:00,Johor,Muar,2.05,102.56,26.3,89,0.0,7.6,3,Clouds generally forming or developing
2026-07-29,03:00:00,Selangor,Shah Alam,3.0833,101.5333,26.7,87,0.0,7.1,3,Clouds generally forming or developing
2026-07-29,03:00:00,Selangor,Klang,3.0333,101.45,26.6,88,0.0,8.0,3,Clouds generally forming or developing
2026-07-29,03:00:00,Sabah,Tawau,4.2448,117.8911,24.4,92,0.0,11.4,1,Clouds generally dissolving or becoming less developed
2026-07-29,03:00:00,Pulau Pinang,George Town,5.4145,100.3292,25.8,88,0.2,13.5,53,"Drizzle, not freezing, continuous 	moderate at time of observation"
2026-07-29,02:00:00,Selangor,Klang,3.0333,101.45,26.9,90,0.0,6.8,3,Clouds generally forming or developing
2026-07-29,02:00:00,Kuala Lumpur,Kuala Lumpur,3.1478,101.6953,25.8,92,0.0,2.4,3,Clouds generally forming or developing
2026-07-29,02:00:00,Kedah,Alor Setar,6.1167,100.3667,24.5,88,1.4,1.4,80,"Rain shower(s), slight"
2026-07-29,02:00:00,Pulau Pinang,Butterworth,5.3992,100.3639,27.9,82,0.0,4.1,3,Clouds generally forming or developing
2026-07-29,02:00:00,Sarawak,Sibu,2.3,111.8167,23.8,98,0.0,9.2,2,State of sky on the whole unchanged
2026-07-29,02:00:00,Pahang,Raub,3.7931,101.8569,24.7,91,0.0,3.4,2,State of sky on the whole unchanged
2026-07-29,02:00:00,Perak,Ipoh,4.6,101.07,26.1,91,0.0,0.6,3,Clouds generally forming or developing
2026-07-29,02:00:00,Sabah,Lahad Datu,5.03,118.34,24.1,97,0.8,5.1,81,"Rain shower(s), moderate or heavy"
2026-07-29,02:00:00,Johor,Batu Pahat,1.85,102.93,25.4,93,0.0,6.4,3,Clouds generally forming or developing
2026-07-29,02:00:00,Perlis,Kangar,6.4333,100.2,24.2,95,0.6,6.8,53,"Drizzle, not freezing, continuous 	moderate at time of observation"
2026-07-29,02:00:00,Perak,Taiping,4.85,100.7333,26.1,97,0.0,2.7,3,Clouds generally forming or developing
2026-07-29,02:00:00,Johor,Johor Bahru,1.4556,103.7611,25.5,93,0.0,5.1,3,Clouds generally forming or developing
2026-07-29,02:00:00,Sarawak,Bintulu,3.17,113.03,25.0,89,0.1,8.9,51,"Drizzle, not freezing, continuous 	slight at time of observation"
2026-07-29,02:00:00,Melaka,Melaka,2.1889,102.2511,27.1,86,0.0,11.8,3,Clouds generally forming or developing
2026-07-29,02:00:00,Sabah,Kota Kinabalu,5.975,116.0725,25.1,78,0.0,8.2,3,Clouds generally forming or developing
2026-07-29,02:00:00,Negeri Sembilan,Seremban,2.7297,101.9381,26.2,86,0.0,8.6,3,Clouds generally forming or developing
2026-07-29,02:00:00,Sarawak,Kuching,1.5397,110.3542,24.4,96,0.0,4.0,3,Clouds generally forming or developing
2026-07-29,02:00:00,Sarawak,Miri,4.4028,113.9933,24.6,94,0.2,7.8,51,"Drizzle, not freezing, continuous 	slight at time of observation"
2026-07-29,02:00:00,Sabah,Sandakan,5.8388,118.1173,25.3,96,0.1,5.4,51,"Drizzle, not freezing, continuous 	slight at time of observation"
2026-07-29,02:00:00,Pahang,Kuantan,3.8167,103.3333,26.7,85,0.0,10.6,3,Clouds generally forming or developing
2026-07-29,02:00:00,Pulau Pinang,Bukit Mertajam,5.3631,100.4667,27.8,82,0.0,4.1,3,Clouds generally forming or developing
2026-07-29,02:00:00,Johor,Muar,2.05,102.56,26.8,87,0.0,8.0,3,Clouds generally forming or developing
2026-07-29,02:00:00,Johor,Kluang,2.0336,103.3194,24.8,94,0.0,9.2,3,Clouds generally forming or developing
2026-07-29,02:00:00,Perak,Teluk Intan,4.0259,101.0213,26.7,92,0.0,4.9,3,Clouds generally forming or developing
2026-07-29,02:00:00,Putrajaya,Putrajaya,2.93,101.69,26.7,87,0.0,8.3,3,Clouds generally forming or developing
2026-07-29,02:00:00,Pahang,Kuala Lipis,4.184,102.042,26.2,88,0.0,2.2,3,Clouds generally forming or developing
2026-07-29,02:00:00,Labuan,Labuan,5.2803,115.2475,27.2,80,0.0,12.0,3,Clouds generally forming or developing
2026-07-29,02:00:00,Selangor,Shah Alam,3.0833,101.5333,27.0,88,0.0,6.4,3,Clouds generally forming or developing
2026-07-29,02:00:00,Kedah,Sungai Petani,5.65,100.48,26.2,87,0.0,6.0,3,Clouds generally forming or developing
2026-07-29,02:00:00,Sabah,Tawau,4.2448,117.8911,25.4,86,0.2,11.1,53,"Drizzle, not freezing, continuous 	moderate at time of observation"
2026-07-29,02:00:00,Kelantan,Kota Bharu,6.1333,102.25,26.0,92,0.7,10.9,53,"Drizzle, not freezing, continuous 	moderate at time of observation"
2026-07-29,02:00:00,Pulau Pinang,George Town,5.4145,100.3292,28.2,87,0.0,1.1,3,Clouds generally forming or developing
2026-07-29,02:00:00,Selangor,Petaling Jaya,3.1073,101.6067,26.2,90,0.0,3.2,3,Clouds generally forming or developing
2026-07-29,01:00:00,Johor,Batu Pahat,1.85,102.93,25.4,90,0.0,6.2,3,Clouds generally forming or developing
2026-07-29,01:00:00,Kedah,Sungai Petani,5.65,100.48,26.7,83,0.0,1.5,3,Clouds generally forming or developing
2026-07-29,01:00:00,Putrajaya,Putrajaya,2.93,101.69,26.2,92,0.0,4.3,3,Clouds generally forming or developing
2026-07-29,01:00:00,Sarawak,Kuching,1.5397,110.3542,24.5,96,0.0,1.8,3,Clouds generally forming or developing
2026-07-29,01:00:00,Pulau Pinang,Butterworth,5.3992,100.3639,28.0,80,0.0,5.0,3,Clouds generally forming or developing
2026-07-29,01:00:00,Perak,Teluk Intan,4.0259,101.0213,26.5,93,0.0,3.2,3,Clouds generally forming or developing
2026-07-29,01:00:00,Perak,Taiping,4.85,100.7333,26.2,95,0.0,4.9,3,Clouds generally forming or developing
2026-07-29,01:00:00,Selangor,Shah Alam,3.0833,101.5333,26.6,89,0.0,4.3,3,Clouds generally forming or developing
2026-07-29,01:00:00,Negeri Sembilan,Seremban,2.7297,101.9381,26.0,87,0.0,5.1,3,Clouds generally forming or developing
2026-07-29,01:00:00,Selangor,Petaling Jaya,3.1073,101.6067,25.8,89,0.0,2.9,3,Clouds generally forming or developing
2026-07-29,01:00:00,Sabah,Sandakan,5.8388,118.1173,26.5,92,0.3,2.2,51,"Drizzle, not freezing, continuous 	slight at time of observation"
2026-07-29,01:00:00,Johor,Kluang,2.0336,103.3194,24.7,94,0.0,6.9,3,Clouds generally forming or developing
2026-07-29,01:00:00,Pulau Pinang,Bukit Mertajam,5.3631,100.4667,28.0,80,0.0,5.0,3,Clouds generally forming or developing
2026-07-29,01:00:00,Sarawak,Miri,4.4028,113.9933,25.0,91,0.5,3.5,53,"Drizzle, not freezing, continuous 	moderate at time of observation"
2026-07-29,01:00:00,Sabah,Lahad Datu,5.03,118.34,25.6,91,0.0,2.8,3,Clouds generally forming or developing
2026-07-29,01:00:00,Sabah,Kota Kinabalu,5.975,116.0725,25.6,76,0.1,8.1,51,"Drizzle, not freezing, continuous 	slight at time of observation"
2026-07-29,01:00:00,Perlis,Kangar,6.4333,100.2,24.5,94,0.2,2.5,55,"Drizzle, not freezing, continuous heavy (dense) at time of observation"
2026-07-29,01:00:00,Johor,Muar,2.05,102.56,26.2,86,0.0,9.9,3,Clouds generally forming or developing
2026-07-29,01:00:00,Pahang,Kuala Lipis,4.184,102.042,25.8,88,0.0,4.5,3,Clouds generally forming or developing
2026-07-29,01:00:00,Sarawak,Bintulu,3.17,113.03,25.5,86,0.1,12.9,51,"Drizzle, not freezing, continuous 	slight at time of observation"
2026-07-29,01:00:00,Selangor,Klang,3.0333,101.45,26.3,92,0.0,5.5,3,Clouds generally forming or developing
2026-07-29,01:00:00,Sarawak,Sibu,2.3,111.8167,23.8,98,0.0,8.1,1,Clouds generally dissolving or becoming less developed
2026-07-29,01:00:00,Pahang,Raub,3.7931,101.8569,24.2,92,0.0,3.9,3,Clouds generally forming or developing
2026-07-29,01:00:00,Johor,Johor Bahru,1.4556,103.7611,25.5,91,0.0,4.2,3,Clouds generally forming or developing
2026-07-29,01:00:00,Kelantan,Kota Bharu,6.1333,102.25,24.8,96,0.6,7.7,80,"Rain shower(s), slight"
2026-07-29,01:00:00,Pulau Pinang,George Town,5.4145,100.3292,28.1,84,0.0,0.9,3,Clouds generally forming or developing
2026-07-29,01:00:00,Sabah,Tawau,4.2448,117.8911,25.5,86,0.1,8.5,51,"Drizzle, not freezing, continuous 	slight at time of observation"
2026-07-29,01:00:00,Perak,Ipoh,4.6,101.07,25.9,92,0.0,3.1,3,Clouds generally forming or developing
2026-07-29,01:00:00,Labuan,Labuan,5.2803,115.2475,27.1,81,0.0,11.8,3,Clouds generally forming or developing
2026-07-29,01:00:00,Kuala Lumpur,Kuala Lumpur,3.1478,101.6953,25.2,93,0.0,2.3,3,Clouds generally forming or developing
2026-07-29,01:00:00,Kedah,Alor Setar,6.1167,100.3667,24.5,92,0.0,18.8,80,"Rain shower(s), slight"
2026-07-29,01:00:00,Melaka,Melaka,2.1889,102.2511,26.6,86,0.0,11.6,3,Clouds generally forming or developing
2026-07-29,01:00:00,Pahang,Kuantan,3.8167,103.3333,26.3,89,0.0,7.7,3,Clouds generally forming or developing
2026-07-29,00:00:00,Perak,Teluk Intan,4.0259,101.0213,26.5,93,0.0,1.8,3,Clouds generally forming or developing
2026-07-29,00:00:00,Johor,Muar,2.05,102.56,26.5,85,0.0,13.4,3,Clouds generally forming or developing
2026-07-29,00:00:00,Johor,Batu Pahat,1.85,102.93,25.6,89,0.0,7.9,3,Clouds generally forming or developing
2026-07-29,00:00:00,Pulau Pinang,Butterworth,5.3992,100.3639,28.5,78,0.0,4.4,3,Clouds generally forming or developing
2026-07-29,00:00:00,Putrajaya,Putrajaya,2.93,101.69,26.5,91,0.0,4.9,3,Clouds generally forming or developing
2026-07-29,00:00:00,Selangor,Petaling Jaya,3.1073,101.6067,26.1,88,0.0,3.3,3,Clouds generally forming or developing
2026-07-29,00:00:00,Perlis,Kangar,6.4333,100.2,27.1,80,0.0,10.1,3,Clouds generally forming or developing
2026-07-29,00:00:00,Pahang,Kuala Lipis,4.184,102.042,26.1,85,0.0,5.5,3,Clouds generally forming or developing
2026-07-29,00:00:00,Pahang,Raub,3.7931,101.8569,24.6,92,0.0,4.1,3,Clouds generally forming or developing
2026-07-29,00:00:00,Selangor,Shah Alam,3.0833,101.5333,26.7,88,0.0,4.4,3,Clouds generally forming or developing
2026-07-29,00:00:00,Sarawak,Miri,4.4028,113.9933,25.4,87,0.0,6.8,3,Clouds generally forming or developing
2026-07-29,00:00:00,Sabah,Kota Kinabalu,5.975,116.0725,26.1,75,0.3,4.7,51,"Drizzle, not freezing, continuous 	slight at time of observation"
2026-07-29,00:00:00,Sarawak,Kuching,1.5397,110.3542,25.0,93,0.0,1.0,2,State of sky on the whole unchanged
2026-07-29,00:00:00,Labuan,Labuan,5.2803,115.2475,27.2,81,0.1,12.8,51,"Drizzle, not freezing, continuous 	slight at time of observation"
2026-07-29,00:00:00,Selangor,Klang,3.0333,101.45,26.5,91,0.0,5.2,3,Clouds generally forming or developing
2026-07-29,00:00:00,Johor,Johor Bahru,1.4556,103.7611,25.5,92,0.0,5.3,3,Clouds generally forming or developing
2026-07-29,00:00:00,Perak,Ipoh,4.6,101.07,26.5,90,0.0,2.7,3,Clouds generally forming or developing
2026-07-29,00:00:00,Kelantan,Kota Bharu,6.1333,102.25,27.0,90,0.0,7.9,3,Clouds generally forming or developing
2026-07-29,00:00:00,Kuala Lumpur,Kuala Lumpur,3.1478,101.6953,25.6,91,0.0,2.7,3,Clouds generally forming or developing
2026-07-29,00:00:00,Pahang,Kuantan,3.8167,103.3333,26.2,89,0.0,7.6,3,Clouds generally forming or developing
2026-07-29,00:00:00,Negeri Sembilan,Seremban,2.7297,101.9381,26.7,85,0.0,7.2,3,Clouds generally forming or developing
2026-07-29,00:00:00,Kedah,Sungai Petani,5.65,100.48,27.2,82,0.0,0.4,3,Clouds generally forming or developing
2026-07-29,00:00:00,Pulau Pinang,George Town,5.4145,100.3292,28.2,83,0.0,1.3,3,Clouds generally forming or developing
2026-07-29,00:00:00,Sabah,Tawau,4.2448,117.8911,26.1,86,0.0,5.8,2,State of sky on the whole unchanged
2026-07-29,00:00:00,Sabah,Sandakan,5.8388,118.1173,26.5,92,0.0,4.1,53,"Drizzle, not freezing, continuous 	moderate at time of observation"
2026-07-29,00:00:00,Sarawak,Sibu,2.3,111.8167,24.1,96,0.2,11.4,53,"Drizzle, not freezing, continuous 	moderate at time of observation"
2026-07-29,00:00:00,Sarawak,Bintulu,3.17,113.03,28.4,74,0.0,8.6,2,State of sky on the whole unchanged
2026-07-29,00:00:00,Perak,Taiping,4.85,100.7333,26.3,95,0.0,2.6,3,Clouds generally forming or developing
2026-07-29,00:00:00,Johor,Kluang,2.0336,103.3194,25.0,93,0.0,9.1,2,State of sky on the whole unchanged
2026-07-29,00:00:00,Kedah,Alor Setar,6.1167,100.3667,27.9,85,0.0,4.1,3,Clouds generally forming or developing
2026-07-29,00:00:00,Sabah,Lahad Datu,5.03,118.34,26.2,87,0.0,0.3,2,State of sky on the whole unchanged
2026-07-29,00:00:00,Pulau Pinang,Bukit Mertajam,5.3631,100.4667,28.5,78,0.0,4.4,3,Clouds generally forming or developing
2026-07-29,00:00:00,Melaka,Melaka,2.1889,102.2511,26.5,87,0.0,15.1,3,Clouds generally forming or developing
2026-07-29,19:00:00,Melaka,Melaka,2.1889,102.2511,29.0,77,0.0,5.9,3,Clouds generally forming or developing
2026-07-29,19:00:00,Perak,Teluk Intan,4.0259,101.0213,26.9,90,0.0,5.1,3,Clouds generally forming or developing
2026-07-29,19:00:00,Pulau Pinang,George Town,5.4145,100.3292,25.8,95,0.0,4.6,3,Clouds generally forming or developing
2026-07-29,19:00:00,Perak,Taiping,4.85,100.7333,26.5,94,0.0,5.6,3,Clouds generally forming or developing
2026-07-29,19:00:00,Pulau Pinang,Bukit Mertajam,5.3631,100.4667,26.1,92,0.0,6.3,3,Clouds generally forming or developing
2026-07-29,19:00:00,Sarawak,Sibu,2.3,111.8167,25.7,98,0.1,5.2,51,"Drizzle, not freezing, continuous 	slight at time of observation"
2026-07-29,19:00:00,Putrajaya,Putrajaya,2.93,101.69,26.9,86,0.0,6.3,3,Clouds generally forming or developing
2026-07-29,19:00:00,Perlis,Kangar,6.4333,100.2,26.6,85,0.0,6.2,3,Clouds generally forming or developing
2026-07-29,19:00:00,Sabah,Tawau,4.2448,117.8911,26.9,86,0.0,4.5,1,Clouds generally dissolving or becoming less developed
2026-07-29,19:00:00,Kelantan,Kota Bharu,6.1333,102.25,26.6,88,0.0,7.6,3,Clouds generally forming or developing
2026-07-29,19:00:00,Selangor,Petaling Jaya,3.1073,101.6067,26.7,85,0.0,4.2,3,Clouds generally forming or developing
2026-07-29,19:00:00,Labuan,Labuan,5.2803,115.2475,28.1,81,0.0,12.2,3,Clouds generally forming or developing
2026-07-29,19:00:00,Terengganu,Cukai,4.2332,103.4479,24.7,96,0.5,4.1,53,"Drizzle, not freezing, continuous 	moderate at time of observation"
2026-07-29,19:00:00,Selangor,Klang,3.0333,101.45,26.1,91,0.0,5.2,3,Clouds generally forming or developing
2026-07-29,19:00:00,Terengganu,Kuala Terengganu,5.3303,103.1408,27.2,86,0.2,6.4,51,"Drizzle, not freezing, continuous 	slight at time of observation"
2026-07-29,19:00:00,Perak,Ipoh,4.6,101.07,26.5,88,0.0,4.4,3,Clouds generally forming or developing
2026-07-29,19:00:00,Pahang,Kuantan,3.8167,103.3333,25.1,95,1.1,2.7,80,"Rain shower(s), slight"
2026-07-29,19:00:00,Sabah,Kota Kinabalu,5.975,116.0725,27.3,90,0.0,1.6,3,Clouds generally forming or developing
2026-07-29,19:00:00,Sarawak,Miri,4.4028,113.9933,27.7,83,0.0,4.8,3,Clouds generally forming or developing
2026-07-29,19:00:00,Johor,Kluang,2.0336,103.3194,26.4,92,0.1,5.0,51,"Drizzle, not freezing, continuous 	slight at time of observation"
2026-07-29,19:00:00,Sarawak,Kuching,1.5397,110.3542,25.4,96,0.1,5.4,51,"Drizzle, not freezing, continuous 	slight at time of observation"
2026-07-29,19:00:00,Kuala Lumpur,Kuala Lumpur,3.1478,101.6953,27.2,82,0.0,2.8,3,Clouds generally forming or developing
2026-07-29,19:00:00,Sabah,Lahad Datu,5.03,118.34,25.2,93,0.7,6.3,55,"Drizzle, not freezing, continuous heavy (dense) at time of observation"
2026-07-29,19:00:00,Sarawak,Bintulu,3.17,113.03,27.2,88,0.0,4.5,2,State of sky on the whole unchanged
2026-07-29,19:00:00,Selangor,Shah Alam,3.0833,101.5333,26.4,89,0.0,5.3,3,Clouds generally forming or developing
2026-07-29,19:00:00,Johor,Johor Bahru,1.4556,103.7611,27.9,83,0.1,2.4,51,"Drizzle, not freezing, continuous 	slight at time of observation"
2026-07-29,19:00:00,Kedah,Alor Setar,6.1167,100.3667,26.1,90,0.0,6.1,3,Clouds generally forming or developing
2026-07-29,19:00:00,Sabah,Sandakan,5.8388,118.1173,26.0,95,0.3,7.0,51,"Drizzle, not freezing, continuous 	slight at time of observation"
2026-07-29,19:00:00,Kedah,Sungai Petani,5.65,100.48,25.3,96,0.0,3.5,3,Clouds generally forming or developing
2026-07-29,19:00:00,Pahang,Kuala Lipis,4.184,102.042,26.2,95,0.2,3.9,51,"Drizzle, not freezing, continuous 	slight at time of observation"
2026-07-29,19:00:00,Pahang,Raub,3.7931,101.8569,25.1,98,0.3,2.6,51,"Drizzle, not freezing, continuous 	slight at time of observation"
2026-07-29,19:00:00,Pulau Pinang,Butterworth,5.3992,100.3639,26.2,92,0.0,6.3,3,Clouds generally forming or developing
2026-07-29,19:00:00,Johor,Muar,2.05,102.56,28.7,78,0.0,7.7,3,Clouds generally forming or developing
2026-07-29,18:00:00,Sarawak,Sibu,2.3,111.8167,26.4,96,0.2,4.9,51,"Drizzle, not freezing, continuous 	slight at time of observation"
2026-07-29,18:00:00,Perak,Taiping,4.85,100.7333,26.9,94,0.0,1.0,3,Clouds generally forming or developing
2026-07-29,18:00:00,Kedah,Alor Setar,6.1167,100.3667,26.1,91,0.0,9.3,3,Clouds generally forming or developing
2026-07-29,18:00:00,Pahang,Kuala Lipis,4.184,102.042,26.5,94,0.4,4.2,51,"Drizzle, not freezing, continuous 	slight at time of observation"
2026-07-29,18:00:00,Kelantan,Kota Bharu,6.1333,102.25,26.9,86,0.0,7.0,3,Clouds generally forming or developing
2026-07-29,18:00:00,Melaka,Melaka,2.1889,102.2511,29.8,69,0.0,8.4,3,Clouds generally forming or developing
2026-07-29,18:00:00,Sarawak,Miri,4.4028,113.9933,28.8,79,0.0,5.8,3,Clouds generally forming or developing
2026-07-29,18:00:00,Perak,Teluk Intan,4.0259,101.0213,27.2,91,0.0,4.5,51,"Drizzle, not freezing, continuous 	slight at time of observation"
2026-07-29,18:00:00,Sarawak,Kuching,1.5397,110.3542,26.0,93,0.2,4.3,51,"Drizzle, not freezing, continuous 	slight at time of observation"
2026-07-29,18:00:00,Sabah,Kota Kinabalu,5.975,116.0725,28.4,80,0.0,3.6,3,Clouds generally forming or developing
2026-07-29,18:00:00,Kedah,Sungai Petani,5.65,100.48,25.8,94,0.3,4.1,51,"Drizzle, not freezing, continuous 	slight at time of observation"
2026-07-29,18:00:00,Terengganu,Cukai,4.2332,103.4479,24.8,96,1.3,5.0,80,"Rain shower(s), slight"
2026-07-29,18:00:00,Sabah,Lahad Datu,5.03,118.34,26.5,85,0.0,6.5,51,"Drizzle, not freezing, continuous 	slight at time of observation"
2026-07-29,18:00:00,Johor,Johor Bahru,1.4556,103.7611,29.4,70,0.4,5.1,51,"Drizzle, not freezing, continuous 	slight at time of observation"
2026-07-29,18:00:00,Pulau Pinang,Bukit Mertajam,5.3631,100.4667,26.3,91,0.1,6.6,51,"Drizzle, not freezing, continuous 	slight at time of observation"
2026-07-29,18:00:00,Sarawak,Bintulu,3.17,113.03,28.5,82,0.0,4.3,3,Clouds generally forming or developing
2026-07-29,18:00:00,Sabah,Sandakan,5.8388,118.1173,25.7,93,0.6,11.7,80,"Rain shower(s), slight"
2026-07-29,18:00:00,Selangor,Shah Alam,3.0833,101.5333,26.4,89,0.3,10.1,51,"Drizzle, not freezing, continuous 	slight at time of observation"
2026-07-29,18:00:00,Johor,Kluang,2.0336,103.3194,26.9,89,0.1,5.3,51,"Drizzle, not freezing, continuous 	slight at time of observation"
2026-07-29,18:00:00,Selangor,Petaling Jaya,3.1073,101.6067,27.1,83,0.1,8.2,51,"Drizzle, not freezing, continuous 	slight at time of observation"
2026-07-29,18:00:00,Johor,Muar,2.05,102.56,29.8,70,0.0,9.6,2,State of sky on the whole unchanged
2026-07-29,18:00:00,Pahang,Kuantan,3.8167,103.3333,25.1,94,0.8,5.0,80,"Rain shower(s), slight"
2026-07-29,18:00:00,Terengganu,Kuala Terengganu,5.3303,103.1408,28.4,80,0.0,5.1,2,State of sky on the whole unchanged
2026-07-29,18:00:00,Pulau Pinang,Butterworth,5.3992,100.3639,26.4,91,0.1,6.6,51,"Drizzle, not freezing, continuous 	slight at time of observation"
2026-07-29,18:00:00,Sabah,Tawau,4.2448,117.8911,27.6,81,0.0,4.8,2,State of sky on the whole unchanged
2026-07-29,18:00:00,Kuala Lumpur,Kuala Lumpur,3.1478,101.6953,27.8,79,0.1,5.6,51,"Drizzle, not freezing, continuous 	slight at time of observation"
2026-07-29,18:00:00,Pahang,Raub,3.7931,101.8569,25.3,98,1.1,2.5,55,"Drizzle, not freezing, continuous heavy (dense) at time of observation"
2026-07-29,18:00:00,Selangor,Klang,3.0333,101.45,26.1,92,0.3,9.7,51,"Drizzle, not freezing, continuous 	slight at time of observation"
2026-07-29,18:00:00,Putrajaya,Putrajaya,2.93,101.69,27.5,82,0.0,10.8,3,Clouds generally forming or developing
2026-07-29,18:00:00,Perak,Ipoh,4.6,101.07,26.6,87,0.0,2.4,3,Clouds generally forming or developing
2026-07-29,18:00:00,Perlis,Kangar,6.4333,100.2,27.0,81,0.0,9.8,3,Clouds generally forming or developing
2026-07-29,18:00:00,Labuan,Labuan,5.2803,115.2475,29.0,74,0.0,11.6,3,Clouds generally forming or developing
2026-07-29,18:00:00,Pulau Pinang,George Town,5.4145,100.3292,25.8,93,0.0,6.4,3,Clouds generally forming or developing
2026-07-29,17:00:00,Labuan,Labuan,5.2803,115.2475,29.9,67,0.0,11.4,3,Clouds generally forming or developing
2026-07-29,17:00:00,Perak,Teluk Intan,4.0259,101.0213,27.3,90,0.1,3.1,51,"Drizzle, not freezing, continuous 	slight at time of observation"
2026-07-29,17:00:00,Sabah,Tawau,4.2448,117.8911,28.5,76,0.0,5.3,2,State of sky on the whole unchanged
2026-07-29,17:00:00,Pahang,Raub,3.7931,101.8569,25.5,98,1.1,2.9,95,"Thunderstorm, slight or moderate, without hail** but with rain and/or snow at time of observation - Thunderstorm at time of observation"
2026-07-29,17:00:00,Putrajaya,Putrajaya,2.93,101.69,28.4,78,0.0,8.5,51,"Drizzle, not freezing, continuous 	slight at time of observation"
2026-07-29,17:00:00,Perlis,Kangar,6.4333,100.2,26.4,87,0.2,10.8,51,"Drizzle, not freezing, continuous 	slight at time of observation"
2026-07-29,17:00:00,Kuala Lumpur,Kuala Lumpur,3.1478,101.6953,28.2,78,0.4,4.8,51,"Drizzle, not freezing, continuous 	slight at time of observation"
2026-07-29,17:00:00,Johor,Muar,2.05,102.56,30.1,68,0.1,9.8,51,"Drizzle, not freezing, continuous 	slight at time of observation"
2026-07-29,17:00:00,Pahang,Kuantan,3.8167,103.3333,25.8,95,0.7,4.0,95,"Thunderstorm, slight or moderate, without hail** but with rain and/or snow at time of observation - Thunderstorm at time of observation"
2026-07-29,17:00:00,Pulau Pinang,George Town,5.4145,100.3292,25.8,95,0.2,5.2,51,"Drizzle, not freezing, continuous 	slight at time of observation"
2026-07-29,17:00:00,Perak,Ipoh,4.6,101.07,27.0,84,0.2,2.1,51,"Drizzle, not freezing, continuous 	slight at time of observation"
2026-07-29,17:00:00,Sabah,Lahad Datu,5.03,118.34,28.6,72,0.1,8.4,51,"Drizzle, not freezing, continuous 	slight at time of observation"
2026-07-29,17:00:00,Terengganu,Cukai,4.2332,103.4479,25.0,99,1.1,15.6,80,"Rain shower(s), slight"
2026-07-29,17:00:00,Kelantan,Kota Bharu,6.1333,102.25,27.1,86,0.5,4.1,53,"Drizzle, not freezing, continuous 	moderate at time of observation"
2026-07-29,17:00:00,Pulau Pinang,Bukit Mertajam,5.3631,100.4667,26.1,92,0.6,5.4,53,"Drizzle, not freezing, continuous 	moderate at time of observation"
2026-07-29,17:00:00,Sarawak,Kuching,1.5397,110.3542,26.1,93,0.8,5.0,53,"Drizzle, not freezing, continuous 	moderate at time of observation"
2026-07-29,17:00:00,Kedah,Sungai Petani,5.65,100.48,25.5,95,0.5,2.9,53,"Drizzle, not freezing, continuous 	moderate at time of observation"
2026-07-29,17:00:00,Pahang,Kuala Lipis,4.184,102.042,26.4,96,0.7,4.1,53,"Drizzle, not freezing, continuous 	moderate at time of observation"
2026-07-29,17:00:00,Terengganu,Kuala Terengganu,5.3303,103.1408,29.0,77,0.0,5.6,3,Clouds generally forming or developing
2026-07-29,17:00:00,Selangor,Petaling Jaya,3.1073,101.6067,27.3,82,0.8,7.7,55,"Drizzle, not freezing, continuous heavy (dense) at time of observation"
2026-07-29,17:00:00,Sabah,Sandakan,5.8388,118.1173,28.2,81,0.4,8.3,51,"Drizzle, not freezing, continuous 	slight at time of observation"
2026-07-29,17:00:00,Selangor,Klang,3.0333,101.45,27.0,89,0.5,10.3,80,"Rain shower(s), slight"
2026-07-29,17:00:00,Sarawak,Bintulu,3.17,113.03,29.4,72,0.0,7.3,3,Clouds generally forming or developing
2026-07-29,17:00:00,Sabah,Kota Kinabalu,5.975,116.0725,29.2,73,0.2,2.9,51,"Drizzle, not freezing, continuous 	slight at time of observation"
2026-07-29,17:00:00,Johor,Johor Bahru,1.4556,103.7611,29.8,70,0.4,6.3,53,"Drizzle, not freezing, continuous 	moderate at time of observation"
2026-07-29,17:00:00,Pulau Pinang,Butterworth,5.3992,100.3639,26.1,92,0.6,5.4,53,"Drizzle, not freezing, continuous 	moderate at time of observation"
2026-07-29,17:00:00,Selangor,Shah Alam,3.0833,101.5333,27.1,86,0.5,9.2,80,"Rain shower(s), slight"
2026-07-29,17:00:00,Sarawak,Miri,4.4028,113.9933,29.7,72,0.0,6.8,3,Clouds generally forming or developing
2026-07-29,17:00:00,Melaka,Melaka,2.1889,102.2511,30.6,65,0.0,9.1,3,Clouds generally forming or developing
2026-07-29,17:00:00,Sarawak,Sibu,2.3,111.8167,26.6,93,0.5,3.9,80,"Rain shower(s), slight"
2026-07-29,17:00:00,Johor,Kluang,2.0336,103.3194,27.1,84,0.3,6.4,51,"Drizzle, not freezing, continuous 	slight at time of observation"
2026-07-29,17:00:00,Kedah,Alor Setar,6.1167,100.3667,26.4,91,0.0,8.2,3,Clouds generally forming or developing
2026-07-29,17:00:00,Perak,Taiping,4.85,100.7333,26.7,94,0.2,1.9,51,"Drizzle, not freezing, continuous 	slight at time of observation"
2026-07-29,16:00:00,Melaka,Melaka,2.1889,102.2511,30.8,64,0.0,9.8,3,Clouds generally forming or developing
2026-07-29,16:00:00,Sarawak,Miri,4.4028,113.9933,30.1,70,0.1,7.3,51,"Drizzle, not freezing, continuous 	slight at time of observation"
2026-07-29,16:00:00,Kedah,Alor Setar,6.1167,100.3667,26.3,91,0.1,8.0,51,"Drizzle, not freezing, continuous 	slight at time of observation"
2026-07-29,16:00:00,Johor,Muar,2.05,102.56,31.0,64,0.1,9.8,51,"Drizzle, not freezing, continuous 	slight at time of observation"
2026-07-29,16:00:00,Terengganu,Kuala Terengganu,5.3303,103.1408,29.4,76,0.0,2.5,3,Clouds generally forming or developing
2026-07-29,16:00:00,Sarawak,Bintulu,3.17,113.03,29.8,74,0.4,6.5,51,"Drizzle, not freezing, continuous 	slight at time of observation"
2026-07-29,16:00:00,Pahang,Kuala Lipis,4.184,102.042,26.2,96,1.4,2.3,95,"Thunderstorm, slight or moderate, without hail** but with rain and/or snow at time of observation - Thunderstorm at time of observation"
2026-07-29,16:00:00,Kelantan,Kota Bharu,6.1333,102.25,26.6,92,1.2,5.4,80,"Rain shower(s), slight"
2026-07-29,16:00:00,Sabah,Kota Kinabalu,5.975,116.0725,29.9,68,0.1,3.8,51,"Drizzle, not freezing, continuous 	slight at time of observation"
2026-07-29,16:00:00,Pahang,Raub,3.7931,101.8569,26.6,91,0.0,4.6,95,"Thunderstorm, slight or moderate, without hail** but with rain and/or snow at time of observation - Thunderstorm at time of observation"
2026-07-29,16:00:00,Selangor,Klang,3.0333,101.45,30.7,68,0.0,2.2,51,"Drizzle, not freezing, continuous 	slight at time of observation"
2026-07-29,16:00:00,Perak,Ipoh,4.6,101.07,27.1,86,0.2,1.6,51,"Drizzle, not freezing, continuous 	slight at time of observation"
2026-07-29,16:00:00,Sarawak,Kuching,1.5397,110.3542,26.9,89,0.4,2.0,81,"Rain shower(s), moderate or heavy"
2026-07-29,16:00:00,Selangor,Petaling Jaya,3.1073,101.6067,28.5,74,0.2,6.7,51,"Drizzle, not freezing, continuous 	slight at time of observation"
2026-07-29,16:00:00,Selangor,Shah Alam,3.0833,101.5333,30.0,72,0.0,2.0,51,"Drizzle, not freezing, continuous 	slight at time of observation"
2026-07-29,16:00:00,Sabah,Tawau,4.2448,117.8911,28.8,74,0.0,7.2,3,Clouds generally forming or developing
2026-07-29,16:00:00,Johor,Johor Bahru,1.4556,103.7611,30.6,65,0.2,8.4,51,"Drizzle, not freezing, continuous 	slight at time of observation"
2026-07-29,16:00:00,Labuan,Labuan,5.2803,115.2475,30.3,65,0.0,11.0,2,State of sky on the whole unchanged
2026-07-29,16:00:00,Terengganu,Cukai,4.2332,103.4479,25.4,97,1.4,10.9,80,"Rain shower(s), slight"
2026-07-29,16:00:00,Johor,Kluang,2.0336,103.3194,27.3,88,0.3,6.9,80,"Rain shower(s), slight"
2026-07-29,16:00:00,Pulau Pinang,Bukit Mertajam,5.3631,100.4667,25.9,92,1.3,3.9,80,"Rain shower(s), slight"
2026-07-29,16:00:00,Sabah,Sandakan,5.8388,118.1173,27.8,85,1.0,10.3,80,"Rain shower(s), slight"
2026-07-29,16:00:00,Perak,Taiping,4.85,100.7333,26.9,92,0.4,1.5,51,"Drizzle, not freezing, continuous 	slight at time of observation"
2026-07-29,16:00:00,Pahang,Kuantan,3.8167,103.3333,26.9,84,1.2,1.4,55,"Drizzle, not freezing, continuous heavy (dense) at time of observation"
2026-07-29,16:00:00,Sabah,Lahad Datu,5.03,118.34,29.1,72,0.0,9.9,3,Clouds generally forming or developing
2026-07-29,16:00:00,Putrajaya,Putrajaya,2.93,101.69,29.3,71,0.0,4.9,51,"Drizzle, not freezing, continuous 	slight at time of observation"
2026-07-29,16:00:00,Pulau Pinang,George Town,5.4145,100.3292,25.4,98,1.1,5.4,55,"Drizzle, not freezing, continuous heavy (dense) at time of observation"
2026-07-29,16:00:00,Perlis,Kangar,6.4333,100.2,26.5,87,0.5,10.3,53,"Drizzle, not freezing, continuous 	moderate at time of observation"
2026-07-29,16:00:00,Perak,Teluk Intan,4.0259,101.0213,27.0,92,0.2,2.6,53,"Drizzle, not freezing, continuous 	moderate at time of observation"
2026-07-29,16:00:00,Sarawak,Sibu,2.3,111.8167,28.3,83,0.0,3.6,53,"Drizzle, not freezing, continuous 	moderate at time of observation"
2026-07-29,16:00:00,Pulau Pinang,Butterworth,5.3992,100.3639,26.0,92,1.3,3.9,80,"Rain shower(s), slight"
2026-07-29,16:00:00,Kedah,Sungai Petani,5.65,100.48,25.0,97,0.8,2.3,53,"Drizzle, not freezing, continuous 	moderate at time of observation"
2026-07-29,16:00:00,Kuala Lumpur,Kuala Lumpur,3.1478,101.6953,28.2,75,0.2,5.0,53,"Drizzle, not freezing, continuous 	moderate at time of observation"
2026-07-29,15:00:00,Sabah,Kota Kinabalu,5.975,116.0725,30.4,65,0.1,2.8,51,"Drizzle, not freezing, continuous 	slight at time of observation"
2026-07-29,15:00:00,Sarawak,Sibu,2.3,111.8167,29.8,76,0.0,4.0,51,"Drizzle, not freezing, continuous 	slight at time of observation"
2026-07-29,15:00:00,Selangor,Klang,3.0333,101.45,30.2,70,0.0,8.8,51,"Drizzle, not freezing, continuous 	slight at time of observation"
2026-07-29,15:00:00,Putrajaya,Putrajaya,2.93,101.69,30.5,67,0.0,8.5,3,Clouds generally forming or developing
2026-07-29,15:00:00,Kedah,Alor Setar,6.1167,100.3667,26.1,91,0.0,8.4,3,Clouds generally forming or developing
2026-07-29,15:00:00,Terengganu,Kuala Terengganu,5.3303,103.1408,29.1,81,0.2,0.9,51,"Drizzle, not freezing, continuous 	slight at time of observation"
2026-07-29,15:00:00,Sarawak,Kuching,1.5397,110.3542,30.3,69,0.1,3.1,51,"Drizzle, not freezing, continuous 	slight at time of observation"
2026-07-29,15:00:00,Johor,Johor Bahru,1.4556,103.7611,30.9,65,0.1,10.4,51,"Drizzle, not freezing, continuous 	slight at time of observation"
2026-07-29,15:00:00,Sabah,Sandakan,5.8388,118.1173,28.6,80,0.4,7.9,51,"Drizzle, not freezing, continuous 	slight at time of observation"
2026-07-29,15:00:00,Sarawak,Miri,4.4028,113.9933,30.3,69,0.2,5.5,51,"Drizzle, not freezing, continuous 	slight at time of observation"
2026-07-29,15:00:00,Sabah,Tawau,4.2448,117.8911,29.2,74,0.1,8.1,51,"Drizzle, not freezing, continuous 	slight at time of observation"
2026-07-29,15:00:00,Kelantan,Kota Bharu,6.1333,102.25,27.4,82,0.4,10.8,80,"Rain shower(s), slight"
2026-07-29,15:00:00,Labuan,Labuan,5.2803,115.2475,30.5,64,0.0,11.5,2,State of sky on the whole unchanged
2026-07-29,15:00:00,Terengganu,Cukai,4.2332,103.4479,27.4,77,0.6,15.4,53,"Drizzle, not freezing, continuous 	moderate at time of observation"
2026-07-29,15:00:00,Pahang,Kuantan,3.8167,103.3333,26.1,79,0.9,2.1,55,"Drizzle, not freezing, continuous heavy (dense) at time of observation"
2026-07-29,15:00:00,Perak,Taiping,4.85,100.7333,25.8,95,0.6,4.4,53,"Drizzle, not freezing, continuous 	moderate at time of observation"
2026-07-29,15:00:00,Kedah,Sungai Petani,5.65,100.48,24.9,97,1.0,3.1,55,"Drizzle, not freezing, continuous heavy (dense) at time of observation"
2026-07-29,15:00:00,Pahang,Kuala Lipis,4.184,102.042,28.0,79,0.0,7.0,55,"Drizzle, not freezing, continuous heavy (dense) at time of observation"
2026-07-29,15:00:00,Pulau Pinang,Butterworth,5.3992,100.3639,25.9,91,1.3,7.4,80,"Rain shower(s), slight"
2026-07-29,15:00:00,Selangor,Petaling Jaya,3.1073,101.6067,28.6,76,0.0,6.4,53,"Drizzle, not freezing, continuous 	moderate at time of observation"
2026-07-29,15:00:00,Selangor,Shah Alam,3.0833,101.5333,30.1,71,0.0,7.1,3,Clouds generally forming or developing
2026-07-29,15:00:00,Kuala Lumpur,Kuala Lumpur,3.1478,101.6953,27.6,78,0.3,8.4,53,"Drizzle, not freezing, continuous 	moderate at time of observation"
2026-07-29,15:00:00,Pahang,Raub,3.7931,101.8569,29.3,65,0.0,8.9,51,"Drizzle, not freezing, continuous 	slight at time of observation"
2026-07-29,15:00:00,Pulau Pinang,George Town,5.4145,100.3292,25.1,98,2.0,6.1,80,"Rain shower(s), slight"
2026-07-29,15:00:00,Perlis,Kangar,6.4333,100.2,26.6,85,0.3,9.9,51,"Drizzle, not freezing, continuous 	slight at time of observation"
2026-07-29,15:00:00,Pulau Pinang,Bukit Mertajam,5.3631,100.4667,25.9,91,1.3,7.4,80,"Rain shower(s), slight"
2026-07-29,15:00:00,Sabah,Lahad Datu,5.03,118.34,29.1,72,0.0,13.0,0,Cloud development not observed or not observable
2026-07-29,15:00:00,Perak,Teluk Intan,4.0259,101.0213,26.5,94,0.5,4.8,53,"Drizzle, not freezing, continuous 	moderate at time of observation"
2026-07-29,15:00:00,Johor,Muar,2.05,102.56,31.1,65,0.0,12.8,51,"Drizzle, not freezing, continuous 	slight at time of observation"
2026-07-29,15:00:00,Perak,Ipoh,4.6,101.07,25.4,94,2.0,2.7,81,"Rain shower(s), moderate or heavy"
2026-07-29,15:00:00,Sarawak,Bintulu,3.17,113.03,29.9,72,0.2,6.0,51,"Drizzle, not freezing, continuous 	slight at time of observation"
2026-07-29,15:00:00,Melaka,Melaka,2.1889,102.2511,31.0,63,0.0,13.0,2,State of sky on the whole unchanged
2026-07-29,15:00:00,Johor,Kluang,2.0336,103.3194,29.2,77,0.2,3.6,51,"Drizzle, not freezing, continuous 	slight at time of observation"
2026-07-29,14:00:00,Sabah,Tawau,4.2448,117.8911,29.2,73,0.0,10.4,51,"Drizzle, not freezing, continuous 	slight at time of observation"
2026-07-29,14:00:00,Pulau Pinang,Bukit Mertajam,5.3631,100.4667,25.0,94,2.0,6.8,61,"Rain, not freezing, continuous slight at time of observation"
2026-07-29,14:00:00,Perak,Ipoh,4.6,101.07,25.4,92,1.8,3.3,81,"Rain shower(s), moderate or heavy"
2026-07-29,14:00:00,Pahang,Kuala Lipis,4.184,102.042,31.3,61,0.0,2.7,3,Clouds generally forming or developing
2026-07-29,14:00:00,Melaka,Melaka,2.1889,102.2511,31.3,61,0.1,12.5,51,"Drizzle, not freezing, continuous 	slight at time of observation"
2026-07-29,14:00:00,Johor,Johor Bahru,1.4556,103.7611,29.9,71,0.4,8.3,53,"Drizzle, not freezing, continuous 	moderate at time of observation"
2026-07-29,14:00:00,Sabah,Kota Kinabalu,5.975,116.0725,30.5,65,0.4,3.3,51,"Drizzle, not freezing, continuous 	slight at time of observation"
2026-07-29,14:00:00,Sabah,Sandakan,5.8388,118.1173,29.3,76,0.1,14.2,51,"Drizzle, not freezing, continuous 	slight at time of observation"
2026-07-29,14:00:00,Pulau Pinang,Butterworth,5.3992,100.3639,25.0,94,2.0,6.8,61,"Rain, not freezing, continuous slight at time of observation"
2026-07-29,14:00:00,Kedah,Sungai Petani,5.65,100.48,24.8,94,0.6,4.5,53,"Drizzle, not freezing, continuous 	moderate at time of observation"
2026-07-29,14:00:00,Selangor,Klang,3.0333,101.45,29.8,71,0.3,6.8,51,"Drizzle, not freezing, continuous 	slight at time of observation"
2026-07-29,14:00:00,Sabah,Lahad Datu,5.03,118.34,29.7,70,0.1,13.8,51,"Drizzle, not freezing, continuous 	slight at time of observation"
2026-07-29,14:00:00,Terengganu,Kuala Terengganu,5.3303,103.1408,27.4,90,0.6,1.9,53,"Drizzle, not freezing, continuous 	moderate at time of observation"
2026-07-29,14:00:00,Perak,Taiping,4.85,100.7333,24.4,97,1.2,8.2,55,"Drizzle, not freezing, continuous heavy (dense) at time of observation"
2026-07-29,14:00:00,Kuala Lumpur,Kuala Lumpur,3.1478,101.6953,29.0,75,0.3,4.4,51,"Drizzle, not freezing, continuous 	slight at time of observation"
2026-07-29,14:00:00,Pahang,Kuantan,3.8167,103.3333,27.8,73,0.0,15.8,51,"Drizzle, not freezing, continuous 	slight at time of observation"
2026-07-29,14:00:00,Sarawak,Kuching,1.5397,110.3542,31.6,66,0.0,6.2,51,"Drizzle, not freezing, continuous 	slight at time of observation"
2026-07-29,14:00:00,Selangor,Petaling Jaya,3.1073,101.6067,29.4,74,0.2,2.5,51,"Drizzle, not freezing, continuous 	slight at time of observation"
2026-07-29,14:00:00,Kedah,Alor Setar,6.1167,100.3667,25.8,91,0.3,4.6,51,"Drizzle, not freezing, continuous 	slight at time of observation"
2026-07-29,14:00:00,Johor,Muar,2.05,102.56,31.2,64,0.0,11.5,3,Clouds generally forming or developing
2026-07-29,14:00:00,Selangor,Shah Alam,3.0833,101.5333,29.6,73,0.2,5.1,51,"Drizzle, not freezing, continuous 	slight at time of observation"
2026-07-29,14:00:00,Sarawak,Sibu,2.3,111.8167,30.6,71,0.0,3.5,51,"Drizzle, not freezing, continuous 	slight at time of observation"
2026-07-29,14:00:00,Labuan,Labuan,5.2803,115.2475,30.6,64,0.0,14.5,2,State of sky on the whole unchanged
2026-07-29,14:00:00,Putrajaya,Putrajaya,2.93,101.69,30.0,72,0.1,8.9,51,"Drizzle, not freezing, continuous 	slight at time of observation"
2026-07-29,14:00:00,Perak,Teluk Intan,4.0259,101.0213,25.7,94,1.7,4.9,80,"Rain shower(s), slight"
2026-07-29,14:00:00,Kelantan,Kota Bharu,6.1333,102.25,29.8,65,0.1,10.6,51,"Drizzle, not freezing, continuous 	slight at time of observation"
2026-07-29,14:00:00,Pahang,Raub,3.7931,101.8569,32.1,53,0.0,5.2,3,Clouds generally forming or developing
2026-07-29,14:00:00,Sarawak,Bintulu,3.17,113.03,31.2,62,0.2,5.1,51,"Drizzle, not freezing, continuous 	slight at time of observation"
2026-07-29,14:00:00,Perlis,Kangar,6.4333,100.2,26.3,88,0.1,8.1,51,"Drizzle, not freezing, continuous 	slight at time of observation"
2026-07-29,14:00:00,Johor,Kluang,2.0336,103.3194,31.3,65,0.0,9.3,3,Clouds generally forming or developing
2026-07-29,14:00:00,Sarawak,Miri,4.4028,113.9933,30.2,71,0.2,9.2,53,"Drizzle, not freezing, continuous 	moderate at time of observation"
2026-07-29,14:00:00,Pulau Pinang,George Town,5.4145,100.3292,24.9,99,2.2,7.3,80,"Rain shower(s), slight"
2026-07-29,14:00:00,Terengganu,Cukai,4.2332,103.4479,28.2,75,0.3,17.1,51,"Drizzle, not freezing, continuous 	slight at time of observation"
2026-07-29,13:00:00,Pulau Pinang,Butterworth,5.3992,100.3639,24.4,95,2.2,6.4,81,"Rain shower(s), moderate or heavy"
2026-07-29,13:00:00,Labuan,Labuan,5.2803,115.2475,31.1,61,0.0,11.3,2,State of sky on the whole unchanged
2026-07-29,13:00:00,Pulau Pinang,Bukit Mertajam,5.3631,100.4667,24.3,95,2.2,6.4,81,"Rain shower(s), moderate or heavy"
2026-07-29,13:00:00,Sabah,Kota Kinabalu,5.975,116.0725,31.0,62,0.6,2.3,55,"Drizzle, not freezing, continuous heavy (dense) at time of observation"
2026-07-29,13:00:00,Johor,Muar,2.05,102.56,30.9,63,0.0,12.6,3,Clouds generally forming or developing
2026-07-29,13:00:00,Putrajaya,Putrajaya,2.93,101.69,28.5,80,0.5,4.8,80,"Rain shower(s), slight"
2026-07-29,13:00:00,Pulau Pinang,George Town,5.4145,100.3292,25.0,99,2.1,4.5,80,"Rain shower(s), slight"
2026-07-29,13:00:00,Johor,Johor Bahru,1.4556,103.7611,31.0,64,0.0,10.3,51,"Drizzle, not freezing, continuous 	slight at time of observation"
2026-07-29,13:00:00,Perlis,Kangar,6.4333,100.2,25.3,94,0.9,7.4,55,"Drizzle, not freezing, continuous heavy (dense) at time of observation"
2026-07-29,13:00:00,Selangor,Shah Alam,3.0833,101.5333,28.8,74,0.0,11.5,51,"Drizzle, not freezing, continuous 	slight at time of observation"
2026-07-29,13:00:00,Kedah,Alor Setar,6.1167,100.3667,25.1,94,2.2,1.1,80,"Rain shower(s), slight"
2026-07-29,13:00:00,Melaka,Melaka,2.1889,102.2511,31.0,62,0.1,12.2,51,"Drizzle, not freezing, continuous 	slight at time of observation"
2026-07-29,13:00:00,Selangor,Klang,3.0333,101.45,30.1,70,0.0,11.4,51,"Drizzle, not freezing, continuous 	slight at time of observation"
2026-07-29,13:00:00,Perak,Ipoh,4.6,101.07,26.3,87,0.4,3.9,95,"Thunderstorm, slight or moderate, without hail** but with rain and/or snow at time of observation - Thunderstorm at time of observation"
2026-07-29,13:00:00,Perak,Taiping,4.85,100.7333,24.5,100,1.9,6.8,81,"Rain shower(s), moderate or heavy"
2026-07-29,13:00:00,Pahang,Kuantan,3.8167,103.3333,30.8,68,0.0,6.5,3,Clouds generally forming or developing
2026-07-29,13:00:00,Perak,Teluk Intan,4.0259,101.0213,24.5,99,0.8,10.5,95,"Thunderstorm, slight or moderate, without hail** but with rain and/or snow at time of observation - Thunderstorm at time of observation"
2026-07-29,13:00:00,Selangor,Petaling Jaya,3.1073,101.6067,28.7,75,0.0,11.3,51,"Drizzle, not freezing, continuous 	slight at time of observation"
2026-07-29,13:00:00,Sarawak,Bintulu,3.17,113.03,31.2,61,0.1,1.2,51,"Drizzle, not freezing, continuous 	slight at time of observation"
2026-07-29,13:00:00,Johor,Kluang,2.0336,103.3194,31.4,67,0.0,9.2,51,"Drizzle, not freezing, continuous 	slight at time of observation"
2026-07-29,13:00:00,Pahang,Kuala Lipis,4.184,102.042,30.8,63,0.0,2.4,3,Clouds generally forming or developing
2026-07-29,13:00:00,Terengganu,Cukai,4.2332,103.4479,30.6,65,0.0,11.5,3,Clouds generally forming or developing
2026-07-29,13:00:00,Kelantan,Kota Bharu,6.1333,102.25,31.0,62,0.0,9.4,3,Clouds generally forming or developing
2026-07-29,13:00:00,Kedah,Sungai Petani,5.65,100.48,24.7,96,0.7,6.2,53,"Drizzle, not freezing, continuous 	moderate at time of observation"
2026-07-29,13:00:00,Sabah,Lahad Datu,5.03,118.34,30.4,67,0.0,11.4,0,Cloud development not observed or not observable
2026-07-29,13:00:00,Sabah,Sandakan,5.8388,118.1173,31.2,64,0.0,4.6,0,Cloud development not observed or not observable
2026-07-29,13:00:00,Sarawak,Sibu,2.3,111.8167,30.5,72,0.0,4.1,51,"Drizzle, not freezing, continuous 	slight at time of observation"
2026-07-29,13:00:00,Sarawak,Miri,4.4028,113.9933,31.4,61,0.2,7.8,51,"Drizzle, not freezing, continuous 	slight at time of observation"
2026-07-29,13:00:00,Sabah,Tawau,4.2448,117.8911,29.9,70,0.1,9.0,51,"Drizzle, not freezing, continuous 	slight at time of observation"
2026-07-29,13:00:00,Terengganu,Kuala Terengganu,5.3303,103.1408,26.8,92,0.5,4.6,53,"Drizzle, not freezing, continuous 	moderate at time of observation"
2026-07-29,13:00:00,Pahang,Raub,3.7931,101.8569,31.4,56,0.0,5.6,3,Clouds generally forming or developing
2026-07-29,13:00:00,Sarawak,Kuching,1.5397,110.3542,31.0,69,0.0,6.1,51,"Drizzle, not freezing, continuous 	slight at time of observation"
2026-07-29,13:00:00,Kuala Lumpur,Kuala Lumpur,3.1478,101.6953,29.2,71,0.0,10.9,51,"Drizzle, not freezing, continuous 	slight at time of observation"
2026-07-29,12:00:00,Sarawak,Miri,4.4028,113.9933,31.4,60,0.2,2.0,51,"Drizzle, not freezing, continuous 	slight at time of observation"
2026-07-29,12:00:00,Perak,Taiping,4.85,100.7333,24.8,97,1.2,6.3,80,"Rain shower(s), slight"
2026-07-29,12:00:00,Sarawak,Bintulu,3.17,113.03,30.5,66,0.1,6.5,51,"Drizzle, not freezing, continuous 	slight at time of observation"
2026-07-29,12:00:00,Perlis,Kangar,6.4333,100.2,24.5,95,2.2,13.4,81,"Rain shower(s), moderate or heavy"
2026-07-29,12:00:00,Johor,Kluang,2.0336,103.3194,30.7,71,0.1,8.5,51,"Drizzle, not freezing, continuous 	slight at time of observation"
2026-07-29,12:00:00,Sabah,Tawau,4.2448,117.8911,29.8,69,0.1,8.9,51,"Drizzle, not freezing, continuous 	slight at time of observation"
2026-07-29,12:00:00,Terengganu,Cukai,4.2332,103.4479,30.9,65,0.0,10.1,3,Clouds generally forming or developing
2026-07-29,12:00:00,Pahang,Raub,3.7931,101.8569,30.1,60,0.0,6.7,3,Clouds generally forming or developing
2026-07-29,12:00:00,Kelantan,Kota Bharu,6.1333,102.25,30.1,70,0.0,9.7,3,Clouds generally forming or developing
2026-07-29,12:00:00,Pulau Pinang,Bukit Mertajam,5.3631,100.4667,24.2,95,3.8,7.4,81,"Rain shower(s), moderate or heavy"
2026-07-29,12:00:00,Putrajaya,Putrajaya,2.93,101.69,29.6,74,0.0,10.5,51,"Drizzle, not freezing, continuous 	slight at time of observation"
2026-07-29,12:00:00,Kedah,Sungai Petani,5.65,100.48,23.8,99,4.8,5.5,82,"Rain shower(s), violent"
2026-07-29,12:00:00,Melaka,Melaka,2.1889,102.2511,30.3,70,0.1,7.5,51,"Drizzle, not freezing, continuous 	slight at time of observation"
2026-07-29,12:00:00,Pulau Pinang,Butterworth,5.3992,100.3639,24.2,95,3.8,7.4,81,"Rain shower(s), moderate or heavy"
2026-07-29,12:00:00,Kuala Lumpur,Kuala Lumpur,3.1478,101.6953,30.8,67,0.0,6.2,3,Clouds generally forming or developing
2026-07-29,12:00:00,Johor,Johor Bahru,1.4556,103.7611,31.1,65,0.0,10.0,3,Clouds generally forming or developing
2026-07-29,12:00:00,Pulau Pinang,George Town,5.4145,100.3292,24.7,99,1.8,5.2,81,"Rain shower(s), moderate or heavy"
2026-07-29,12:00:00,Sarawak,Kuching,1.5397,110.3542,30.2,72,0.0,7.9,51,"Drizzle, not freezing, continuous 	slight at time of observation"
2026-07-29,12:00:00,Selangor,Petaling Jaya,3.1073,101.6067,30.4,69,0.0,7.6,3,Clouds generally forming or developing
2026-07-29,12:00:00,Perak,Teluk Intan,4.0259,101.0213,29.8,71,0.0,4.7,3,Clouds generally forming or developing
2026-07-29,12:00:00,Terengganu,Kuala Terengganu,5.3303,103.1408,26.8,91,0.7,5.1,53,"Drizzle, not freezing, continuous 	moderate at time of observation"
2026-07-29,12:00:00,Sabah,Lahad Datu,5.03,118.34,30.2,70,0.0,9.7,1,Clouds generally dissolving or becoming less developed
2026-07-29,12:00:00,Kedah,Alor Setar,6.1167,100.3667,25.2,95,3.3,9.4,81,"Rain shower(s), moderate or heavy"
2026-07-29,12:00:00,Sabah,Sandakan,5.8388,118.1173,30.9,65,0.1,5.2,51,"Drizzle, not freezing, continuous 	slight at time of observation"
2026-07-29,12:00:00,Pahang,Kuantan,3.8167,103.3333,30.8,69,0.0,6.7,3,Clouds generally forming or developing
2026-07-29,12:00:00,Selangor,Klang,3.0333,101.45,30.8,69,0.0,10.0,3,Clouds generally forming or developing
2026-07-29,12:00:00,Sabah,Kota Kinabalu,5.975,116.0725,30.7,61,0.3,2.4,51,"Drizzle, not freezing, continuous 	slight at time of observation"
2026-07-29,12:00:00,Labuan,Labuan,5.2803,115.2475,31.5,59,0.0,6.8,1,Clouds generally dissolving or becoming less developed
2026-07-29,12:00:00,Perak,Ipoh,4.6,101.07,28.4,75,0.1,2.3,51,"Drizzle, not freezing, continuous 	slight at time of observation"
2026-07-29,12:00:00,Johor,Muar,2.05,102.56,30.9,63,0.0,12.7,51,"Drizzle, not freezing, continuous 	slight at time of observation"
2026-07-29,12:00:00,Selangor,Shah Alam,3.0833,101.5333,30.5,70,0.0,9.8,3,Clouds generally forming or developing
2026-07-29,12:00:00,Sarawak,Sibu,2.3,111.8167,29.4,77,0.0,4.1,51,"Drizzle, not freezing, continuous 	slight at time of observation"
2026-07-29,12:00:00,Pahang,Kuala Lipis,4.184,102.042,29.6,71,0.0,0.7,3,Clouds generally forming or developing
2026-07-29,11:00:00,Perak,Ipoh,4.6,101.07,29.0,72,0.1,4.4,51,"Drizzle, not freezing, continuous 	slight at time of observation"
2026-07-29,11:00:00,Sabah,Kota Kinabalu,5.975,116.0725,31.3,57,0.0,5.4,2,State of sky on the whole unchanged
2026-07-29,11:00:00,Kedah,Sungai Petani,5.65,100.48,23.4,99,3.3,4.5,95,"Thunderstorm, slight or moderate, without hail** but with rain and/or snow at time of observation - Thunderstorm at time of observation"
2026-07-29,11:00:00,Pulau Pinang,Butterworth,5.3992,100.3639,24.5,94,5.7,5.0,82,"Rain shower(s), violent"
2026-07-29,11:00:00,Putrajaya,Putrajaya,2.93,101.69,29.4,75,0.0,9.7,3,Clouds generally forming or developing
2026-07-29,11:00:00,Perlis,Kangar,6.4333,100.2,24.7,91,1.8,7.4,81,"Rain shower(s), moderate or heavy"
2026-07-29,11:00:00,Terengganu,Cukai,4.2332,103.4479,30.2,68,0.0,10.1,3,Clouds generally forming or developing
2026-07-29,11:00:00,Pulau Pinang,Bukit Mertajam,5.3631,100.4667,24.4,94,5.7,5.0,82,"Rain shower(s), violent"
2026-07-29,11:00:00,Pahang,Kuala Lipis,4.184,102.042,28.5,79,0.0,1.4,3,Clouds generally forming or developing
2026-07-29,11:00:00,Sabah,Sandakan,5.8388,118.1173,30.3,68,0.0,6.3,1,Clouds generally dissolving or becoming less developed
2026-07-29,11:00:00,Sarawak,Miri,4.4028,113.9933,31.1,61,0.0,4.0,1,Clouds generally dissolving or becoming less developed
2026-07-29,11:00:00,Sabah,Lahad Datu,5.03,118.34,29.8,73,0.0,8.2,1,Clouds generally dissolving or becoming less developed
2026-07-29,11:00:00,Labuan,Labuan,5.2803,115.2475,31.1,60,0.0,5.8,1,Clouds generally dissolving or becoming less developed
2026-07-29,11:00:00,Kedah,Alor Setar,6.1167,100.3667,25.6,93,6.8,8.0,95,"Thunderstorm, slight or moderate, without hail** but with rain and/or snow at time of observation - Thunderstorm at time of observation"
2026-07-29,11:00:00,Melaka,Melaka,2.1889,102.2511,29.5,75,0.0,7.3,51,"Drizzle, not freezing, continuous 	slight at time of observation"
2026-07-29,11:00:00,Pahang,Raub,3.7931,101.8569,29.3,65,0.0,5.7,3,Clouds generally forming or developing
2026-07-29,11:00:00,Sarawak,Kuching,1.5397,110.3542,28.5,77,0.0,5.3,51,"Drizzle, not freezing, continuous 	slight at time of observation"
2026-07-29,11:00:00,Perak,Taiping,4.85,100.7333,25.2,96,0.3,5.9,51,"Drizzle, not freezing, continuous 	slight at time of observation"
2026-07-29,11:00:00,Pahang,Kuantan,3.8167,103.3333,29.8,73,0.0,6.3,3,Clouds generally forming or developing
2026-07-29,11:00:00,Selangor,Shah Alam,3.0833,101.5333,29.8,73,0.0,10.1,3,Clouds generally forming or developing
2026-07-29,11:00:00,Selangor,Klang,3.0333,101.45,30.2,72,0.0,10.8,3,Clouds generally forming or developing
2026-07-29,11:00:00,Johor,Johor Bahru,1.4556,103.7611,30.3,71,0.0,9.4,3,Clouds generally forming or developing
2026-07-29,11:00:00,Johor,Muar,2.05,102.56,30.1,71,0.1,8.0,51,"Drizzle, not freezing, continuous 	slight at time of observation"
2026-07-29,11:00:00,Kuala Lumpur,Kuala Lumpur,3.1478,101.6953,30.1,70,0.0,5.9,3,Clouds generally forming or developing
2026-07-29,11:00:00,Johor,Kluang,2.0336,103.3194,29.8,75,0.0,9.1,3,Clouds generally forming or developing
2026-07-29,11:00:00,Selangor,Petaling Jaya,3.1073,101.6067,29.7,72,0.0,7.5,3,Clouds generally forming or developing
2026-07-29,11:00:00,Sarawak,Bintulu,3.17,113.03,29.9,70,0.0,6.5,3,Clouds generally forming or developing
2026-07-29,11:00:00,Terengganu,Kuala Terengganu,5.3303,103.1408,26.4,93,0.6,3.8,53,"Drizzle, not freezing, continuous 	moderate at time of observation"
2026-07-29,11:00:00,Perak,Teluk Intan,4.0259,101.0213,29.1,74,0.0,6.7,3,Clouds generally forming or developing
2026-07-29,11:00:00,Kelantan,Kota Bharu,6.1333,102.25,27.5,83,0.0,9.0,3,Clouds generally forming or developing
2026-07-29,11:00:00,Sarawak,Sibu,2.3,111.8167,28.8,80,0.0,5.3,3,Clouds generally forming or developing
2026-07-29,11:00:00,Pulau Pinang,George Town,5.4145,100.3292,24.7,98,2.2,2.3,81,"Rain shower(s), moderate or heavy"
2026-07-29,11:00:00,Sabah,Tawau,4.2448,117.8911,29.0,72,0.2,3.5,51,"Drizzle, not freezing, continuous 	slight at time of observation"
2026-07-29,10:00:00,Melaka,Melaka,2.1889,102.2511,28.9,79,0.0,6.8,3,Clouds generally forming or developing
2026-07-29,10:00:00,Pahang,Kuantan,3.8167,103.3333,28.8,80,0.0,4.7,3,Clouds generally forming or developing
2026-07-29,10:00:00,Pahang,Raub,3.7931,101.8569,27.6,75,0.0,4.0,3,Clouds generally forming or developing
2026-07-29,10:00:00,Selangor,Shah Alam,3.0833,101.5333,28.4,79,0.0,8.8,3,Clouds generally forming or developing
2026-07-29,10:00:00,Perlis,Kangar,6.4333,100.2,24.9,98,4.2,3.5,95,"Thunderstorm, slight or moderate, without hail** but with rain and/or snow at time of observation - Thunderstorm at time of observation"
2026-07-29,10:00:00,Terengganu,Kuala Terengganu,5.3303,103.1408,25.8,96,0.3,4.4,51,"Drizzle, not freezing, continuous 	slight at time of observation"
2026-07-29,10:00:00,Perak,Taiping,4.85,100.7333,25.2,96,0.2,5.6,51,"Drizzle, not freezing, continuous 	slight at time of observation"
2026-07-29,10:00:00,Johor,Johor Bahru,1.4556,103.7611,28.9,79,0.0,7.4,3,Clouds generally forming or developing
2026-07-29,10:00:00,Kelantan,Kota Bharu,6.1333,102.25,25.9,89,0.0,9.4,3,Clouds generally forming or developing
2026-07-29,10:00:00,Pahang,Kuala Lipis,4.184,102.042,27.0,87,0.0,2.0,3,Clouds generally forming or developing
2026-07-29,10:00:00,Sarawak,Sibu,2.3,111.8167,28.1,82,0.0,3.7,3,Clouds generally forming or developing
2026-07-29,10:00:00,Sabah,Lahad Datu,5.03,118.34,29.1,78,0.0,5.8,0,Cloud development not observed or not observable
2026-07-29,10:00:00,Sabah,Sandakan,5.8388,118.1173,29.6,72,0.0,8.2,1,Clouds generally dissolving or becoming less developed
2026-07-29,10:00:00,Terengganu,Cukai,4.2332,103.4479,28.9,76,0.0,7.3,3,Clouds generally forming or developing
2026-07-29,10:00:00,Sabah,Kota Kinabalu,5.975,116.0725,31.6,55,0.0,4.6,1,Clouds generally dissolving or becoming less developed
2026-07-29,10:00:00,Sarawak,Miri,4.4028,113.9933,30.0,68,0.0,6.1,2,State of sky on the whole unchanged
2026-07-29,10:00:00,Selangor,Petaling Jaya,3.1073,101.6067,28.2,78,0.0,5.2,3,Clouds generally forming or developing
2026-07-29,10:00:00,Johor,Muar,2.05,102.56,29.1,79,0.0,6.4,3,Clouds generally forming or developing
2026-07-29,10:00:00,Kedah,Sungai Petani,5.65,100.48,23.0,99,1.8,3.5,81,"Rain shower(s), moderate or heavy"
2026-07-29,10:00:00,Perak,Teluk Intan,4.0259,101.0213,28.3,79,0.0,6.5,3,Clouds generally forming or developing
2026-07-29,10:00:00,Pulau Pinang,Bukit Mertajam,5.3631,100.4667,23.9,97,4.1,5.2,81,"Rain shower(s), moderate or heavy"
2026-07-29,10:00:00,Putrajaya,Putrajaya,2.93,101.69,28.3,79,0.0,9.2,3,Clouds generally forming or developing
2026-07-29,10:00:00,Pulau Pinang,Butterworth,5.3992,100.3639,23.9,97,4.1,5.2,81,"Rain shower(s), moderate or heavy"
2026-07-29,10:00:00,Sarawak,Bintulu,3.17,113.03,28.1,86,0.0,6.0,2,State of sky on the whole unchanged
2026-07-29,10:00:00,Kuala Lumpur,Kuala Lumpur,3.1478,101.6953,28.7,76,0.0,3.0,3,Clouds generally forming or developing
2026-07-29,10:00:00,Selangor,Klang,3.0333,101.45,28.6,78,0.0,10.1,3,Clouds generally forming or developing
2026-07-29,10:00:00,Johor,Kluang,2.0336,103.3194,28.6,80,0.0,10.1,3,Clouds generally forming or developing
2026-07-29,10:00:00,Pulau Pinang,George Town,5.4145,100.3292,24.3,98,2.2,2.8,95,"Thunderstorm, slight or moderate, without hail** but with rain and/or snow at time of observation - Thunderstorm at time of observation"
2026-07-29,10:00:00,Perak,Ipoh,4.6,101.07,27.4,83,0.0,6.4,3,Clouds generally forming or developing
2026-07-29,10:00:00,Labuan,Labuan,5.2803,115.2475,30.2,64,0.0,9.0,1,Clouds generally dissolving or becoming less developed
2026-07-29,10:00:00,Sabah,Tawau,4.2448,117.8911,27.2,83,0.8,2.4,53,"Drizzle, not freezing, continuous 	moderate at time of observation"
2026-07-29,10:00:00,Kedah,Alor Setar,6.1167,100.3667,25.4,93,5.7,4.0,95,"Thunderstorm, slight or moderate, without hail** but with rain and/or snow at time of observation - Thunderstorm at time of observation"
2026-07-29,10:00:00,Sarawak,Kuching,1.5397,110.3542,27.3,83,0.0,5.0,3,Clouds generally forming or developing
2026-07-29,09:00:00,Pahang,Kuala Lipis,4.184,102.042,25.8,93,0.0,1.2,3,Clouds generally forming or developing
2026-07-29,09:00:00,Perak,Taiping,4.85,100.7333,24.2,98,0.2,9.1,81,"Rain shower(s), moderate or heavy"
2026-07-29,09:00:00,Pulau Pinang,Butterworth,5.3992,100.3639,23.6,96,1.3,8.5,81,"Rain shower(s), moderate or heavy"
2026-07-29,09:00:00,Terengganu,Kuala Terengganu,5.3303,103.1408,25.3,98,0.1,2.0,51,"Drizzle, not freezing, continuous 	slight at time of observation"
2026-07-29,09:00:00,Sabah,Tawau,4.2448,117.8911,26.9,85,0.1,7.6,53,"Drizzle, not freezing, continuous 	moderate at time of observation"
2026-07-29,09:00:00,Pulau Pinang,George Town,5.4145,100.3292,24.0,98,1.2,2.8,81,"Rain shower(s), moderate or heavy"
2026-07-29,09:00:00,Perlis,Kangar,6.4333,100.2,24.5,98,2.6,4.3,95,"Thunderstorm, slight or moderate, without hail** but with rain and/or snow at time of observation - Thunderstorm at time of observation"
2026-07-29,09:00:00,Pulau Pinang,Bukit Mertajam,5.3631,100.4667,23.5,96,1.3,8.5,81,"Rain shower(s), moderate or heavy"
2026-07-29,09:00:00,Kedah,Alor Setar,6.1167,100.3667,25.7,89,1.0,2.2,81,"Rain shower(s), moderate or heavy"
2026-07-29,09:00:00,Kedah,Sungai Petani,5.65,100.48,23.0,98,1.7,2.7,81,"Rain shower(s), moderate or heavy"
2026-07-29,09:00:00,Sabah,Kota Kinabalu,5.975,116.0725,30.7,59,0.0,4.0,0,Cloud development not observed or not observable
2026-07-29,09:00:00,Pahang,Raub,3.7931,101.8569,25.9,83,0.0,3.3,3,Clouds generally forming or developing
2026-07-29,09:00:00,Sabah,Lahad Datu,5.03,118.34,27.7,86,0.0,3.8,1,Clouds generally dissolving or becoming less developed
2026-07-29,09:00:00,Johor,Kluang,2.0336,103.3194,27.2,88,0.0,6.4,3,Clouds generally forming or developing
2026-07-29,09:00:00,Perak,Teluk Intan,4.0259,101.0213,27.1,86,0.0,5.1,3,Clouds generally forming or developing
2026-07-29,09:00:00,Labuan,Labuan,5.2803,115.2475,29.0,71,0.0,10.7,1,Clouds generally dissolving or becoming less developed
2026-07-29,09:00:00,Johor,Muar,2.05,102.56,27.5,85,0.0,5.3,3,Clouds generally forming or developing
2026-07-29,09:00:00,Sarawak,Sibu,2.3,111.8167,26.6,89,0.0,3.4,3,Clouds generally forming or developing
2026-07-29,09:00:00,Kuala Lumpur,Kuala Lumpur,3.1478,101.6953,26.7,85,0.0,0.4,3,Clouds generally forming or developing
2026-07-29,09:00:00,Sarawak,Kuching,1.5397,110.3542,25.9,91,0.0,5.6,3,Clouds generally forming or developing
2026-07-29,09:00:00,Putrajaya,Putrajaya,2.93,101.69,27.0,84,0.0,7.6,3,Clouds generally forming or developing
2026-07-29,09:00:00,Melaka,Melaka,2.1889,102.2511,27.4,85,0.0,6.1,3,Clouds generally forming or developing
2026-07-29,09:00:00,Sabah,Sandakan,5.8388,118.1173,28.2,83,0.0,7.1,0,Cloud development not observed or not observable
2026-07-29,09:00:00,Johor,Johor Bahru,1.4556,103.7611,27.4,88,0.0,5.0,3,Clouds generally forming or developing
2026-07-29,09:00:00,Selangor,Shah Alam,3.0833,101.5333,27.1,83,0.0,7.4,3,Clouds generally forming or developing
2026-07-29,09:00:00,Kelantan,Kota Bharu,6.1333,102.25,24.8,94,0.0,7.8,3,Clouds generally forming or developing
2026-07-29,09:00:00,Perak,Ipoh,4.6,101.07,26.7,86,0.0,3.4,3,Clouds generally forming or developing
2026-07-29,09:00:00,Selangor,Petaling Jaya,3.1073,101.6067,26.4,86,0.0,3.4,3,Clouds generally forming or developing
2026-07-29,09:00:00,Terengganu,Cukai,4.2332,103.4479,27.6,84,0.0,7.3,3,Clouds generally forming or developing
2026-07-29,09:00:00,Selangor,Klang,3.0333,101.45,27.3,82,0.0,8.0,3,Clouds generally forming or developing
2026-07-29,09:00:00,Sarawak,Miri,4.4028,113.9933,28.3,81,0.0,7.0,1,Clouds generally dissolving or becoming less developed
2026-07-29,09:00:00,Sarawak,Bintulu,3.17,113.03,26.3,94,0.0,6.3,3,Clouds generally forming or developing
2026-07-29,09:00:00,Pahang,Kuantan,3.8167,103.3333,27.4,88,0.0,4.7,3,Clouds generally forming or developing
2026-07-29,08:00:00,Johor,Johor Bahru,1.4556,103.7611,25.9,93,0.0,5.9,3,Clouds generally forming or developing
2026-07-29,08:00:00,Sabah,Kota Kinabalu,5.975,116.0725,28.5,71,0.0,7.6,2,State of sky on the whole unchanged
2026-07-29,08:00:00,Sarawak,Bintulu,3.17,113.03,25.3,97,0.0,7.3,3,Clouds generally forming or developing
2026-07-29,08:00:00,Selangor,Klang,3.0333,101.45,26.1,85,0.0,9.4,3,Clouds generally forming or developing
2026-07-29,08:00:00,Johor,Kluang,2.0336,103.3194,25.1,93,0.0,7.9,3,Clouds generally forming or developing
2026-07-29,08:00:00,Pulau Pinang,George Town,5.4145,100.3292,23.7,97,1.8,0.9,95,"Thunderstorm, slight or moderate, without hail** but with rain and/or snow at time of observation - Thunderstorm at time of observation"
2026-07-29,08:00:00,Selangor,Shah Alam,3.0833,101.5333,26.0,85,0.0,8.9,3,Clouds generally forming or developing
2026-07-29,08:00:00,Perak,Ipoh,4.6,101.07,25.2,93,0.0,4.5,3,Clouds generally forming or developing
2026-07-29,08:00:00,Johor,Muar,2.05,102.56,26.0,89,0.0,7.7,3,Clouds generally forming or developing
2026-07-29,08:00:00,Sarawak,Kuching,1.5397,110.3542,25.2,94,0.4,7.0,51,"Drizzle, not freezing, continuous 	slight at time of observation"
2026-07-29,08:00:00,Perak,Taiping,4.85,100.7333,24.8,90,0.1,10.7,51,"Drizzle, not freezing, continuous 	slight at time of observation"
2026-07-29,08:00:00,Pahang,Kuantan,3.8167,103.3333,25.8,93,0.0,7.6,3,Clouds generally forming or developing
2026-07-29,08:00:00,Sarawak,Sibu,2.3,111.8167,25.6,91,0.6,4.5,53,"Drizzle, not freezing, continuous 	moderate at time of observation"
2026-07-29,08:00:00,Terengganu,Kuala Terengganu,5.3303,103.1408,24.7,100,0.0,2.6,3,Clouds generally forming or developing
2026-07-29,08:00:00,Kedah,Alor Setar,6.1167,100.3667,24.7,97,0.6,5.6,80,"Rain shower(s), slight"
2026-07-29,08:00:00,Kelantan,Kota Bharu,6.1333,102.25,24.2,95,0.5,6.8,53,"Drizzle, not freezing, continuous 	moderate at time of observation"
2026-07-29,08:00:00,Sarawak,Miri,4.4028,113.9933,26.2,90,0.0,7.8,2,State of sky on the whole unchanged
2026-07-29,08:00:00,Perlis,Kangar,6.4333,100.2,24.6,96,0.5,2.7,80,"Rain shower(s), slight"
2026-07-29,08:00:00,Sabah,Tawau,4.2448,117.8911,27.0,88,0.1,6.8,51,"Drizzle, not freezing, continuous 	slight at time of observation"
2026-07-29,08:00:00,Selangor,Petaling Jaya,3.1073,101.6067,25.3,89,0.0,5.0,3,Clouds generally forming or developing
2026-07-29,08:00:00,Melaka,Melaka,2.1889,102.2511,25.9,91,0.0,8.6,3,Clouds generally forming or developing
2026-07-29,08:00:00,Kedah,Sungai Petani,5.65,100.48,23.0,97,1.4,2.7,81,"Rain shower(s), moderate or heavy"
2026-07-29,08:00:00,Pahang,Raub,3.7931,101.8569,24.5,89,0.1,2.9,51,"Drizzle, not freezing, continuous 	slight at time of observation"
2026-07-29,08:00:00,Pulau Pinang,Butterworth,5.3992,100.3639,24.1,94,1.1,10.3,81,"Rain shower(s), moderate or heavy"
2026-07-29,08:00:00,Pulau Pinang,Bukit Mertajam,5.3631,100.4667,24.1,94,1.1,10.3,81,"Rain shower(s), moderate or heavy"
2026-07-29,08:00:00,Kuala Lumpur,Kuala Lumpur,3.1478,101.6953,24.9,92,0.0,3.1,3,Clouds generally forming or developing
2026-07-29,08:00:00,Putrajaya,Putrajaya,2.93,101.69,25.7,87,0.0,8.8,3,Clouds generally forming or developing
2026-07-29,08:00:00,Perak,Teluk Intan,4.0259,101.0213,25.9,92,0.0,4.0,3,Clouds generally forming or developing
2026-07-29,08:00:00,Terengganu,Cukai,4.2332,103.4479,26.7,88,0.0,9.4,3,Clouds generally forming or developing
2026-07-29,08:00:00,Sabah,Lahad Datu,5.03,118.34,26.2,95,0.0,4.1,1,Clouds generally dissolving or becoming less developed
2026-07-29,08:00:00,Sabah,Sandakan,5.8388,118.1173,27.0,91,0.0,6.1,1,Clouds generally dissolving or becoming less developed
2026-07-29,08:00:00,Labuan,Labuan,5.2803,115.2475,28.0,75,0.0,11.7,3,Clouds generally forming or developing
2026-07-29,08:00:00,Pahang,Kuala Lipis,4.184,102.042,25.3,95,0.0,1.9,3,Clouds generally forming or developing
2026-07-29,07:00:00,Perak,Taiping,4.85,100.7333,25.2,97,0.0,4.2,3,Clouds generally forming or developing
2026-07-29,07:00:00,Melaka,Melaka,2.1889,102.2511,25.2,93,0.0,8.9,2,State of sky on the whole unchanged
2026-07-29,07:00:00,Labuan,Labuan,5.2803,115.2475,27.4,77,0.0,5.1,2,State of sky on the whole unchanged
2026-07-29,07:00:00,Sarawak,Sibu,2.3,111.8167,23.8,96,0.3,5.2,51,"Drizzle, not freezing, continuous 	slight at time of observation"
2026-07-29,07:00:00,Terengganu,Kuala Terengganu,5.3303,103.1408,24.0,99,0.4,8.6,51,"Drizzle, not freezing, continuous 	slight at time of observation"
2026-07-29,07:00:00,Johor,Kluang,2.0336,103.3194,24.1,96,0.0,7.1,2,State of sky on the whole unchanged
2026-07-29,07:00:00,Kedah,Alor Setar,6.1167,100.3667,24.1,97,0.7,8.7,53,"Drizzle, not freezing, continuous 	moderate at time of observation"
2026-07-29,07:00:00,Sarawak,Miri,4.4028,113.9933,24.3,95,0.0,7.6,3,Clouds generally forming or developing
2026-07-29,07:00:00,Pulau Pinang,Butterworth,5.3992,100.3639,25.8,89,0.1,10.6,51,"Drizzle, not freezing, continuous 	slight at time of observation"
2026-07-29,07:00:00,Pahang,Kuala Lipis,4.184,102.042,23.6,99,0.0,6.0,3,Clouds generally forming or developing
2026-07-29,07:00:00,Perlis,Kangar,6.4333,100.2,24.5,95,0.4,7.1,53,"Drizzle, not freezing, continuous 	moderate at time of observation"
2026-07-29,07:00:00,Pulau Pinang,Bukit Mertajam,5.3631,100.4667,25.7,89,0.1,10.6,51,"Drizzle, not freezing, continuous 	slight at time of observation"
2026-07-29,07:00:00,Terengganu,Cukai,4.2332,103.4479,25.3,94,0.0,10.2,3,Clouds generally forming or developing
2026-07-29,07:00:00,Pahang,Raub,3.7931,101.8569,22.9,99,0.7,4.9,80,"Rain shower(s), slight"
2026-07-29,07:00:00,Kedah,Sungai Petani,5.65,100.48,23.9,92,0.1,6.5,51,"Drizzle, not freezing, continuous 	slight at time of observation"
2026-07-29,07:00:00,Sabah,Tawau,4.2448,117.8911,25.0,93,0.0,7.7,2,State of sky on the whole unchanged
2026-07-29,07:00:00,Putrajaya,Putrajaya,2.93,101.69,25.3,91,0.0,8.5,3,Clouds generally forming or developing
2026-07-29,07:00:00,Selangor,Shah Alam,3.0833,101.5333,25.6,89,0.0,8.9,3,Clouds generally forming or developing
2026-07-29,07:00:00,Sabah,Sandakan,5.8388,118.1173,25.1,96,0.0,8.0,3,Clouds generally forming or developing
2026-07-29,07:00:00,Sarawak,Bintulu,3.17,113.03,24.4,92,0.0,7.3,2,State of sky on the whole unchanged
2026-07-29,07:00:00,Sabah,Kota Kinabalu,5.975,116.0725,25.1,78,0.0,3.3,3,Clouds generally forming or developing
2026-07-29,07:00:00,Johor,Muar,2.05,102.56,25.1,92,0.0,6.4,2,State of sky on the whole unchanged
2026-07-29,07:00:00,Johor,Johor Bahru,1.4556,103.7611,25.0,95,0.0,5.5,3,Clouds generally forming or developing
2026-07-29,07:00:00,Pulau Pinang,George Town,5.4145,100.3292,24.0,97,0.6,13.8,81,"Rain shower(s), moderate or heavy"
2026-07-29,07:00:00,Sarawak,Kuching,1.5397,110.3542,23.5,99,0.3,5.9,51,"Drizzle, not freezing, continuous 	slight at time of observation"
2026-07-29,07:00:00,Selangor,Petaling Jaya,3.1073,101.6067,24.5,96,0.0,4.1,3,Clouds generally forming or developing
2026-07-29,07:00:00,Selangor,Klang,3.0333,101.45,25.7,88,0.0,10.2,3,Clouds generally forming or developing
2026-07-29,07:00:00,Sabah,Lahad Datu,5.03,118.34,24.5,98,0.0,3.2,3,Clouds generally forming or developing
2026-07-29,07:00:00,Perak,Ipoh,4.6,101.07,25.0,94,0.0,2.3,3,Clouds generally forming or developing
2026-07-29,07:00:00,Pahang,Kuantan,3.8167,103.3333,24.7,93,0.0,7.4,2,State of sky on the whole unchanged
2026-07-29,07:00:00,Perak,Teluk Intan,4.0259,101.0213,25.5,91,0.0,6.9,3,Clouds generally forming or developing
2026-07-29,07:00:00,Kelantan,Kota Bharu,6.1333,102.25,24.2,98,0.1,7.3,51,"Drizzle, not freezing, continuous 	slight at time of observation"
2026-07-29,07:00:00,Kuala Lumpur,Kuala Lumpur,3.1478,101.6953,24.0,97,0.0,2.5,3,Clouds generally forming or developing
2026-07-29,06:00:00,Putrajaya,Putrajaya,2.93,101.69,25.5,90,0.0,9.1,2,State of sky on the whole unchanged
2026-07-29,06:00:00,Sarawak,Bintulu,3.17,113.03,24.2,92,0.0,7.0,2,State of sky on the whole unchanged
2026-07-29,06:00:00,Kedah,Alor Setar,6.1167,100.3667,23.9,97,0.3,5.9,53,"Drizzle, not freezing, continuous 	moderate at time of observation"
2026-07-29,06:00:00,Johor,Muar,2.05,102.56,25.2,91,0.0,6.9,3,Clouds generally forming or developing
2026-07-29,06:00:00,Selangor,Klang,3.0333,101.45,25.9,87,0.0,10.2,2,State of sky on the whole unchanged
2026-07-29,06:00:00,Kedah,Sungai Petani,5.65,100.48,23.6,97,0.0,6.9,3,Clouds generally forming or developing
2026-07-29,06:00:00,Perak,Ipoh,4.6,101.07,24.8,95,0.0,0.8,3,Clouds generally forming or developing
2026-07-29,06:00:00,Sarawak,Sibu,2.3,111.8167,23.8,97,0.0,6.1,3,Clouds generally forming or developing
2026-07-29,06:00:00,Kelantan,Kota Bharu,6.1333,102.25,24.6,98,0.1,8.5,51,"Drizzle, not freezing, continuous 	slight at time of observation"
2026-07-29,06:00:00,Sabah,Kota Kinabalu,5.975,116.0725,24.3,77,0.0,2.0,3,Clouds generally forming or developing
2026-07-29,06:00:00,Terengganu,Kuala Terengganu,5.3303,103.1408,24.5,98,1.0,2.5,55,"Drizzle, not freezing, continuous heavy (dense) at time of observation"
2026-07-29,06:00:00,Pahang,Kuantan,3.8167,103.3333,25.0,93,0.0,8.8,3,Clouds generally forming or developing
2026-07-29,06:00:00,Terengganu,Cukai,4.2332,103.4479,26.1,94,0.0,10.1,3,Clouds generally forming or developing
2026-07-29,06:00:00,Pulau Pinang,Bukit Mertajam,5.3631,100.4667,25.9,87,0.0,7.0,3,Clouds generally forming or developing
2026-07-29,06:00:00,Sabah,Sandakan,5.8388,118.1173,24.6,96,0.0,8.7,3,Clouds generally forming or developing
2026-07-29,06:00:00,Sabah,Tawau,4.2448,117.8911,24.4,95,0.0,11.4,2,State of sky on the whole unchanged
2026-07-29,06:00:00,Selangor,Shah Alam,3.0833,101.5333,25.9,88,0.0,9.3,2,State of sky on the whole unchanged
2026-07-29,06:00:00,Pahang,Kuala Lipis,4.184,102.042,23.6,99,0.1,6.0,51,"Drizzle, not freezing, continuous 	slight at time of observation"
2026-07-29,06:00:00,Perak,Teluk Intan,4.0259,101.0213,25.6,93,0.0,6.3,3,Clouds generally forming or developing
2026-07-29,06:00:00,Pulau Pinang,Butterworth,5.3992,100.3639,26.0,87,0.0,7.0,3,Clouds generally forming or developing
2026-07-29,06:00:00,Perlis,Kangar,6.4333,100.2,24.4,95,0.0,7.6,53,"Drizzle, not freezing, continuous 	moderate at time of observation"
2026-07-29,06:00:00,Johor,Kluang,2.0336,103.3194,24.1,97,0.0,7.9,2,State of sky on the whole unchanged
2026-07-29,06:00:00,Sarawak,Kuching,1.5397,110.3542,23.6,99,0.2,5.9,51,"Drizzle, not freezing, continuous 	slight at time of observation"
2026-07-29,06:00:00,Perak,Taiping,4.85,100.7333,25.3,96,0.0,2.6,3,Clouds generally forming or developing
2026-07-29,06:00:00,Sabah,Lahad Datu,5.03,118.34,23.8,98,0.0,1.9,3,Clouds generally forming or developing
2026-07-29,06:00:00,Melaka,Melaka,2.1889,102.2511,25.4,92,0.0,10.3,2,State of sky on the whole unchanged
2026-07-29,06:00:00,Pulau Pinang,George Town,5.4145,100.3292,25.6,96,0.0,5.0,3,Clouds generally forming or developing
2026-07-29,06:00:00,Sarawak,Miri,4.4028,113.9933,23.9,96,0.0,9.1,3,Clouds generally forming or developing
2026-07-29,06:00:00,Pahang,Raub,3.7931,101.8569,23.1,98,0.1,5.5,51,"Drizzle, not freezing, continuous 	slight at time of observation"
2026-07-29,06:00:00,Labuan,Labuan,5.2803,115.2475,26.7,80,0.0,4.7,3,Clouds generally forming or developing
2026-07-29,06:00:00,Johor,Johor Bahru,1.4556,103.7611,25.1,94,0.0,5.5,3,Clouds generally forming or developing
2026-07-29,06:00:00,Selangor,Petaling Jaya,3.1073,101.6067,24.7,95,0.0,5.1,2,State of sky on the whole unchanged
2026-07-29,06:00:00,Kuala Lumpur,Kuala Lumpur,3.1478,101.6953,24.1,97,0.0,2.7,2,State of sky on the whole unchanged
2026-07-29,05:00:00,Kelantan,Kota Bharu,6.1333,102.25,25.4,97,0.0,6.2,51,"Drizzle, not freezing, continuous 	slight at time of observation"
2026-07-29,05:00:00,Perlis,Kangar,6.4333,100.2,23.9,96,0.3,8.8,51,"Drizzle, not freezing, continuous 	slight at time of observation"
2026-07-29,05:00:00,Terengganu,Kuala Terengganu,5.3303,103.1408,24.0,99,0.7,5.8,81,"Rain shower(s), moderate or heavy"
2026-07-29,05:00:00,Kedah,Sungai Petani,5.65,100.48,24.3,96,0.0,4.2,3,Clouds generally forming or developing
2026-07-29,05:00:00,Perak,Teluk Intan,4.0259,101.0213,25.9,94,0.0,4.9,3,Clouds generally forming or developing
2026-07-29,05:00:00,Labuan,Labuan,5.2803,115.2475,26.8,80,0.0,6.0,3,Clouds generally forming or developing
2026-07-29,05:00:00,Selangor,Klang,3.0333,101.45,26.1,87,0.0,10.5,3,Clouds generally forming or developing
2026-07-29,05:00:00,Sabah,Lahad Datu,5.03,118.34,23.8,99,0.0,2.8,2,State of sky on the whole unchanged
2026-07-29,05:00:00,Sarawak,Bintulu,3.17,113.03,24.3,91,0.0,7.1,3,Clouds generally forming or developing
2026-07-29,05:00:00,Sabah,Kota Kinabalu,5.975,116.0725,24.0,80,0.0,2.7,3,Clouds generally forming or developing
2026-07-29,05:00:00,Melaka,Melaka,2.1889,102.2511,25.7,91,0.0,7.1,3,Clouds generally forming or developing
2026-07-29,05:00:00,Pahang,Raub,3.7931,101.8569,23.7,97,0.1,5.8,51,"Drizzle, not freezing, continuous 	slight at time of observation"
2026-07-29,05:00:00,Perak,Ipoh,4.6,101.07,25.1,94,0.0,1.3,3,Clouds generally forming or developing
2026-07-29,05:00:00,Selangor,Shah Alam,3.0833,101.5333,26.0,88,0.0,9.7,3,Clouds generally forming or developing
2026-07-29,05:00:00,Sabah,Tawau,4.2448,117.8911,24.3,94,0.0,12.4,1,Clouds generally dissolving or becoming less developed
2026-07-29,05:00:00,Pulau Pinang,George Town,5.4145,100.3292,25.8,93,0.0,2.3,3,Clouds generally forming or developing
2026-07-29,05:00:00,Pulau Pinang,Bukit Mertajam,5.3631,100.4667,26.1,88,0.0,7.0,3,Clouds generally forming or developing
2026-07-29,05:00:00,Pahang,Kuala Lipis,4.184,102.042,23.2,98,0.5,6.2,81,"Rain shower(s), moderate or heavy"
2026-07-29,05:00:00,Johor,Johor Bahru,1.4556,103.7611,25.1,94,0.0,4.2,2,State of sky on the whole unchanged
2026-07-29,05:00:00,Sarawak,Miri,4.4028,113.9933,23.9,96,0.0,8.2,3,Clouds generally forming or developing
2026-07-29,05:00:00,Selangor,Petaling Jaya,3.1073,101.6067,24.9,95,0.0,3.9,3,Clouds generally forming or developing
2026-07-29,05:00:00,Pulau Pinang,Butterworth,5.3992,100.3639,26.1,88,0.0,7.0,3,Clouds generally forming or developing
2026-07-29,05:00:00,Perak,Taiping,4.85,100.7333,25.6,96,0.0,2.4,3,Clouds generally forming or developing
2026-07-29,05:00:00,Johor,Muar,2.05,102.56,25.3,91,0.0,9.0,3,Clouds generally forming or developing
2026-07-29,05:00:00,Sarawak,Sibu,2.3,111.8167,23.8,97,0.0,8.0,3,Clouds generally forming or developing
2026-07-29,05:00:00,Kuala Lumpur,Kuala Lumpur,3.1478,101.6953,24.3,96,0.0,1.8,3,Clouds generally forming or developing
2026-07-29,05:00:00,Sarawak,Kuching,1.5397,110.3542,23.9,99,0.0,8.9,3,Clouds generally forming or developing
2026-07-29,05:00:00,Pahang,Kuantan,3.8167,103.3333,25.3,92,0.0,7.8,3,Clouds generally forming or developing
2026-07-29,05:00:00,Johor,Kluang,2.0336,103.3194,24.2,96,0.0,6.8,3,Clouds generally forming or developing
2026-07-29,05:00:00,Sabah,Sandakan,5.8388,118.1173,24.9,96,0.0,10.2,2,State of sky on the whole unchanged
2026-07-29,05:00:00,Terengganu,Cukai,4.2332,103.4479,26.8,90,0.0,10.1,3,Clouds generally forming or developing
2026-07-29,05:00:00,Putrajaya,Putrajaya,2.93,101.69,25.7,90,0.0,9.9,3,Clouds generally forming or developing
2026-07-29,05:00:00,Kedah,Alor Setar,6.1167,100.3667,24.0,96,0.2,5.0,51,"Drizzle, not freezing, continuous 	slight at time of observation"
2026-07-29,04:00:00,Pahang,Kuantan,3.8167,103.3333,26.0,90,0.0,8.1,3,Clouds generally forming or developing
2026-07-29,04:00:00,Pahang,Raub,3.7931,101.8569,23.8,96,0.2,4.9,51,"Drizzle, not freezing, continuous 	slight at time of observation"
2026-07-29,04:00:00,Perlis,Kangar,6.4333,100.2,23.9,96,0.4,8.6,53,"Drizzle, not freezing, continuous 	moderate at time of observation"
2026-07-29,04:00:00,Terengganu,Cukai,4.2332,103.4479,27.0,88,0.0,10.6,3,Clouds generally forming or developing
2026-07-29,04:00:00,Pahang,Kuala Lipis,4.184,102.042,25.7,91,0.0,0.5,3,Clouds generally forming or developing
2026-07-29,04:00:00,Selangor,Petaling Jaya,3.1073,101.6067,25.2,93,0.0,3.1,3,Clouds generally forming or developing
2026-07-29,04:00:00,Perak,Ipoh,4.6,101.07,25.3,94,0.0,1.5,3,Clouds generally forming or developing
2026-07-29,04:00:00,Johor,Johor Bahru,1.4556,103.7611,25.1,94,0.0,5.4,3,Clouds generally forming or developing
2026-07-29,04:00:00,Kuala Lumpur,Kuala Lumpur,3.1478,101.6953,24.6,96,0.0,1.5,3,Clouds generally forming or developing
2026-07-29,04:00:00,Selangor,Shah Alam,3.0833,101.5333,26.3,87,0.0,8.6,3,Clouds generally forming or developing
2026-07-29,04:00:00,Labuan,Labuan,5.2803,115.2475,26.8,80,0.0,5.8,3,Clouds generally forming or developing
2026-07-29,04:00:00,Sabah,Tawau,4.2448,117.8911,24.3,94,0.0,13.0,1,Clouds generally dissolving or becoming less developed
2026-07-29,04:00:00,Perak,Taiping,4.85,100.7333,25.7,96,0.0,2.2,3,Clouds generally forming or developing
2026-07-29,04:00:00,Sarawak,Bintulu,3.17,113.03,24.0,92,0.0,7.2,3,Clouds generally forming or developing
2026-07-29,04:00:00,Putrajaya,Putrajaya,2.93,101.69,25.7,90,0.0,10.4,3,Clouds generally forming or developing
2026-07-29,04:00:00,Sabah,Lahad Datu,5.03,118.34,23.8,99,0.2,5.2,51,"Drizzle, not freezing, continuous 	slight at time of observation"
2026-07-29,04:00:00,Pulau Pinang,George Town,5.4145,100.3292,25.4,93,0.3,4.0,51,"Drizzle, not freezing, continuous 	slight at time of observation"
2026-07-29,04:00:00,Sarawak,Sibu,2.3,111.8167,23.9,97,0.0,7.9,3,Clouds generally forming or developing
2026-07-29,04:00:00,Selangor,Klang,3.0333,101.45,26.3,86,0.0,9.7,2,State of sky on the whole unchanged
2026-07-29,04:00:00,Sarawak,Kuching,1.5397,110.3542,24.2,98,0.0,5.3,3,Clouds generally forming or developing
2026-07-29,04:00:00,Sabah,Sandakan,5.8388,118.1173,25.1,96,0.0,9.6,2,State of sky on the whole unchanged
2026-07-29,04:00:00,Pulau Pinang,Butterworth,5.3992,100.3639,26.7,86,0.3,5.6,51,"Drizzle, not freezing, continuous 	slight at time of observation"
2026-07-29,04:00:00,Kelantan,Kota Bharu,6.1333,102.25,26.2,92,0.0,1.5,3,Clouds generally forming or developing
2026-07-29,04:00:00,Johor,Kluang,2.0336,103.3194,24.4,95,0.0,7.3,3,Clouds generally forming or developing
2026-07-29,04:00:00,Terengganu,Kuala Terengganu,5.3303,103.1408,26.4,89,0.0,6.4,3,Clouds generally forming or developing
2026-07-29,04:00:00,Sabah,Kota Kinabalu,5.975,116.0725,23.9,83,0.0,5.3,3,Clouds generally forming or developing
2026-07-29,04:00:00,Pulau Pinang,Bukit Mertajam,5.3631,100.4667,26.7,86,0.3,5.6,51,"Drizzle, not freezing, continuous 	slight at time of observation"
2026-07-29,04:00:00,Kedah,Alor Setar,6.1167,100.3667,24.1,95,0.0,8.3,3,Clouds generally forming or developing
2026-07-29,04:00:00,Perak,Teluk Intan,4.0259,101.0213,25.9,94,0.0,3.3,3,Clouds generally forming or developing
2026-07-29,04:00:00,Kedah,Sungai Petani,5.65,100.48,24.8,95,0.1,2.4,51,"Drizzle, not freezing, continuous 	slight at time of observation"
2026-07-29,04:00:00,Melaka,Melaka,2.1889,102.2511,25.9,91,0.0,9.6,3,Clouds generally forming or developing
2026-07-29,04:00:00,Johor,Muar,2.05,102.56,25.6,91,0.0,8.3,3,Clouds generally forming or developing
2026-07-29,04:00:00,Sarawak,Miri,4.4028,113.9933,24.1,96,0.0,9.0,3,Clouds generally forming or developing
2026-07-29,03:00:00,Sarawak,Sibu,2.3,111.8167,23.9,97,0.0,3.1,3,Clouds generally forming or developing
2026-07-29,03:00:00,Kedah,Alor Setar,6.1167,100.3667,24.1,94,0.2,5.5,51,"Drizzle, not freezing, continuous 	slight at time of observation"
2026-07-29,03:00:00,Pahang,Kuantan,3.8167,103.3333,26.4,88,0.0,8.8,3,Clouds generally forming or developing
2026-07-29,03:00:00,Pulau Pinang,Bukit Mertajam,5.3631,100.4667,27.3,86,0.0,8.1,3,Clouds generally forming or developing
2026-07-29,03:00:00,Pulau Pinang,Butterworth,5.3992,100.3639,27.3,86,0.0,8.1,3,Clouds generally forming or developing
2026-07-29,03:00:00,Sarawak,Miri,4.4028,113.9933,24.3,94,0.0,10.5,3,Clouds generally forming or developing
2026-07-29,03:00:00,Johor,Muar,2.05,102.56,26.3,89,0.0,7.6,3,Clouds generally forming or developing
2026-07-29,03:00:00,Putrajaya,Putrajaya,2.93,101.69,26.1,88,0.0,9.2,3,Clouds generally forming or developing
2026-07-29,03:00:00,Selangor,Petaling Jaya,3.1073,101.6067,25.6,92,0.0,3.1,3,Clouds generally forming or developing
2026-07-29,03:00:00,Pahang,Kuala Lipis,4.184,102.042,25.7,90,0.0,1.7,3,Clouds generally forming or developing
2026-07-29,03:00:00,Perak,Taiping,4.85,100.7333,25.9,97,0.0,2.3,3,Clouds generally forming or developing
2026-07-29,03:00:00,Kelantan,Kota Bharu,6.1333,102.25,26.3,90,0.0,8.9,3,Clouds generally forming or developing
2026-07-29,03:00:00,Terengganu,Kuala Terengganu,5.3303,103.1408,26.6,91,0.0,6.3,3,Clouds generally forming or developing
2026-07-29,03:00:00,Kuala Lumpur,Kuala Lumpur,3.1478,101.6953,25.0,94,0.0,2.3,3,Clouds generally forming or developing
2026-07-29,03:00:00,Sarawak,Bintulu,3.17,113.03,24.0,92,0.0,7.1,3,Clouds generally forming or developing
2026-07-29,03:00:00,Labuan,Labuan,5.2803,115.2475,27.0,80,0.0,8.2,3,Clouds generally forming or developing
2026-07-29,03:00:00,Perak,Teluk Intan,4.0259,101.0213,26.3,93,0.0,4.1,3,Clouds generally forming or developing
2026-07-29,03:00:00,Pahang,Raub,3.7931,101.8569,24.1,94,0.1,4.8,51,"Drizzle, not freezing, continuous 	slight at time of observation"
2026-07-29,03:00:00,Selangor,Klang,3.0333,101.45,26.6,88,0.0,8.0,3,Clouds generally forming or developing
2026-07-29,03:00:00,Melaka,Melaka,2.1889,102.2511,26.4,90,0.0,9.4,3,Clouds generally forming or developing
2026-07-29,03:00:00,Sabah,Tawau,4.2448,117.8911,24.4,92,0.0,11.4,1,Clouds generally dissolving or becoming less developed
2026-07-29,03:00:00,Perlis,Kangar,6.4333,100.2,24.0,96,0.0,7.3,3,Clouds generally forming or developing
2026-07-29,03:00:00,Sabah,Kota Kinabalu,5.975,116.0725,24.2,82,0.0,5.6,3,Clouds generally forming or developing
2026-07-29,03:00:00,Sabah,Lahad Datu,5.03,118.34,24.0,99,0.4,4.3,51,"Drizzle, not freezing, continuous 	slight at time of observation"
2026-07-29,03:00:00,Johor,Johor Bahru,1.4556,103.7611,25.2,94,0.0,5.1,3,Clouds generally forming or developing
2026-07-29,03:00:00,Pulau Pinang,George Town,5.4145,100.3292,25.8,88,0.2,13.5,53,"Drizzle, not freezing, continuous 	moderate at time of observation"
2026-07-29,03:00:00,Sarawak,Kuching,1.5397,110.3542,24.3,97,0.0,3.2,3,Clouds generally forming or developing
2026-07-29,03:00:00,Perak,Ipoh,4.6,101.07,25.7,93,0.0,0.7,3,Clouds generally forming or developing
2026-07-29,03:00:00,Terengganu,Cukai,4.2332,103.4479,27.1,85,0.0,12.2,3,Clouds generally forming or developing
2026-07-29,03:00:00,Selangor,Shah Alam,3.0833,101.5333,26.7,87,0.0,7.1,3,Clouds generally forming or developing
2026-07-29,03:00:00,Johor,Kluang,2.0336,103.3194,24.6,94,0.0,7.9,3,Clouds generally forming or developing
2026-07-29,03:00:00,Kedah,Sungai Petani,5.65,100.48,25.5,90,0.5,5.8,53,"Drizzle, not freezing, continuous 	moderate at time of observation"
2026-07-29,03:00:00,Sabah,Sandakan,5.8388,118.1173,25.3,96,0.2,8.5,51,"Drizzle, not freezing, continuous 	slight at time of observation"
2026-07-29,02:00:00,Kedah,Alor Setar,6.1167,100.3667,24.5,88,1.4,1.4,80,"Rain shower(s), slight"
2026-07-29,02:00:00,Perak,Ipoh,4.6,101.07,26.1,91,0.0,0.6,3,Clouds generally forming or developing
2026-07-29,02:00:00,Pahang,Kuala Lipis,4.184,102.042,26.2,88,0.0,2.2,3,Clouds generally forming or developing
2026-07-29,02:00:00,Johor,Muar,2.05,102.56,26.8,87,0.0,8.0,3,Clouds generally forming or developing
2026-07-29,02:00:00,Pulau Pinang,Butterworth,5.3992,100.3639,27.9,82,0.0,4.1,3,Clouds generally forming or developing
2026-07-29,02:00:00,Johor,Kluang,2.0336,103.3194,24.8,94,0.0,9.2,3,Clouds generally forming or developing
2026-07-29,02:00:00,Sabah,Sandakan,5.8388,118.1173,25.3,96,0.1,5.4,51,"Drizzle, not freezing, continuous 	slight at time of observation"
2026-07-29,02:00:00,Selangor,Klang,3.0333,101.45,26.9,90,0.0,6.8,3,Clouds generally forming or developing
2026-07-29,02:00:00,Perak,Taiping,4.85,100.7333,26.1,97,0.0,2.7,3,Clouds generally forming or developing
2026-07-29,02:00:00,Kuala Lumpur,Kuala Lumpur,3.1478,101.6953,25.8,92,0.0,2.4,3,Clouds generally forming or developing
2026-07-29,02:00:00,Pulau Pinang,George Town,5.4145,100.3292,28.2,87,0.0,1.1,3,Clouds generally forming or developing
2026-07-29,02:00:00,Terengganu,Cukai,4.2332,103.4479,27.2,82,0.0,15.2,51,"Drizzle, not freezing, continuous 	slight at time of observation"
2026-07-29,02:00:00,Labuan,Labuan,5.2803,115.2475,27.2,80,0.0,12.0,3,Clouds generally forming or developing
2026-07-29,02:00:00,Melaka,Melaka,2.1889,102.2511,27.1,86,0.0,11.8,3,Clouds generally forming or developing
2026-07-29,02:00:00,Sabah,Kota Kinabalu,5.975,116.0725,25.1,78,0.0,8.2,3,Clouds generally forming or developing
2026-07-29,02:00:00,Johor,Johor Bahru,1.4556,103.7611,25.5,93,0.0,5.1,3,Clouds generally forming or developing
2026-07-29,02:00:00,Sarawak,Bintulu,3.17,113.03,25.0,89,0.1,8.9,51,"Drizzle, not freezing, continuous 	slight at time of observation"
2026-07-29,02:00:00,Kedah,Sungai Petani,5.65,100.48,26.2,87,0.0,6.0,3,Clouds generally forming or developing
2026-07-29,02:00:00,Sarawak,Sibu,2.3,111.8167,23.8,98,0.0,9.2,2,State of sky on the whole unchanged
2026-07-29,02:00:00,Sarawak,Kuching,1.5397,110.3542,24.4,96,0.0,4.0,3,Clouds generally forming or developing
2026-07-29,02:00:00,Kelantan,Kota Bharu,6.1333,102.25,26.0,92,0.7,10.9,53,"Drizzle, not freezing, continuous 	moderate at time of observation"
2026-07-29,02:00:00,Selangor,Shah Alam,3.0833,101.5333,27.0,88,0.0,6.4,3,Clouds generally forming or developing
2026-07-29,02:00:00,Terengganu,Kuala Terengganu,5.3303,103.1408,26.8,90,0.0,6.1,3,Clouds generally forming or developing
2026-07-29,02:00:00,Pahang,Kuantan,3.8167,103.3333,26.7,85,0.0,10.6,3,Clouds generally forming or developing
2026-07-29,02:00:00,Sarawak,Miri,4.4028,113.9933,24.6,94,0.2,7.8,51,"Drizzle, not freezing, continuous 	slight at time of observation"
2026-07-29,02:00:00,Pahang,Raub,3.7931,101.8569,24.7,91,0.0,3.4,2,State of sky on the whole unchanged
2026-07-29,02:00:00,Sabah,Tawau,4.2448,117.8911,25.4,86,0.2,11.1,53,"Drizzle, not freezing, continuous 	moderate at time of observation"
2026-07-29,02:00:00,Selangor,Petaling Jaya,3.1073,101.6067,26.2,90,0.0,3.2,3,Clouds generally forming or developing
2026-07-29,02:00:00,Perlis,Kangar,6.4333,100.2,24.2,95,0.6,6.8,53,"Drizzle, not freezing, continuous 	moderate at time of observation"
2026-07-29,02:00:00,Sabah,Lahad Datu,5.03,118.34,24.1,97,0.8,5.1,81,"Rain shower(s), moderate or heavy"
2026-07-29,02:00:00,Pulau Pinang,Bukit Mertajam,5.3631,100.4667,27.8,82,0.0,4.1,3,Clouds generally forming or developing
2026-07-29,02:00:00,Putrajaya,Putrajaya,2.93,101.69,26.7,87,0.0,8.3,3,Clouds generally forming or developing
2026-07-29,02:00:00,Perak,Teluk Intan,4.0259,101.0213,26.7,92,0.0,4.9,3,Clouds generally forming or developing
2026-07-29,01:00:00,Sarawak,Sibu,2.3,111.8167,23.8,98,0.0,8.1,1,Clouds generally dissolving or becoming less developed
2026-07-29,01:00:00,Kedah,Alor Setar,6.1167,100.3667,24.5,92,0.0,18.8,80,"Rain shower(s), slight"
2026-07-29,01:00:00,Kuala Lumpur,Kuala Lumpur,3.1478,101.6953,25.2,93,0.0,2.3,3,Clouds generally forming or developing
2026-07-29,01:00:00,Melaka,Melaka,2.1889,102.2511,26.6,86,0.0,11.6,3,Clouds generally forming or developing
2026-07-29,01:00:00,Perak,Teluk Intan,4.0259,101.0213,26.5,93,0.0,3.2,3,Clouds generally forming or developing
2026-07-29,01:00:00,Sabah,Tawau,4.2448,117.8911,25.5,86,0.1,8.5,51,"Drizzle, not freezing, continuous 	slight at time of observation"
2026-07-29,01:00:00,Johor,Kluang,2.0336,103.3194,24.7,94,0.0,6.9,3,Clouds generally forming or developing
2026-07-29,01:00:00,Johor,Johor Bahru,1.4556,103.7611,25.5,91,0.0,4.2,3,Clouds generally forming or developing
2026-07-29,01:00:00,Sabah,Kota Kinabalu,5.975,116.0725,25.6,76,0.1,8.1,51,"Drizzle, not freezing, continuous 	slight at time of observation"
2026-07-29,01:00:00,Sabah,Sandakan,5.8388,118.1173,26.5,92,0.3,2.2,51,"Drizzle, not freezing, continuous 	slight at time of observation"
2026-07-29,01:00:00,Johor,Muar,2.05,102.56,26.2,86,0.0,9.9,3,Clouds generally forming or developing
2026-07-29,01:00:00,Pahang,Raub,3.7931,101.8569,24.2,92,0.0,3.9,3,Clouds generally forming or developing
2026-07-29,01:00:00,Sarawak,Bintulu,3.17,113.03,25.5,86,0.1,12.9,51,"Drizzle, not freezing, continuous 	slight at time of observation"
2026-07-29,01:00:00,Putrajaya,Putrajaya,2.93,101.69,26.2,92,0.0,4.3,3,Clouds generally forming or developing
2026-07-29,01:00:00,Selangor,Klang,3.0333,101.45,26.3,92,0.0,5.5,3,Clouds generally forming or developing
2026-07-29,01:00:00,Sabah,Lahad Datu,5.03,118.34,25.6,91,0.0,2.8,3,Clouds generally forming or developing
2026-07-29,01:00:00,Kedah,Sungai Petani,5.65,100.48,26.7,83,0.0,1.5,3,Clouds generally forming or developing
2026-07-29,01:00:00,Sarawak,Kuching,1.5397,110.3542,24.5,96,0.0,1.8,3,Clouds generally forming or developing
2026-07-29,01:00:00,Pulau Pinang,Bukit Mertajam,5.3631,100.4667,28.0,80,0.0,5.0,3,Clouds generally forming or developing
2026-07-29,01:00:00,Terengganu,Kuala Terengganu,5.3303,103.1408,26.2,91,0.0,6.2,3,Clouds generally forming or developing
2026-07-29,01:00:00,Selangor,Shah Alam,3.0833,101.5333,26.6,89,0.0,4.3,3,Clouds generally forming or developing
2026-07-29,01:00:00,Perak,Taiping,4.85,100.7333,26.2,95,0.0,4.9,3,Clouds generally forming or developing
2026-07-29,01:00:00,Pahang,Kuantan,3.8167,103.3333,26.3,89,0.0,7.7,3,Clouds generally forming or developing
2026-07-29,01:00:00,Terengganu,Cukai,4.2332,103.4479,27.4,83,0.0,13.3,3,Clouds generally forming or developing
2026-07-29,01:00:00,Kelantan,Kota Bharu,6.1333,102.25,24.8,96,0.6,7.7,80,"Rain shower(s), slight"
2026-07-29,01:00:00,Perak,Ipoh,4.6,101.07,25.9,92,0.0,3.1,3,Clouds generally forming or developing
2026-07-29,01:00:00,Perlis,Kangar,6.4333,100.2,24.5,94,0.2,2.5,55,"Drizzle, not freezing, continuous heavy (dense) at time of observation"
2026-07-29,01:00:00,Pulau Pinang,Butterworth,5.3992,100.3639,28.0,80,0.0,5.0,3,Clouds generally forming or developing
2026-07-29,01:00:00,Pahang,Kuala Lipis,4.184,102.042,25.8,88,0.0,4.5,3,Clouds generally forming or developing
2026-07-29,01:00:00,Pulau Pinang,George Town,5.4145,100.3292,28.1,84,0.0,0.9,3,Clouds generally forming or developing
2026-07-29,01:00:00,Selangor,Petaling Jaya,3.1073,101.6067,25.8,89,0.0,2.9,3,Clouds generally forming or developing
2026-07-29,01:00:00,Sarawak,Miri,4.4028,113.9933,25.0,91,0.5,3.5,53,"Drizzle, not freezing, continuous 	moderate at time of observation"
2026-07-29,01:00:00,Labuan,Labuan,5.2803,115.2475,27.1,81,0.0,11.8,3,Clouds generally forming or developing
2026-07-29,00:00:00,Terengganu,Cukai,4.2332,103.4479,27.1,88,0.0,9.8,3,Clouds generally forming or developing
2026-07-29,00:00:00,Johor,Muar,2.05,102.56,26.5,85,0.0,13.4,3,Clouds generally forming or developing
2026-07-29,00:00:00,Putrajaya,Putrajaya,2.93,101.69,26.5,91,0.0,4.9,3,Clouds generally forming or developing
2026-07-29,00:00:00,Sabah,Kota Kinabalu,5.975,116.0725,26.1,75,0.3,4.7,51,"Drizzle, not freezing, continuous 	slight at time of observation"
2026-07-29,00:00:00,Pahang,Kuala Lipis,4.184,102.042,26.1,85,0.0,5.5,3,Clouds generally forming or developing
2026-07-29,00:00:00,Perlis,Kangar,6.4333,100.2,27.1,80,0.0,10.1,3,Clouds generally forming or developing
2026-07-29,00:00:00,Pahang,Raub,3.7931,101.8569,24.6,92,0.0,4.1,3,Clouds generally forming or developing
2026-07-29,00:00:00,Pulau Pinang,Bukit Mertajam,5.3631,100.4667,28.5,78,0.0,4.4,3,Clouds generally forming or developing
2026-07-29,00:00:00,Sarawak,Miri,4.4028,113.9933,25.4,87,0.0,6.8,3,Clouds generally forming or developing
2026-07-29,00:00:00,Kedah,Alor Setar,6.1167,100.3667,27.9,85,0.0,4.1,3,Clouds generally forming or developing
2026-07-29,00:00:00,Selangor,Klang,3.0333,101.45,26.5,91,0.0,5.2,3,Clouds generally forming or developing
2026-07-29,00:00:00,Sabah,Lahad Datu,5.03,118.34,26.2,87,0.0,0.3,2,State of sky on the whole unchanged
2026-07-29,00:00:00,Perak,Taiping,4.85,100.7333,26.3,95,0.0,2.6,3,Clouds generally forming or developing
2026-07-29,00:00:00,Sabah,Sandakan,5.8388,118.1173,26.5,92,0.0,4.1,53,"Drizzle, not freezing, continuous 	moderate at time of observation"
2026-07-29,00:00:00,Perak,Ipoh,4.6,101.07,26.5,90,0.0,2.7,3,Clouds generally forming or developing
2026-07-29,00:00:00,Pulau Pinang,Butterworth,5.3992,100.3639,28.5,78,0.0,4.4,3,Clouds generally forming or developing
2026-07-29,00:00:00,Pulau Pinang,George Town,5.4145,100.3292,28.2,83,0.0,1.3,3,Clouds generally forming or developing
2026-07-29,00:00:00,Selangor,Petaling Jaya,3.1073,101.6067,26.1,88,0.0,3.3,3,Clouds generally forming or developing
2026-07-29,00:00:00,Kuala Lumpur,Kuala Lumpur,3.1478,101.6953,25.6,91,0.0,2.7,3,Clouds generally forming or developing
2026-07-29,00:00:00,Pahang,Kuantan,3.8167,103.3333,26.2,89,0.0,7.6,3,Clouds generally forming or developing
2026-07-29,00:00:00,Sarawak,Sibu,2.3,111.8167,24.1,96,0.2,11.4,53,"Drizzle, not freezing, continuous 	moderate at time of observation"
2026-07-29,00:00:00,Selangor,Shah Alam,3.0833,101.5333,26.7,88,0.0,4.4,3,Clouds generally forming or developing
2026-07-29,00:00:00,Sabah,Tawau,4.2448,117.8911,26.1,86,0.0,5.8,2,State of sky on the whole unchanged
2026-07-29,00:00:00,Terengganu,Kuala Terengganu,5.3303,103.1408,26.6,90,0.0,7.4,3,Clouds generally forming or developing
2026-07-29,00:00:00,Johor,Johor Bahru,1.4556,103.7611,25.5,92,0.0,5.3,3,Clouds generally forming or developing
2026-07-29,00:00:00,Sarawak,Bintulu,3.17,113.03,28.4,74,0.0,8.6,2,State of sky on the whole unchanged
2026-07-29,00:00:00,Labuan,Labuan,5.2803,115.2475,27.2,81,0.1,12.8,51,"Drizzle, not freezing, continuous 	slight at time of observation"
2026-07-29,00:00:00,Kelantan,Kota Bharu,6.1333,102.25,27.0,90,0.0,7.9,3,Clouds generally forming or developing
2026-07-29,00:00:00,Melaka,Melaka,2.1889,102.2511,26.5,87,0.0,15.1,3,Clouds generally forming or developing
2026-07-29,00:00:00,Johor,Kluang,2.0336,103.3194,25.0,93,0.0,9.1,2,State of sky on the whole unchanged
2026-07-29,00:00:00,Kedah,Sungai Petani,5.65,100.48,27.2,82,0.0,0.4,3,Clouds generally forming or developing
2026-07-29,00:00:00,Sarawak,Kuching,1.5397,110.3542,25.0,93,0.0,1.0,2,State of sky on the whole unchanged
2026-07-29,00:00:00,Perak,Teluk Intan,4.0259,101.0213,26.5,93,0.0,1.8,3,Clouds generally forming or developing
2026-07-29,21:00:00,Negeri Sembilan,Seremban,2.7297,101.9381,26.5,87,0.0,4.1,3,Clouds generally forming or developing
2026-07-29,21:00:00,Selangor,Shah Alam,3.0833,101.5333,26.4,90,0.0,2.5,3,Clouds generally forming or developing
2026-07-29,21:00:00,Kuala Lumpur,Kuala Lumpur,3.1478,101.6953,25.8,93,0.0,1.6,3,Clouds generally forming or developing
2026-07-29,21:00:00,Perak,Teluk Intan,4.0259,101.0213,25.7,96,0.0,5.6,2,State of sky on the whole unchanged
2026-07-29,21:00:00,Sabah,Sandakan,5.8388,118.1173,26.3,91,0.3,2.6,51,"Drizzle, not freezing, continuous 	slight at time of observation"
2026-07-29,21:00:00,Sarawak,Bintulu,3.17,113.03,27.0,90,0.0,7.8,2,State of sky on the whole unchanged
2026-07-29,21:00:00,Johor,Johor Bahru,1.4556,103.7611,26.8,85,0.0,1.2,3,Clouds generally forming or developing
2026-07-29,21:00:00,Johor,Batu Pahat,1.85,102.93,26.3,88,0.0,6.6,3,Clouds generally forming or developing
2026-07-29,21:00:00,Perak,Taiping,4.85,100.7333,25.5,96,0.2,6.5,51,"Drizzle, not freezing, continuous 	slight at time of observation"
2026-07-29,21:00:00,Sarawak,Miri,4.4028,113.9933,27.3,82,0.0,3.2,3,Clouds generally forming or developing
2026-07-29,21:00:00,Selangor,Klang,3.0333,101.45,26.5,91,0.0,1.9,3,Clouds generally forming or developing
2026-07-29,21:00:00,Kedah,Sungai Petani,5.65,100.48,24.5,87,0.0,2.1,3,Clouds generally forming or developing
2026-07-29,21:00:00,Perak,Ipoh,4.6,101.07,25.8,91,0.0,2.4,3,Clouds generally forming or developing
2026-07-29,21:00:00,Labuan,Labuan,5.2803,115.2475,28.3,82,0.0,11.4,2,State of sky on the whole unchanged
2026-07-29,21:00:00,Melaka,Melaka,2.1889,102.2511,28.0,83,0.0,6.0,3,Clouds generally forming or developing
2026-07-29,21:00:00,Kedah,Alor Setar,6.1167,100.3667,25.3,87,0.0,6.2,3,Clouds generally forming or developing
2026-07-29,21:00:00,Perlis,Kangar,6.4333,100.2,25.6,91,0.2,4.4,51,"Drizzle, not freezing, continuous 	slight at time of observation"
2026-07-29,21:00:00,Putrajaya,Putrajaya,2.93,101.69,25.8,90,0.0,3.6,3,Clouds generally forming or developing
2026-07-29,21:00:00,Sabah,Kota Kinabalu,5.975,116.0725,26.1,89,0.0,6.1,2,State of sky on the whole unchanged
2026-07-29,21:00:00,Sarawak,Kuching,1.5397,110.3542,25.1,97,0.0,6.2,3,Clouds generally forming or developing
2026-07-29,21:00:00,Pahang,Raub,3.7931,101.8569,25.1,99,0.0,1.7,3,Clouds generally forming or developing
2026-07-29,21:00:00,Johor,Muar,2.05,102.56,27.4,84,0.0,6.8,3,Clouds generally forming or developing
2026-07-29,21:00:00,Selangor,Petaling Jaya,3.1073,101.6067,26.1,89,0.0,2.2,3,Clouds generally forming or developing
2026-07-29,21:00:00,Pulau Pinang,Butterworth,5.3992,100.3639,25.6,88,0.0,5.4,3,Clouds generally forming or developing
2026-07-29,21:00:00,Johor,Kluang,2.0336,103.3194,25.2,99,0.0,5.6,3,Clouds generally forming or developing
2026-07-29,21:00:00,Terengganu,Kuala Terengganu,5.3303,103.1408,26.1,91,0.0,7.6,3,Clouds generally forming or developing
2026-07-29,21:00:00,Pulau Pinang,Bukit Mertajam,5.3631,100.4667,25.6,88,0.0,5.4,3,Clouds generally forming or developing
2026-07-29,21:00:00,Pahang,Kuantan,3.8167,103.3333,25.7,94,0.0,8.7,1,Clouds generally dissolving or becoming less developed
2026-07-29,21:00:00,Sabah,Lahad Datu,5.03,118.34,26.1,85,0.0,3.6,2,State of sky on the whole unchanged
2026-07-29,21:00:00,Terengganu,Cukai,4.2332,103.4479,26.3,92,0.0,4.7,3,Clouds generally forming or developing
2026-07-29,21:00:00,Pulau Pinang,George Town,5.4145,100.3292,26.1,84,0.0,2.1,3,Clouds generally forming or developing
2026-07-29,21:00:00,Kelantan,Kota Bharu,6.1333,102.25,26.5,95,0.0,4.4,3,Clouds generally forming or developing
2026-07-29,21:00:00,Sabah,Tawau,4.2448,117.8911,26.6,85,0.0,2.9,0,Cloud development not observed or not observable
2026-07-29,20:00:00,Sarawak,Kuching,1.5397,110.3542,25.6,96,0.0,6.4,3,Clouds generally forming or developing
2026-07-29,20:00:00,Kedah,Sungai Petani,5.65,100.48,24.5,89,0.0,3.5,3,Clouds generally forming or developing
2026-07-29,20:00:00,Perak,Teluk Intan,4.0259,101.0213,26.0,94,0.0,1.6,3,Clouds generally forming or developing
2026-07-29,20:00:00,Selangor,Klang,3.0333,101.45,26.8,89,0.0,1.4,3,Clouds generally forming or developing
2026-07-29,20:00:00,Negeri Sembilan,Seremban,2.7297,101.9381,26.9,83,0.0,4.2,3,Clouds generally forming or developing
2026-07-29,20:00:00,Perak,Ipoh,4.6,101.07,25.8,91,0.0,3.3,3,Clouds generally forming or developing
2026-07-29,20:00:00,Melaka,Melaka,2.1889,102.2511,28.7,79,0.0,1.7,3,Clouds generally forming or developing
2026-07-29,20:00:00,Pulau Pinang,Butterworth,5.3992,100.3639,26.1,87,0.0,5.2,3,Clouds generally forming or developing
2026-07-29,20:00:00,Sabah,Lahad Datu,5.03,118.34,26.2,82,0.1,4.6,51,"Drizzle, not freezing, continuous 	slight at time of observation"
2026-07-29,20:00:00,Pulau Pinang,George Town,5.4145,100.3292,26.2,83,0.0,1.9,3,Clouds generally forming or developing
2026-07-29,20:00:00,Kelantan,Kota Bharu,6.1333,102.25,27.1,90,0.0,2.9,3,Clouds generally forming or developing
2026-07-29,20:00:00,Selangor,Petaling Jaya,3.1073,101.6067,26.4,88,0.0,4.0,3,Clouds generally forming or developing
2026-07-29,20:00:00,Perlis,Kangar,6.4333,100.2,25.9,88,0.1,4.8,51,"Drizzle, not freezing, continuous 	slight at time of observation"
2026-07-29,20:00:00,Johor,Johor Bahru,1.4556,103.7611,27.8,80,0.0,0.5,3,Clouds generally forming or developing
2026-07-29,20:00:00,Selangor,Shah Alam,3.0833,101.5333,26.7,89,0.0,2.0,3,Clouds generally forming or developing
2026-07-29,20:00:00,Kuala Lumpur,Kuala Lumpur,3.1478,101.6953,26.1,92,0.0,5.0,3,Clouds generally forming or developing
2026-07-29,20:00:00,Sabah,Sandakan,5.8388,118.1173,25.8,95,0.2,3.6,80,"Rain shower(s), slight"
2026-07-29,20:00:00,Pulau Pinang,Bukit Mertajam,5.3631,100.4667,26.0,87,0.0,5.2,3,Clouds generally forming or developing
2026-07-29,20:00:00,Sabah,Tawau,4.2448,117.8911,26.8,85,0.0,3.8,0,Cloud development not observed or not observable
2026-07-29,20:00:00,Johor,Batu Pahat,1.85,102.93,26.9,85,0.0,7.0,3,Clouds generally forming or developing
2026-07-29,20:00:00,Terengganu,Cukai,4.2332,103.4479,26.1,92,0.0,5.1,3,Clouds generally forming or developing
2026-07-29,20:00:00,Johor,Kluang,2.0336,103.3194,25.6,98,0.0,6.0,3,Clouds generally forming or developing
2026-07-29,20:00:00,Johor,Muar,2.05,102.56,28.0,83,0.0,6.0,3,Clouds generally forming or developing
2026-07-29,20:00:00,Sabah,Kota Kinabalu,5.975,116.0725,26.7,90,0.0,4.2,2,State of sky on the whole unchanged
2026-07-29,20:00:00,Pahang,Raub,3.7931,101.8569,25.1,98,0.0,2.9,3,Clouds generally forming or developing
2026-07-29,20:00:00,Kedah,Alor Setar,6.1167,100.3667,25.6,87,0.0,6.8,3,Clouds generally forming or developing
2026-07-29,20:00:00,Putrajaya,Putrajaya,2.93,101.69,25.9,88,0.0,5.1,3,Clouds generally forming or developing
2026-07-29,20:00:00,Sarawak,Bintulu,3.17,113.03,27.3,89,0.0,6.0,2,State of sky on the whole unchanged
2026-07-29,20:00:00,Sarawak,Miri,4.4028,113.9933,27.4,82,0.0,4.5,3,Clouds generally forming or developing
2026-07-29,20:00:00,Pahang,Kuantan,3.8167,103.3333,25.8,95,0.1,3.7,51,"Drizzle, not freezing, continuous 	slight at time of observation"
2026-07-29,20:00:00,Labuan,Labuan,5.2803,115.2475,29.1,74,0.0,9.0,3,Clouds generally forming or developing
2026-07-29,20:00:00,Perak,Taiping,4.85,100.7333,25.8,93,0.0,3.8,3,Clouds generally forming or developing
2026-07-29,20:00:00,Terengganu,Kuala Terengganu,5.3303,103.1408,26.7,86,0.0,9.5,3,Clouds generally forming or developing
2026-07-29,19:00:00,Terengganu,Cukai,4.2332,103.4479,26.5,89,0.0,3.8,3,Clouds generally forming or developing
2026-07-29,19:00:00,Johor,Batu Pahat,1.85,102.93,28.4,79,0.0,5.1,2,State of sky on the whole unchanged
2026-07-29,19:00:00,Johor,Kluang,2.0336,103.3194,26.4,93,0.0,6.0,2,State of sky on the whole unchanged
2026-07-29,19:00:00,Perlis,Kangar,6.4333,100.2,26.5,84,0.0,5.9,3,Clouds generally forming or developing
2026-07-29,19:00:00,Perak,Teluk Intan,4.0259,101.0213,26.2,92,0.0,2.7,3,Clouds generally forming or developing
2026-07-29,19:00:00,Pahang,Raub,3.7931,101.8569,25.1,99,0.2,2.0,51,"Drizzle, not freezing, continuous 	slight at time of observation"
2026-07-29,19:00:00,Pulau Pinang,Bukit Mertajam,5.3631,100.4667,26.8,82,0.0,3.5,3,Clouds generally forming or developing
2026-07-29,19:00:00,Melaka,Melaka,2.1889,102.2511,29.3,74,0.0,3.1,3,Clouds generally forming or developing
2026-07-29,19:00:00,Pulau Pinang,Butterworth,5.3992,100.3639,26.8,82,0.0,3.5,3,Clouds generally forming or developing
2026-07-29,19:00:00,Johor,Muar,2.05,102.56,28.9,76,0.0,6.4,3,Clouds generally forming or developing
2026-07-29,19:00:00,Kedah,Sungai Petani,5.65,100.48,25.0,89,0.0,3.1,3,Clouds generally forming or developing
2026-07-29,19:00:00,Sabah,Kota Kinabalu,5.975,116.0725,27.5,88,0.0,4.7,2,State of sky on the whole unchanged
2026-07-29,19:00:00,Kuala Lumpur,Kuala Lumpur,3.1478,101.6953,26.8,89,0.1,4.5,51,"Drizzle, not freezing, continuous 	slight at time of observation"
2026-07-29,19:00:00,Pulau Pinang,George Town,5.4145,100.3292,26.9,76,0.0,1.5,3,Clouds generally forming or developing
2026-07-29,19:00:00,Pahang,Kuantan,3.8167,103.3333,26.3,90,0.5,1.2,53,"Drizzle, not freezing, continuous 	moderate at time of observation"
2026-07-29,19:00:00,Selangor,Shah Alam,3.0833,101.5333,26.9,85,0.0,5.2,3,Clouds generally forming or developing
2026-07-29,19:00:00,Johor,Johor Bahru,1.4556,103.7611,28.7,77,0.0,1.0,3,Clouds generally forming or developing
2026-07-29,19:00:00,Perak,Ipoh,4.6,101.07,26.1,88,0.0,4.7,3,Clouds generally forming or developing
2026-07-29,19:00:00,Kedah,Alor Setar,6.1167,100.3667,26.2,85,0.0,6.8,3,Clouds generally forming or developing
2026-07-29,19:00:00,Kelantan,Kota Bharu,6.1333,102.25,28.3,79,0.0,0.2,3,Clouds generally forming or developing
2026-07-29,19:00:00,Perak,Taiping,4.85,100.7333,26.5,91,0.0,3.1,3,Clouds generally forming or developing
2026-07-29,19:00:00,Sabah,Sandakan,5.8388,118.1173,26.0,91,0.2,10.1,51,"Drizzle, not freezing, continuous 	slight at time of observation"
2026-07-29,19:00:00,Selangor,Klang,3.0333,101.45,27.0,85,0.0,7.0,3,Clouds generally forming or developing
2026-07-29,19:00:00,Sarawak,Bintulu,3.17,113.03,27.8,84,0.0,4.9,1,Clouds generally dissolving or becoming less developed
2026-07-29,19:00:00,Labuan,Labuan,5.2803,115.2475,29.7,65,0.0,9.6,2,State of sky on the whole unchanged
2026-07-29,19:00:00,Putrajaya,Putrajaya,2.93,101.69,26.4,86,0.0,8.9,3,Clouds generally forming or developing
2026-07-29,19:00:00,Selangor,Petaling Jaya,3.1073,101.6067,27.1,84,0.0,2.9,3,Clouds generally forming or developing
2026-07-29,19:00:00,Terengganu,Kuala Terengganu,5.3303,103.1408,27.7,77,0.0,5.6,3,Clouds generally forming or developing
2026-07-29,19:00:00,Sarawak,Miri,4.4028,113.9933,28.0,80,0.0,6.4,3,Clouds generally forming or developing
2026-07-29,19:00:00,Sabah,Lahad Datu,5.03,118.34,26.5,81,0.3,10.6,51,"Drizzle, not freezing, continuous 	slight at time of observation"
2026-07-29,19:00:00,Negeri Sembilan,Seremban,2.7297,101.9381,28.2,78,0.0,4.6,3,Clouds generally forming or developing
2026-07-29,19:00:00,Sabah,Tawau,4.2448,117.8911,27.2,83,0.0,4.7,0,Cloud development not observed or not observable
2026-07-29,19:00:00,Sarawak,Kuching,1.5397,110.3542,26.1,92,0.0,4.7,51,"Drizzle, not freezing, continuous 	slight at time of observation"
2026-07-29,18:00:00,Sabah,Tawau,4.2448,117.8911,27.9,79,0.0,3.1,1,Clouds generally dissolving or becoming less developed
2026-07-29,18:00:00,Sabah,Lahad Datu,5.03,118.34,28.2,77,0.1,3.6,51,"Drizzle, not freezing, continuous 	slight at time of observation"
2026-07-29,18:00:00,Johor,Batu Pahat,1.85,102.93,29.4,70,0.0,7.5,3,Clouds generally forming or developing
2026-07-29,18:00:00,Johor,Muar,2.05,102.56,30.1,66,0.0,7.7,3,Clouds generally forming or developing
2026-07-29,18:00:00,Terengganu,Cukai,4.2332,103.4479,26.7,87,0.1,1.9,51,"Drizzle, not freezing, continuous 	slight at time of observation"
2026-07-29,18:00:00,Pulau Pinang,George Town,5.4145,100.3292,27.5,68,0.0,1.7,3,Clouds generally forming or developing
2026-07-29,18:00:00,Kelantan,Kota Bharu,6.1333,102.25,28.5,77,0.0,2.1,3,Clouds generally forming or developing
2026-07-29,18:00:00,Perlis,Kangar,6.4333,100.2,27.1,77,0.0,8.9,3,Clouds generally forming or developing
2026-07-29,18:00:00,Kuala Lumpur,Kuala Lumpur,3.1478,101.6953,26.6,88,0.4,3.6,80,"Rain shower(s), slight"
2026-07-29,18:00:00,Selangor,Klang,3.0333,101.45,27.4,82,0.4,12.2,53,"Drizzle, not freezing, continuous 	moderate at time of observation"
2026-07-29,18:00:00,Kedah,Sungai Petani,5.65,100.48,26.1,77,0.0,1.5,3,Clouds generally forming or developing
2026-07-29,18:00:00,Johor,Kluang,2.0336,103.3194,27.1,87,0.2,4.1,51,"Drizzle, not freezing, continuous 	slight at time of observation"
2026-07-29,18:00:00,Pahang,Kuantan,3.8167,103.3333,26.8,85,0.4,3.6,53,"Drizzle, not freezing, continuous 	moderate at time of observation"
2026-07-29,18:00:00,Labuan,Labuan,5.2803,115.2475,30.0,63,0.0,11.9,2,State of sky on the whole unchanged
2026-07-29,18:00:00,Selangor,Petaling Jaya,3.1073,101.6067,26.9,84,0.2,6.3,51,"Drizzle, not freezing, continuous 	slight at time of observation"
2026-07-29,18:00:00,Sarawak,Miri,4.4028,113.9933,29.1,78,0.0,5.4,3,Clouds generally forming or developing
2026-07-29,18:00:00,Pahang,Raub,3.7931,101.8569,24.9,98,1.4,1.6,80,"Rain shower(s), slight"
2026-07-29,18:00:00,Negeri Sembilan,Seremban,2.7297,101.9381,29.8,64,0.0,2.2,3,Clouds generally forming or developing
2026-07-29,18:00:00,Sarawak,Bintulu,3.17,113.03,29.0,79,0.0,3.8,2,State of sky on the whole unchanged
2026-07-29,18:00:00,Sabah,Kota Kinabalu,5.975,116.0725,28.7,80,0.0,7.8,3,Clouds generally forming or developing
2026-07-29,18:00:00,Kedah,Alor Setar,6.1167,100.3667,27.1,78,0.0,5.8,3,Clouds generally forming or developing
2026-07-29,18:00:00,Perak,Ipoh,4.6,101.07,26.3,88,0.0,6.1,3,Clouds generally forming or developing
2026-07-29,18:00:00,Perak,Teluk Intan,4.0259,101.0213,26.3,91,0.0,6.4,3,Clouds generally forming or developing
2026-07-29,18:00:00,Sabah,Sandakan,5.8388,118.1173,27.1,86,0.0,12.3,53,"Drizzle, not freezing, continuous 	moderate at time of observation"
2026-07-29,18:00:00,Putrajaya,Putrajaya,2.93,101.69,28.5,71,0.1,9.7,51,"Drizzle, not freezing, continuous 	slight at time of observation"
2026-07-29,18:00:00,Johor,Johor Bahru,1.4556,103.7611,29.7,67,0.0,6.5,3,Clouds generally forming or developing
2026-07-29,18:00:00,Pulau Pinang,Bukit Mertajam,5.3631,100.4667,27.5,72,0.0,4.3,3,Clouds generally forming or developing
2026-07-29,18:00:00,Melaka,Melaka,2.1889,102.2511,30.1,65,0.0,7.8,3,Clouds generally forming or developing
2026-07-29,18:00:00,Pulau Pinang,Butterworth,5.3992,100.3639,27.6,72,0.0,4.3,3,Clouds generally forming or developing
2026-07-29,18:00:00,Terengganu,Kuala Terengganu,5.3303,103.1408,28.7,75,0.0,8.8,3,Clouds generally forming or developing
2026-07-29,18:00:00,Perak,Taiping,4.85,100.7333,26.9,90,0.0,2.8,2,State of sky on the whole unchanged
2026-07-29,18:00:00,Sarawak,Kuching,1.5397,110.3542,27.0,86,0.0,2.5,3,Clouds generally forming or developing
2026-07-29,18:00:00,Selangor,Shah Alam,3.0833,101.5333,27.1,84,0.4,11.5,53,"Drizzle, not freezing, continuous 	moderate at time of observation"
2026-07-29,17:00:00,Perlis,Kangar,6.4333,100.2,27.3,77,0.0,8.3,3,Clouds generally forming or developing
2026-07-29,17:00:00,Sarawak,Bintulu,3.17,113.03,30.0,68,0.0,5.2,3,Clouds generally forming or developing
2026-07-29,17:00:00,Terengganu,Kuala Terengganu,5.3303,103.1408,29.7,69,0.0,5.7,3,Clouds generally forming or developing
2026-07-29,17:00:00,Johor,Batu Pahat,1.85,102.93,30.3,65,0.0,8.6,3,Clouds generally forming or developing
2026-07-29,17:00:00,Johor,Muar,2.05,102.56,30.9,62,0.0,7.9,3,Clouds generally forming or developing
2026-07-29,17:00:00,Kedah,Alor Setar,6.1167,100.3667,27.8,74,0.3,5.6,51,"Drizzle, not freezing, continuous 	slight at time of observation"
2026-07-29,17:00:00,Melaka,Melaka,2.1889,102.2511,30.6,63,0.0,8.1,3,Clouds generally forming or developing
2026-07-29,17:00:00,Pulau Pinang,Bukit Mertajam,5.3631,100.4667,27.6,70,0.0,4.7,3,Clouds generally forming or developing
2026-07-29,17:00:00,Selangor,Klang,3.0333,101.45,30.6,61,0.1,3.4,51,"Drizzle, not freezing, continuous 	slight at time of observation"
2026-07-29,17:00:00,Sarawak,Miri,4.4028,113.9933,29.8,71,0.1,7.3,51,"Drizzle, not freezing, continuous 	slight at time of observation"
2026-07-29,17:00:00,Sarawak,Kuching,1.5397,110.3542,27.6,84,0.1,2.8,51,"Drizzle, not freezing, continuous 	slight at time of observation"
2026-07-29,17:00:00,Pahang,Kuantan,3.8167,103.3333,27.9,76,0.0,8.7,51,"Drizzle, not freezing, continuous 	slight at time of observation"
2026-07-29,17:00:00,Kedah,Sungai Petani,5.65,100.48,25.6,85,0.0,4.7,3,Clouds generally forming or developing
2026-07-29,17:00:00,Perak,Taiping,4.85,100.7333,27.4,87,0.0,2.0,3,Clouds generally forming or developing
2026-07-29,17:00:00,Negeri Sembilan,Seremban,2.7297,101.9381,30.1,62,0.1,4.9,51,"Drizzle, not freezing, continuous 	slight at time of observation"
2026-07-29,17:00:00,Kelantan,Kota Bharu,6.1333,102.25,28.6,76,0.1,2.5,51,"Drizzle, not freezing, continuous 	slight at time of observation"
2026-07-29,17:00:00,Perak,Teluk Intan,4.0259,101.0213,26.7,90,0.1,6.3,51,"Drizzle, not freezing, continuous 	slight at time of observation"
2026-07-29,17:00:00,Selangor,Shah Alam,3.0833,101.5333,29.7,65,0.0,3.7,3,Clouds generally forming or developing
2026-07-29,17:00:00,Pahang,Raub,3.7931,101.8569,24.8,98,1.3,5.8,95,"Thunderstorm, slight or moderate, without hail** but with rain and/or snow at time of observation - Thunderstorm at time of observation"
2026-07-29,17:00:00,Sabah,Sandakan,5.8388,118.1173,29.5,71,0.0,9.1,2,State of sky on the whole unchanged
2026-07-29,17:00:00,Labuan,Labuan,5.2803,115.2475,30.6,58,0.0,13.0,1,Clouds generally dissolving or becoming less developed
2026-07-29,17:00:00,Johor,Johor Bahru,1.4556,103.7611,29.5,69,0.4,8.1,53,"Drizzle, not freezing, continuous 	moderate at time of observation"
2026-07-29,17:00:00,Putrajaya,Putrajaya,2.93,101.69,30.5,62,0.2,6.5,51,"Drizzle, not freezing, continuous 	slight at time of observation"
2026-07-29,17:00:00,Perak,Ipoh,4.6,101.07,26.9,85,0.0,3.3,3,Clouds generally forming or developing
2026-07-29,17:00:00,Selangor,Petaling Jaya,3.1073,101.6067,27.8,77,0.1,11.6,53,"Drizzle, not freezing, continuous 	moderate at time of observation"
2026-07-29,17:00:00,Sabah,Kota Kinabalu,5.975,116.0725,30.1,66,0.0,6.6,2,State of sky on the whole unchanged
2026-07-29,17:00:00,Sabah,Lahad Datu,5.03,118.34,29.3,68,0.0,8.4,2,State of sky on the whole unchanged
2026-07-29,17:00:00,Pulau Pinang,Butterworth,5.3992,100.3639,27.7,70,0.0,4.7,3,Clouds generally forming or developing
2026-07-29,17:00:00,Pulau Pinang,George Town,5.4145,100.3292,27.3,70,0.0,3.7,3,Clouds generally forming or developing
2026-07-29,17:00:00,Kuala Lumpur,Kuala Lumpur,3.1478,101.6953,27.1,84,0.0,10.6,80,"Rain shower(s), slight"
2026-07-29,17:00:00,Terengganu,Cukai,4.2332,103.4479,26.6,86,0.4,4.4,51,"Drizzle, not freezing, continuous 	slight at time of observation"
2026-07-29,17:00:00,Sabah,Tawau,4.2448,117.8911,28.9,71,0.0,7.4,1,Clouds generally dissolving or becoming less developed
2026-07-29,17:00:00,Johor,Kluang,2.0336,103.3194,27.3,82,0.3,6.3,53,"Drizzle, not freezing, continuous 	moderate at time of observation"
2026-07-29,16:00:00,Pulau Pinang,George Town,5.4145,100.3292,26.8,79,0.0,6.2,3,Clouds generally forming or developing
2026-07-29,16:00:00,Pulau Pinang,Butterworth,5.3992,100.3639,27.8,67,0.0,6.7,3,Clouds generally forming or developing
2026-07-29,16:00:00,Labuan,Labuan,5.2803,115.2475,31.2,58,0.0,11.8,2,State of sky on the whole unchanged
2026-07-29,16:00:00,Melaka,Melaka,2.1889,102.2511,31.3,60,0.0,9.4,3,Clouds generally forming or developing
2026-07-29,16:00:00,Terengganu,Cukai,4.2332,103.4479,26.2,87,0.2,14.4,51,"Drizzle, not freezing, continuous 	slight at time of observation"
2026-07-29,16:00:00,Pahang,Kuantan,3.8167,103.3333,29.6,70,0.6,2.1,53,"Drizzle, not freezing, continuous 	moderate at time of observation"
2026-07-29,16:00:00,Sabah,Lahad Datu,5.03,118.34,29.4,68,0.2,10.5,51,"Drizzle, not freezing, continuous 	slight at time of observation"
2026-07-29,16:00:00,Perak,Teluk Intan,4.0259,101.0213,26.1,95,0.2,4.7,51,"Drizzle, not freezing, continuous 	slight at time of observation"
2026-07-29,16:00:00,Sarawak,Miri,4.4028,113.9933,29.6,75,1.1,6.8,80,"Rain shower(s), slight"
2026-07-29,16:00:00,Johor,Johor Bahru,1.4556,103.7611,30.5,62,0.2,9.5,53,"Drizzle, not freezing, continuous 	moderate at time of observation"
2026-07-29,16:00:00,Selangor,Petaling Jaya,3.1073,101.6067,30.5,64,0.0,3.0,51,"Drizzle, not freezing, continuous 	slight at time of observation"
2026-07-29,16:00:00,Perak,Taiping,4.85,100.7333,26.0,91,0.0,5.3,3,Clouds generally forming or developing
2026-07-29,16:00:00,Kedah,Alor Setar,6.1167,100.3667,27.5,75,0.3,7.4,51,"Drizzle, not freezing, continuous 	slight at time of observation"
2026-07-29,16:00:00,Kelantan,Kota Bharu,6.1333,102.25,28.5,77,0.4,4.1,51,"Drizzle, not freezing, continuous 	slight at time of observation"
2026-07-29,16:00:00,Kedah,Sungai Petani,5.65,100.48,25.4,91,0.7,5.8,53,"Drizzle, not freezing, continuous 	moderate at time of observation"
2026-07-29,16:00:00,Sabah,Tawau,4.2448,117.8911,29.5,68,0.1,7.6,51,"Drizzle, not freezing, continuous 	slight at time of observation"
2026-07-29,16:00:00,Sarawak,Kuching,1.5397,110.3542,27.5,87,0.6,4.4,53,"Drizzle, not freezing, continuous 	moderate at time of observation"
2026-07-29,16:00:00,Terengganu,Kuala Terengganu,5.3303,103.1408,30.5,63,0.0,3.0,3,Clouds generally forming or developing
2026-07-29,16:00:00,Sabah,Kota Kinabalu,5.975,116.0725,30.7,63,0.1,5.1,51,"Drizzle, not freezing, continuous 	slight at time of observation"
2026-07-29,16:00:00,Negeri Sembilan,Seremban,2.7297,101.9381,30.3,63,0.0,4.3,51,"Drizzle, not freezing, continuous 	slight at time of observation"
2026-07-29,16:00:00,Pahang,Raub,3.7931,101.8569,27.7,84,0.0,5.1,80,"Rain shower(s), slight"
2026-07-29,16:00:00,Sabah,Sandakan,5.8388,118.1173,29.6,71,0.1,8.1,51,"Drizzle, not freezing, continuous 	slight at time of observation"
2026-07-29,16:00:00,Perak,Ipoh,4.6,101.07,26.7,87,0.2,1.3,51,"Drizzle, not freezing, continuous 	slight at time of observation"
2026-07-29,16:00:00,Perlis,Kangar,6.4333,100.2,26.6,82,0.2,7.9,51,"Drizzle, not freezing, continuous 	slight at time of observation"
2026-07-29,16:00:00,Putrajaya,Putrajaya,2.93,101.69,30.7,59,0.0,6.2,51,"Drizzle, not freezing, continuous 	slight at time of observation"
2026-07-29,16:00:00,Kuala Lumpur,Kuala Lumpur,3.1478,101.6953,30.6,67,0.0,3.5,51,"Drizzle, not freezing, continuous 	slight at time of observation"
2026-07-29,16:00:00,Johor,Kluang,2.0336,103.3194,29.7,69,0.0,7.1,51,"Drizzle, not freezing, continuous 	slight at time of observation"
2026-07-29,16:00:00,Johor,Muar,2.05,102.56,31.1,62,0.0,8.8,3,Clouds generally forming or developing
2026-07-29,16:00:00,Selangor,Klang,3.0333,101.45,31.1,60,0.1,4.1,51,"Drizzle, not freezing, continuous 	slight at time of observation"
2026-07-29,16:00:00,Selangor,Shah Alam,3.0833,101.5333,30.9,62,0.0,4.8,3,Clouds generally forming or developing
2026-07-29,16:00:00,Pulau Pinang,Bukit Mertajam,5.3631,100.4667,27.7,67,0.0,6.7,3,Clouds generally forming or developing
2026-07-29,16:00:00,Sarawak,Bintulu,3.17,113.03,30.2,67,0.1,3.1,51,"Drizzle, not freezing, continuous 	slight at time of observation"
2026-07-29,16:00:00,Johor,Batu Pahat,1.85,102.93,31.1,62,0.0,10.2,3,Clouds generally forming or developing
2026-07-29,15:00:00,Johor,Batu Pahat,1.85,102.93,31.4,61,0.0,9.9,3,Clouds generally forming or developing
2026-07-29,15:00:00,Negeri Sembilan,Seremban,2.7297,101.9381,30.2,68,0.1,5.8,51,"Drizzle, not freezing, continuous 	slight at time of observation"
2026-07-29,15:00:00,Johor,Johor Bahru,1.4556,103.7611,31.2,58,0.3,11.0,51,"Drizzle, not freezing, continuous 	slight at time of observation"
2026-07-29,15:00:00,Perak,Teluk Intan,4.0259,101.0213,26.1,93,0.4,9.7,53,"Drizzle, not freezing, continuous 	moderate at time of observation"
2026-07-29,15:00:00,Sabah,Tawau,4.2448,117.8911,29.7,66,0.2,10.6,51,"Drizzle, not freezing, continuous 	slight at time of observation"
2026-07-29,15:00:00,Kelantan,Kota Bharu,6.1333,102.25,28.8,73,0.2,8.2,51,"Drizzle, not freezing, continuous 	slight at time of observation"
2026-07-29,15:00:00,Johor,Muar,2.05,102.56,31.2,62,0.0,9.8,3,Clouds generally forming or developing
2026-07-29,15:00:00,Putrajaya,Putrajaya,2.93,101.69,30.6,64,0.0,8.1,3,Clouds generally forming or developing
2026-07-29,15:00:00,Sarawak,Miri,4.4028,113.9933,30.3,66,0.3,4.9,53,"Drizzle, not freezing, continuous 	moderate at time of observation"
2026-07-29,15:00:00,Perak,Taiping,4.85,100.7333,25.4,94,0.6,8.2,53,"Drizzle, not freezing, continuous 	moderate at time of observation"
2026-07-29,15:00:00,Kuala Lumpur,Kuala Lumpur,3.1478,101.6953,31.3,63,0.0,4.5,3,Clouds generally forming or developing
2026-07-29,15:00:00,Kedah,Sungai Petani,5.65,100.48,25.0,96,1.6,4.8,80,"Rain shower(s), slight"
2026-07-29,15:00:00,Sabah,Sandakan,5.8388,118.1173,28.7,79,0.5,13.9,80,"Rain shower(s), slight"
2026-07-29,15:00:00,Selangor,Shah Alam,3.0833,101.5333,30.9,63,0.0,5.6,3,Clouds generally forming or developing
2026-07-29,15:00:00,Sarawak,Kuching,1.5397,110.3542,26.7,92,1.7,2.2,81,"Rain shower(s), moderate or heavy"
2026-07-29,15:00:00,Terengganu,Kuala Terengganu,5.3303,103.1408,29.8,72,0.0,3.2,3,Clouds generally forming or developing
2026-07-29,15:00:00,Melaka,Melaka,2.1889,102.2511,31.6,58,0.1,10.6,51,"Drizzle, not freezing, continuous 	slight at time of observation"
2026-07-29,15:00:00,Sabah,Kota Kinabalu,5.975,116.0725,31.1,61,0.1,4.3,51,"Drizzle, not freezing, continuous 	slight at time of observation"
2026-07-29,15:00:00,Perak,Ipoh,4.6,101.07,25.7,93,1.6,5.1,81,"Rain shower(s), moderate or heavy"
2026-07-29,15:00:00,Pahang,Raub,3.7931,101.8569,30.8,58,0.1,7.5,51,"Drizzle, not freezing, continuous 	slight at time of observation"
2026-07-29,15:00:00,Pahang,Kuantan,3.8167,103.3333,30.8,63,0.0,6.6,51,"Drizzle, not freezing, continuous 	slight at time of observation"
2026-07-29,15:00:00,Kedah,Alor Setar,6.1167,100.3667,27.3,74,0.0,9.2,3,Clouds generally forming or developing
2026-07-29,15:00:00,Terengganu,Cukai,4.2332,103.4479,30.2,68,0.2,3.6,51,"Drizzle, not freezing, continuous 	slight at time of observation"
2026-07-29,15:00:00,Selangor,Petaling Jaya,3.1073,101.6067,30.9,63,0.0,5.4,3,Clouds generally forming or developing
2026-07-29,15:00:00,Selangor,Klang,3.0333,101.45,30.9,63,0.2,4.7,51,"Drizzle, not freezing, continuous 	slight at time of observation"
2026-07-29,15:00:00,Johor,Kluang,2.0336,103.3194,31.7,63,0.1,8.6,51,"Drizzle, not freezing, continuous 	slight at time of observation"
2026-07-29,15:00:00,Pulau Pinang,Bukit Mertajam,5.3631,100.4667,26.8,80,0.2,10.8,51,"Drizzle, not freezing, continuous 	slight at time of observation"
2026-07-29,15:00:00,Labuan,Labuan,5.2803,115.2475,31.8,56,0.0,8.5,2,State of sky on the whole unchanged
2026-07-29,15:00:00,Sabah,Lahad Datu,5.03,118.34,30.1,64,0.1,12.6,51,"Drizzle, not freezing, continuous 	slight at time of observation"
2026-07-29,15:00:00,Pulau Pinang,George Town,5.4145,100.3292,26.3,89,0.0,7.1,3,Clouds generally forming or developing
2026-07-29,15:00:00,Pulau Pinang,Butterworth,5.3992,100.3639,26.8,80,0.2,10.8,51,"Drizzle, not freezing, continuous 	slight at time of observation"
2026-07-29,15:00:00,Sarawak,Bintulu,3.17,113.03,30.9,65,0.6,3.7,53,"Drizzle, not freezing, continuous 	moderate at time of observation"
2026-07-29,15:00:00,Perlis,Kangar,6.4333,100.2,26.8,85,0.3,9.2,51,"Drizzle, not freezing, continuous 	slight at time of observation"
2026-07-29,14:00:00,Pulau Pinang,Bukit Mertajam,5.3631,100.4667,26.1,91,2.0,9.0,80,"Rain shower(s), slight"
2026-07-29,14:00:00,Negeri Sembilan,Seremban,2.7297,101.9381,30.9,66,0.0,9.4,51,"Drizzle, not freezing, continuous 	slight at time of observation"
2026-07-29,14:00:00,Perak,Ipoh,4.6,101.07,25.8,85,1.8,3.8,81,"Rain shower(s), moderate or heavy"
2026-07-29,14:00:00,Perak,Teluk Intan,4.0259,101.0213,25.4,95,1.7,10.2,80,"Rain shower(s), slight"
2026-07-29,14:00:00,Pahang,Kuantan,3.8167,103.3333,30.5,65,0.0,6.3,51,"Drizzle, not freezing, continuous 	slight at time of observation"
2026-07-29,14:00:00,Perak,Taiping,4.85,100.7333,24.6,97,1.2,8.8,55,"Drizzle, not freezing, continuous heavy (dense) at time of observation"
2026-07-29,14:00:00,Selangor,Petaling Jaya,3.1073,101.6067,30.5,66,0.2,7.2,51,"Drizzle, not freezing, continuous 	slight at time of observation"
2026-07-29,14:00:00,Johor,Kluang,2.0336,103.3194,31.3,66,0.0,8.3,2,State of sky on the whole unchanged
2026-07-29,14:00:00,Melaka,Melaka,2.1889,102.2511,31.5,58,0.1,11.3,51,"Drizzle, not freezing, continuous 	slight at time of observation"
2026-07-29,14:00:00,Sabah,Kota Kinabalu,5.975,116.0725,31.3,59,0.4,1.6,51,"Drizzle, not freezing, continuous 	slight at time of observation"
2026-07-29,14:00:00,Selangor,Shah Alam,3.0833,101.5333,30.4,67,0.2,7.8,51,"Drizzle, not freezing, continuous 	slight at time of observation"
2026-07-29,14:00:00,Labuan,Labuan,5.2803,115.2475,32.2,53,0.0,6.8,1,Clouds generally dissolving or becoming less developed
2026-07-29,14:00:00,Pahang,Raub,3.7931,101.8569,31.3,53,0.0,1.4,3,Clouds generally forming or developing
2026-07-29,14:00:00,Pulau Pinang,George Town,5.4145,100.3292,26.0,97,2.2,7.7,80,"Rain shower(s), slight"
2026-07-29,14:00:00,Selangor,Klang,3.0333,101.45,31.0,60,0.3,7.7,51,"Drizzle, not freezing, continuous 	slight at time of observation"
2026-07-29,14:00:00,Kelantan,Kota Bharu,6.1333,102.25,29.7,66,0.1,12.7,51,"Drizzle, not freezing, continuous 	slight at time of observation"
2026-07-29,14:00:00,Kuala Lumpur,Kuala Lumpur,3.1478,101.6953,31.1,63,0.3,6.5,51,"Drizzle, not freezing, continuous 	slight at time of observation"
2026-07-29,14:00:00,Johor,Muar,2.05,102.56,31.6,59,0.0,10.2,3,Clouds generally forming or developing
2026-07-29,14:00:00,Pulau Pinang,Butterworth,5.3992,100.3639,26.1,91,2.0,9.0,80,"Rain shower(s), slight"
2026-07-29,14:00:00,Sarawak,Bintulu,3.17,113.03,31.8,57,0.2,3.4,51,"Drizzle, not freezing, continuous 	slight at time of observation"
2026-07-29,14:00:00,Sabah,Lahad Datu,5.03,118.34,31.0,60,0.1,12.2,51,"Drizzle, not freezing, continuous 	slight at time of observation"
2026-07-29,14:00:00,Sarawak,Kuching,1.5397,110.3542,29.2,74,0.0,8.2,51,"Drizzle, not freezing, continuous 	slight at time of observation"
2026-07-29,14:00:00,Kedah,Sungai Petani,5.65,100.48,24.9,98,0.6,8.1,53,"Drizzle, not freezing, continuous 	moderate at time of observation"
2026-07-29,14:00:00,Putrajaya,Putrajaya,2.93,101.69,30.7,68,0.1,8.3,51,"Drizzle, not freezing, continuous 	slight at time of observation"
2026-07-29,14:00:00,Terengganu,Cukai,4.2332,103.4479,30.8,65,0.3,8.7,51,"Drizzle, not freezing, continuous 	slight at time of observation"
2026-07-29,14:00:00,Perlis,Kangar,6.4333,100.2,27.1,88,0.1,7.5,51,"Drizzle, not freezing, continuous 	slight at time of observation"
2026-07-29,14:00:00,Sarawak,Miri,4.4028,113.9933,32.9,52,0.2,4.2,53,"Drizzle, not freezing, continuous 	moderate at time of observation"
2026-07-29,14:00:00,Terengganu,Kuala Terengganu,5.3303,103.1408,28.5,82,0.6,3.3,53,"Drizzle, not freezing, continuous 	moderate at time of observation"
2026-07-29,14:00:00,Johor,Johor Bahru,1.4556,103.7611,31.1,60,0.4,10.5,53,"Drizzle, not freezing, continuous 	moderate at time of observation"
2026-07-29,14:00:00,Sabah,Tawau,4.2448,117.8911,30.6,63,0.0,9.8,51,"Drizzle, not freezing, continuous 	slight at time of observation"
2026-07-29,14:00:00,Sabah,Sandakan,5.8388,118.1173,30.8,63,0.1,8.7,51,"Drizzle, not freezing, continuous 	slight at time of observation"
2026-07-29,14:00:00,Kedah,Alor Setar,6.1167,100.3667,27.4,75,0.3,12.2,51,"Drizzle, not freezing, continuous 	slight at time of observation"
2026-07-29,14:00:00,Johor,Batu Pahat,1.85,102.93,31.5,60,0.0,10.4,51,"Drizzle, not freezing, continuous 	slight at time of observation"
2026-07-29,13:00:00,Selangor,Shah Alam,3.0833,101.5333,28.8,74,0.0,11.5,51,"Drizzle, not freezing, continuous 	slight at time of observation"
2026-07-29,13:00:00,Kedah,Alor Setar,6.1167,100.3667,25.1,94,2.2,1.1,80,"Rain shower(s), slight"
2026-07-29,13:00:00,Labuan,Labuan,5.2803,115.2475,31.1,61,0.0,11.3,2,State of sky on the whole unchanged
2026-07-29,13:00:00,Kelantan,Kota Bharu,6.1333,102.25,31.0,62,0.0,9.4,3,Clouds generally forming or developing
2026-07-29,13:00:00,Putrajaya,Putrajaya,2.93,101.69,28.5,80,0.5,4.8,80,"Rain shower(s), slight"
2026-07-29,13:00:00,Johor,Kluang,2.0336,103.3194,31.4,67,0.0,9.2,51,"Drizzle, not freezing, continuous 	slight at time of observation"
2026-07-29,13:00:00,Kedah,Sungai Petani,5.65,100.48,24.7,96,0.7,6.2,53,"Drizzle, not freezing, continuous 	moderate at time of observation"
2026-07-29,13:00:00,Selangor,Petaling Jaya,3.1073,101.6067,28.7,75,0.0,11.3,51,"Drizzle, not freezing, continuous 	slight at time of observation"
2026-07-29,13:00:00,Johor,Batu Pahat,1.85,102.93,30.7,66,0.0,13.2,51,"Drizzle, not freezing, continuous 	slight at time of observation"
2026-07-29,13:00:00,Pulau Pinang,Butterworth,5.3992,100.3639,24.4,95,2.2,6.4,81,"Rain shower(s), moderate or heavy"
2026-07-29,13:00:00,Selangor,Klang,3.0333,101.45,30.1,70,0.0,11.4,51,"Drizzle, not freezing, continuous 	slight at time of observation"
2026-07-29,13:00:00,Kuala Lumpur,Kuala Lumpur,3.1478,101.6953,29.2,71,0.0,10.9,51,"Drizzle, not freezing, continuous 	slight at time of observation"
2026-07-29,13:00:00,Perak,Taiping,4.85,100.7333,24.5,100,1.9,6.8,81,"Rain shower(s), moderate or heavy"
2026-07-29,13:00:00,Johor,Muar,2.05,102.56,30.9,63,0.0,12.6,3,Clouds generally forming or developing
2026-07-29,13:00:00,Pahang,Kuantan,3.8167,103.3333,30.8,68,0.0,6.5,3,Clouds generally forming or developing
2026-07-29,13:00:00,Pahang,Raub,3.7931,101.8569,31.4,56,0.0,5.6,3,Clouds generally forming or developing
2026-07-29,13:00:00,Pulau Pinang,Bukit Mertajam,5.3631,100.4667,24.3,95,2.2,6.4,81,"Rain shower(s), moderate or heavy"
2026-07-29,13:00:00,Terengganu,Cukai,4.2332,103.4479,30.6,65,0.0,11.5,3,Clouds generally forming or developing
2026-07-29,13:00:00,Sabah,Tawau,4.2448,117.8911,29.9,70,0.1,9.0,51,"Drizzle, not freezing, continuous 	slight at time of observation"
2026-07-29,13:00:00,Perak,Ipoh,4.6,101.07,26.3,87,0.4,3.9,95,"Thunderstorm, slight or moderate, without hail** but with rain and/or snow at time of observation - Thunderstorm at time of observation"
2026-07-29,13:00:00,Perak,Teluk Intan,4.0259,101.0213,24.5,99,0.8,10.5,95,"Thunderstorm, slight or moderate, without hail** but with rain and/or snow at time of observation - Thunderstorm at time of observation"
2026-07-29,13:00:00,Sabah,Lahad Datu,5.03,118.34,30.4,67,0.0,11.4,0,Cloud development not observed or not observable
2026-07-29,13:00:00,Sabah,Sandakan,5.8388,118.1173,31.2,64,0.0,4.6,0,Cloud development not observed or not observable
2026-07-29,13:00:00,Johor,Johor Bahru,1.4556,103.7611,31.0,64,0.0,10.3,51,"Drizzle, not freezing, continuous 	slight at time of observation"
2026-07-29,13:00:00,Sarawak,Bintulu,3.17,113.03,31.2,61,0.1,1.2,51,"Drizzle, not freezing, continuous 	slight at time of observation"
2026-07-29,13:00:00,Sarawak,Miri,4.4028,113.9933,31.4,61,0.2,7.8,51,"Drizzle, not freezing, continuous 	slight at time of observation"
2026-07-29,13:00:00,Pulau Pinang,George Town,5.4145,100.3292,25.0,99,2.1,4.5,80,"Rain shower(s), slight"
2026-07-29,13:00:00,Sarawak,Kuching,1.5397,110.3542,31.0,69,0.0,6.1,51,"Drizzle, not freezing, continuous 	slight at time of observation"
2026-07-29,13:00:00,Negeri Sembilan,Seremban,2.7297,101.9381,30.4,69,0.0,10.3,3,Clouds generally forming or developing
2026-07-29,13:00:00,Perlis,Kangar,6.4333,100.2,25.3,94,0.9,7.4,55,"Drizzle, not freezing, continuous heavy (dense) at time of observation"
2026-07-29,13:00:00,Terengganu,Kuala Terengganu,5.3303,103.1408,26.8,92,0.5,4.6,53,"Drizzle, not freezing, continuous 	moderate at time of observation"
2026-07-29,13:00:00,Melaka,Melaka,2.1889,102.2511,31.0,62,0.1,12.2,51,"Drizzle, not freezing, continuous 	slight at time of observation"
2026-07-29,13:00:00,Sabah,Kota Kinabalu,5.975,116.0725,31.0,62,0.6,2.3,55,"Drizzle, not freezing, continuous heavy (dense) at time of observation"
2026-07-29,12:00:00,Johor,Batu Pahat,1.85,102.93,30.8,67,0.0,9.9,3,Clouds generally forming or developing
2026-07-29,12:00:00,Sarawak,Miri,4.4028,113.9933,31.4,60,0.2,2.0,51,"Drizzle, not freezing, continuous 	slight at time of observation"
2026-07-29,12:00:00,Pulau Pinang,George Town,5.4145,100.3292,24.7,99,1.8,5.2,81,"Rain shower(s), moderate or heavy"
2026-07-29,12:00:00,Perak,Teluk Intan,4.0259,101.0213,29.8,71,0.0,4.7,3,Clouds generally forming or developing
2026-07-29,12:00:00,Sarawak,Bintulu,3.17,113.03,30.5,66,0.1,6.5,51,"Drizzle, not freezing, continuous 	slight at time of observation"
2026-07-29,12:00:00,Sabah,Kota Kinabalu,5.975,116.0725,30.7,61,0.3,2.4,51,"Drizzle, not freezing, continuous 	slight at time of observation"
2026-07-29,12:00:00,Negeri Sembilan,Seremban,2.7297,101.9381,30.5,69,0.0,10.0,3,Clouds generally forming or developing
2026-07-29,12:00:00,Selangor,Klang,3.0333,101.45,30.8,69,0.0,10.0,3,Clouds generally forming or developing
2026-07-29,12:00:00,Sabah,Lahad Datu,5.03,118.34,30.2,70,0.0,9.7,1,Clouds generally dissolving or becoming less developed
2026-07-29,12:00:00,Pahang,Kuantan,3.8167,103.3333,30.8,69,0.0,6.7,3,Clouds generally forming or developing
2026-07-29,12:00:00,Putrajaya,Putrajaya,2.93,101.69,29.6,74,0.0,10.5,51,"Drizzle, not freezing, continuous 	slight at time of observation"
2026-07-29,12:00:00,Pulau Pinang,Bukit Mertajam,5.3631,100.4667,24.2,95,3.8,7.4,81,"Rain shower(s), moderate or heavy"
2026-07-29,12:00:00,Terengganu,Cukai,4.2332,103.4479,30.9,65,0.0,10.1,3,Clouds generally forming or developing
2026-07-29,12:00:00,Selangor,Shah Alam,3.0833,101.5333,30.5,70,0.0,9.8,3,Clouds generally forming or developing
2026-07-29,12:00:00,Terengganu,Kuala Terengganu,5.3303,103.1408,26.8,91,0.7,5.1,53,"Drizzle, not freezing, continuous 	moderate at time of observation"
2026-07-29,12:00:00,Johor,Johor Bahru,1.4556,103.7611,31.1,65,0.0,10.0,3,Clouds generally forming or developing
2026-07-29,12:00:00,Perlis,Kangar,6.4333,100.2,24.5,95,2.2,13.4,81,"Rain shower(s), moderate or heavy"
2026-07-29,12:00:00,Kedah,Sungai Petani,5.65,100.48,23.8,99,4.8,5.5,82,"Rain shower(s), violent"
2026-07-29,12:00:00,Labuan,Labuan,5.2803,115.2475,31.5,59,0.0,6.8,1,Clouds generally dissolving or becoming less developed
2026-07-29,12:00:00,Sarawak,Kuching,1.5397,110.3542,30.2,72,0.0,7.9,51,"Drizzle, not freezing, continuous 	slight at time of observation"
2026-07-29,12:00:00,Sabah,Tawau,4.2448,117.8911,29.8,69,0.1,8.9,51,"Drizzle, not freezing, continuous 	slight at time of observation"
2026-07-29,12:00:00,Pahang,Raub,3.7931,101.8569,30.1,60,0.0,6.7,3,Clouds generally forming or developing
2026-07-29,12:00:00,Kedah,Alor Setar,6.1167,100.3667,25.2,95,3.3,9.4,81,"Rain shower(s), moderate or heavy"
2026-07-29,12:00:00,Pulau Pinang,Butterworth,5.3992,100.3639,24.2,95,3.8,7.4,81,"Rain shower(s), moderate or heavy"
2026-07-29,12:00:00,Melaka,Melaka,2.1889,102.2511,30.3,70,0.1,7.5,51,"Drizzle, not freezing, continuous 	slight at time of observation"
2026-07-29,12:00:00,Perak,Taiping,4.85,100.7333,24.8,97,1.2,6.3,80,"Rain shower(s), slight"
2026-07-29,12:00:00,Kelantan,Kota Bharu,6.1333,102.25,30.1,70,0.0,9.7,3,Clouds generally forming or developing
2026-07-29,12:00:00,Johor,Muar,2.05,102.56,30.9,63,0.0,12.7,51,"Drizzle, not freezing, continuous 	slight at time of observation"
2026-07-29,12:00:00,Johor,Kluang,2.0336,103.3194,30.7,71,0.1,8.5,51,"Drizzle, not freezing, continuous 	slight at time of observation"
2026-07-29,12:00:00,Kuala Lumpur,Kuala Lumpur,3.1478,101.6953,30.8,67,0.0,6.2,3,Clouds generally forming or developing
2026-07-29,12:00:00,Selangor,Petaling Jaya,3.1073,101.6067,30.4,69,0.0,7.6,3,Clouds generally forming or developing
2026-07-29,12:00:00,Sabah,Sandakan,5.8388,118.1173,30.9,65,0.1,5.2,51,"Drizzle, not freezing, continuous 	slight at time of observation"
2026-07-29,12:00:00,Perak,Ipoh,4.6,101.07,28.4,75,0.1,2.3,51,"Drizzle, not freezing, continuous 	slight at time of observation"
2026-07-29,11:00:00,Selangor,Klang,3.0333,101.45,30.2,72,0.0,10.8,3,Clouds generally forming or developing
2026-07-29,11:00:00,Pulau Pinang,Bukit Mertajam,5.3631,100.4667,24.4,94,5.7,5.0,82,"Rain shower(s), violent"
2026-07-29,11:00:00,Johor,Kluang,2.0336,103.3194,29.8,75,0.0,9.1,3,Clouds generally forming or developing
2026-07-29,11:00:00,Perlis,Kangar,6.4333,100.2,24.7,91,1.8,7.4,81,"Rain shower(s), moderate or heavy"
2026-07-29,11:00:00,Johor,Johor Bahru,1.4556,103.7611,30.3,71,0.0,9.4,3,Clouds generally forming or developing
2026-07-29,11:00:00,Pulau Pinang,Butterworth,5.3992,100.3639,24.5,94,5.7,5.0,82,"Rain shower(s), violent"
2026-07-29,11:00:00,Perak,Ipoh,4.6,101.07,29.0,72,0.1,4.4,51,"Drizzle, not freezing, continuous 	slight at time of observation"
2026-07-29,11:00:00,Selangor,Shah Alam,3.0833,101.5333,29.8,73,0.0,10.1,3,Clouds generally forming or developing
2026-07-29,11:00:00,Terengganu,Cukai,4.2332,103.4479,30.2,68,0.0,10.1,3,Clouds generally forming or developing
2026-07-29,11:00:00,Johor,Batu Pahat,1.85,102.93,30.0,71,0.0,9.5,3,Clouds generally forming or developing
2026-07-29,11:00:00,Sabah,Tawau,4.2448,117.8911,29.0,72,0.2,3.5,51,"Drizzle, not freezing, continuous 	slight at time of observation"
2026-07-29,11:00:00,Sarawak,Kuching,1.5397,110.3542,28.5,77,0.0,5.3,51,"Drizzle, not freezing, continuous 	slight at time of observation"
2026-07-29,11:00:00,Pahang,Raub,3.7931,101.8569,29.3,65,0.0,5.7,3,Clouds generally forming or developing
2026-07-29,11:00:00,Melaka,Melaka,2.1889,102.2511,29.5,75,0.0,7.3,51,"Drizzle, not freezing, continuous 	slight at time of observation"
2026-07-29,11:00:00,Kedah,Sungai Petani,5.65,100.48,23.4,99,3.3,4.5,95,"Thunderstorm, slight or moderate, without hail** but with rain and/or snow at time of observation - Thunderstorm at time of observation"
2026-07-29,11:00:00,Perak,Taiping,4.85,100.7333,25.2,96,0.3,5.9,51,"Drizzle, not freezing, continuous 	slight at time of observation"
2026-07-29,11:00:00,Sabah,Lahad Datu,5.03,118.34,29.8,73,0.0,8.2,1,Clouds generally dissolving or becoming less developed
2026-07-29,11:00:00,Kedah,Alor Setar,6.1167,100.3667,25.6,93,6.8,8.0,95,"Thunderstorm, slight or moderate, without hail** but with rain and/or snow at time of observation - Thunderstorm at time of observation"
2026-07-29,11:00:00,Sarawak,Bintulu,3.17,113.03,29.9,70,0.0,6.5,3,Clouds generally forming or developing
2026-07-29,11:00:00,Sarawak,Miri,4.4028,113.9933,31.1,61,0.0,4.0,1,Clouds generally dissolving or becoming less developed
2026-07-29,11:00:00,Sabah,Sandakan,5.8388,118.1173,30.3,68,0.0,6.3,1,Clouds generally dissolving or becoming less developed
2026-07-29,11:00:00,Putrajaya,Putrajaya,2.93,101.69,29.4,75,0.0,9.7,3,Clouds generally forming or developing
2026-07-29,11:00:00,Perak,Teluk Intan,4.0259,101.0213,29.1,74,0.0,6.7,3,Clouds generally forming or developing
2026-07-29,11:00:00,Kuala Lumpur,Kuala Lumpur,3.1478,101.6953,30.1,70,0.0,5.9,3,Clouds generally forming or developing
2026-07-29,11:00:00,Labuan,Labuan,5.2803,115.2475,31.1,60,0.0,5.8,1,Clouds generally dissolving or becoming less developed
2026-07-29,11:00:00,Kelantan,Kota Bharu,6.1333,102.25,27.5,83,0.0,9.0,3,Clouds generally forming or developing
2026-07-29,11:00:00,Selangor,Petaling Jaya,3.1073,101.6067,29.7,72,0.0,7.5,3,Clouds generally forming or developing
2026-07-29,11:00:00,Johor,Muar,2.05,102.56,30.1,71,0.1,8.0,51,"Drizzle, not freezing, continuous 	slight at time of observation"
2026-07-29,11:00:00,Pulau Pinang,George Town,5.4145,100.3292,24.7,98,2.2,2.3,81,"Rain shower(s), moderate or heavy"
2026-07-29,11:00:00,Negeri Sembilan,Seremban,2.7297,101.9381,29.5,72,0.0,10.4,3,Clouds generally forming or developing
2026-07-29,11:00:00,Sabah,Kota Kinabalu,5.975,116.0725,31.3,57,0.0,5.4,2,State of sky on the whole unchanged
2026-07-29,11:00:00,Pahang,Kuantan,3.8167,103.3333,29.8,73,0.0,6.3,3,Clouds generally forming or developing
2026-07-29,11:00:00,Terengganu,Kuala Terengganu,5.3303,103.1408,26.4,93,0.6,3.8,53,"Drizzle, not freezing, continuous 	moderate at time of observation"
2026-07-29,10:00:00,Sabah,Sandakan,5.8388,118.1173,29.6,72,0.0,8.2,1,Clouds generally dissolving or becoming less developed
2026-07-29,10:00:00,Johor,Muar,2.05,102.56,29.1,79,0.0,6.4,3,Clouds generally forming or developing
2026-07-29,10:00:00,Pulau Pinang,George Town,5.4145,100.3292,24.3,98,2.2,2.8,95,"Thunderstorm, slight or moderate, without hail** but with rain and/or snow at time of observation - Thunderstorm at time of observation"
2026-07-29,10:00:00,Kedah,Alor Setar,6.1167,100.3667,25.4,93,5.7,4.0,95,"Thunderstorm, slight or moderate, without hail** but with rain and/or snow at time of observation - Thunderstorm at time of observation"
2026-07-29,10:00:00,Pahang,Kuantan,3.8167,103.3333,28.8,80,0.0,4.7,3,Clouds generally forming or developing
2026-07-29,10:00:00,Pulau Pinang,Butterworth,5.3992,100.3639,23.9,97,4.1,5.2,81,"Rain shower(s), moderate or heavy"
2026-07-29,10:00:00,Sabah,Kota Kinabalu,5.975,116.0725,31.6,55,0.0,4.6,1,Clouds generally dissolving or becoming less developed
2026-07-29,10:00:00,Perlis,Kangar,6.4333,100.2,24.9,98,4.2,3.5,95,"Thunderstorm, slight or moderate, without hail** but with rain and/or snow at time of observation - Thunderstorm at time of observation"
2026-07-29,10:00:00,Sabah,Tawau,4.2448,117.8911,27.2,83,0.8,2.4,53,"Drizzle, not freezing, continuous 	moderate at time of observation"
2026-07-29,10:00:00,Kedah,Sungai Petani,5.65,100.48,23.0,99,1.8,3.5,81,"Rain shower(s), moderate or heavy"
2026-07-29,10:00:00,Putrajaya,Putrajaya,2.93,101.69,28.3,79,0.0,9.2,3,Clouds generally forming or developing
2026-07-29,10:00:00,Perak,Teluk Intan,4.0259,101.0213,28.3,79,0.0,6.5,3,Clouds generally forming or developing
2026-07-29,10:00:00,Negeri Sembilan,Seremban,2.7297,101.9381,28.4,78,0.0,8.4,3,Clouds generally forming or developing
2026-07-29,10:00:00,Perak,Ipoh,4.6,101.07,27.4,83,0.0,6.4,3,Clouds generally forming or developing
2026-07-29,10:00:00,Sabah,Lahad Datu,5.03,118.34,29.1,78,0.0,5.8,0,Cloud development not observed or not observable
2026-07-29,10:00:00,Selangor,Klang,3.0333,101.45,28.6,78,0.0,10.1,3,Clouds generally forming or developing
2026-07-29,10:00:00,Pahang,Raub,3.7931,101.8569,27.6,75,0.0,4.0,3,Clouds generally forming or developing
2026-07-29,10:00:00,Kuala Lumpur,Kuala Lumpur,3.1478,101.6953,28.7,76,0.0,3.0,3,Clouds generally forming or developing
2026-07-29,10:00:00,Labuan,Labuan,5.2803,115.2475,30.2,64,0.0,9.0,1,Clouds generally dissolving or becoming less developed
2026-07-29,10:00:00,Terengganu,Kuala Terengganu,5.3303,103.1408,25.8,96,0.3,4.4,51,"Drizzle, not freezing, continuous 	slight at time of observation"
2026-07-29,10:00:00,Selangor,Shah Alam,3.0833,101.5333,28.4,79,0.0,8.8,3,Clouds generally forming or developing
2026-07-29,10:00:00,Selangor,Petaling Jaya,3.1073,101.6067,28.2,78,0.0,5.2,3,Clouds generally forming or developing
2026-07-29,10:00:00,Johor,Johor Bahru,1.4556,103.7611,28.9,79,0.0,7.4,3,Clouds generally forming or developing
2026-07-29,10:00:00,Melaka,Melaka,2.1889,102.2511,28.9,79,0.0,6.8,3,Clouds generally forming or developing
2026-07-29,10:00:00,Pulau Pinang,Bukit Mertajam,5.3631,100.4667,23.9,97,4.1,5.2,81,"Rain shower(s), moderate or heavy"
2026-07-29,10:00:00,Kelantan,Kota Bharu,6.1333,102.25,25.9,89,0.0,9.4,3,Clouds generally forming or developing
2026-07-29,10:00:00,Terengganu,Cukai,4.2332,103.4479,28.9,76,0.0,7.3,3,Clouds generally forming or developing
2026-07-29,10:00:00,Johor,Kluang,2.0336,103.3194,28.6,80,0.0,10.1,3,Clouds generally forming or developing
2026-07-29,10:00:00,Sarawak,Bintulu,3.17,113.03,28.1,86,0.0,6.0,2,State of sky on the whole unchanged
2026-07-29,10:00:00,Johor,Batu Pahat,1.85,102.93,29.3,76,0.0,8.9,3,Clouds generally forming or developing
2026-07-29,10:00:00,Sarawak,Kuching,1.5397,110.3542,27.3,83,0.0,5.0,3,Clouds generally forming or developing
2026-07-29,10:00:00,Perak,Taiping,4.85,100.7333,25.2,96,0.2,5.6,51,"Drizzle, not freezing, continuous 	slight at time of observation"
2026-07-29,10:00:00,Sarawak,Miri,4.4028,113.9933,30.0,68,0.0,6.1,2,State of sky on the whole unchanged
2026-07-29,09:00:00,Putrajaya,Putrajaya,2.93,101.69,27.0,84,0.0,7.6,3,Clouds generally forming or developing
2026-07-29,09:00:00,Pahang,Raub,3.7931,101.8569,25.9,83,0.0,3.3,3,Clouds generally forming or developing
2026-07-29,09:00:00,Sabah,Tawau,4.2448,117.8911,26.9,85,0.1,7.6,53,"Drizzle, not freezing, continuous 	moderate at time of observation"
2026-07-29,09:00:00,Terengganu,Kuala Terengganu,5.3303,103.1408,25.3,98,0.1,2.0,51,"Drizzle, not freezing, continuous 	slight at time of observation"
2026-07-29,09:00:00,Pulau Pinang,Bukit Mertajam,5.3631,100.4667,23.5,96,1.3,8.5,81,"Rain shower(s), moderate or heavy"
2026-07-29,09:00:00,Kedah,Alor Setar,6.1167,100.3667,25.7,89,1.0,2.2,81,"Rain shower(s), moderate or heavy"
2026-07-29,09:00:00,Kedah,Sungai Petani,5.65,100.48,23.0,98,1.7,2.7,81,"Rain shower(s), moderate or heavy"
2026-07-29,09:00:00,Perlis,Kangar,6.4333,100.2,24.5,98,2.6,4.3,95,"Thunderstorm, slight or moderate, without hail** but with rain and/or snow at time of observation - Thunderstorm at time of observation"
2026-07-29,09:00:00,Pulau Pinang,George Town,5.4145,100.3292,24.0,98,1.2,2.8,81,"Rain shower(s), moderate or heavy"
2026-07-29,09:00:00,Terengganu,Cukai,4.2332,103.4479,27.6,84,0.0,7.3,3,Clouds generally forming or developing
2026-07-29,09:00:00,Perak,Taiping,4.85,100.7333,24.2,98,0.2,9.1,81,"Rain shower(s), moderate or heavy"
2026-07-29,09:00:00,Pulau Pinang,Butterworth,5.3992,100.3639,23.6,96,1.3,8.5,81,"Rain shower(s), moderate or heavy"
2026-07-29,09:00:00,Sabah,Kota Kinabalu,5.975,116.0725,30.7,59,0.0,4.0,0,Cloud development not observed or not observable
2026-07-29,09:00:00,Perak,Teluk Intan,4.0259,101.0213,27.1,86,0.0,5.1,3,Clouds generally forming or developing
2026-07-29,09:00:00,Sarawak,Bintulu,3.17,113.03,26.3,94,0.0,6.3,3,Clouds generally forming or developing
2026-07-29,09:00:00,Sarawak,Kuching,1.5397,110.3542,25.9,91,0.0,5.6,3,Clouds generally forming or developing
2026-07-29,09:00:00,Negeri Sembilan,Seremban,2.7297,101.9381,27.3,81,0.0,7.4,3,Clouds generally forming or developing
2026-07-29,09:00:00,Sabah,Sandakan,5.8388,118.1173,28.2,83,0.0,7.1,0,Cloud development not observed or not observable
2026-07-29,09:00:00,Melaka,Melaka,2.1889,102.2511,27.4,85,0.0,6.1,3,Clouds generally forming or developing
2026-07-29,09:00:00,Kelantan,Kota Bharu,6.1333,102.25,24.8,94,0.0,7.8,3,Clouds generally forming or developing
2026-07-29,09:00:00,Johor,Johor Bahru,1.4556,103.7611,27.4,88,0.0,5.0,3,Clouds generally forming or developing
2026-07-29,09:00:00,Johor,Muar,2.05,102.56,27.5,85,0.0,5.3,3,Clouds generally forming or developing
2026-07-29,09:00:00,Selangor,Shah Alam,3.0833,101.5333,27.1,83,0.0,7.4,3,Clouds generally forming or developing
2026-07-29,09:00:00,Pahang,Kuantan,3.8167,103.3333,27.4,88,0.0,4.7,3,Clouds generally forming or developing
2026-07-29,09:00:00,Selangor,Petaling Jaya,3.1073,101.6067,26.4,86,0.0,3.4,3,Clouds generally forming or developing
2026-07-29,09:00:00,Johor,Kluang,2.0336,103.3194,27.2,88,0.0,6.4,3,Clouds generally forming or developing
2026-07-29,09:00:00,Perak,Ipoh,4.6,101.07,26.7,86,0.0,3.4,3,Clouds generally forming or developing
2026-07-29,09:00:00,Selangor,Klang,3.0333,101.45,27.3,82,0.0,8.0,3,Clouds generally forming or developing
2026-07-29,09:00:00,Kuala Lumpur,Kuala Lumpur,3.1478,101.6953,26.7,85,0.0,0.4,3,Clouds generally forming or developing
2026-07-29,09:00:00,Johor,Batu Pahat,1.85,102.93,27.5,85,0.0,5.5,3,Clouds generally forming or developing
2026-07-29,09:00:00,Sarawak,Miri,4.4028,113.9933,28.3,81,0.0,7.0,1,Clouds generally dissolving or becoming less developed
2026-07-29,09:00:00,Labuan,Labuan,5.2803,115.2475,29.0,71,0.0,10.7,1,Clouds generally dissolving or becoming less developed
2026-07-29,09:00:00,Sabah,Lahad Datu,5.03,118.34,27.7,86,0.0,3.8,1,Clouds generally dissolving or becoming less developed
2026-07-29,08:00:00,Kedah,Sungai Petani,5.65,100.48,23.0,97,1.4,2.7,81,"Rain shower(s), moderate or heavy"
2026-07-29,08:00:00,Johor,Muar,2.05,102.56,26.0,89,0.0,7.7,3,Clouds generally forming or developing
2026-07-29,08:00:00,Pahang,Raub,3.7931,101.8569,24.5,89,0.1,2.9,51,"Drizzle, not freezing, continuous 	slight at time of observation"
2026-07-29,08:00:00,Selangor,Petaling Jaya,3.1073,101.6067,25.3,89,0.0,5.0,3,Clouds generally forming or developing
2026-07-29,08:00:00,Pahang,Kuantan,3.8167,103.3333,25.8,93,0.0,7.6,3,Clouds generally forming or developing
2026-07-29,08:00:00,Johor,Kluang,2.0336,103.3194,25.1,93,0.0,7.9,3,Clouds generally forming or developing
2026-07-29,08:00:00,Selangor,Shah Alam,3.0833,101.5333,26.0,85,0.0,8.9,3,Clouds generally forming or developing
2026-07-29,08:00:00,Perak,Teluk Intan,4.0259,101.0213,25.9,92,0.0,4.0,3,Clouds generally forming or developing
2026-07-29,08:00:00,Sabah,Tawau,4.2448,117.8911,27.0,88,0.1,6.8,51,"Drizzle, not freezing, continuous 	slight at time of observation"
2026-07-29,08:00:00,Putrajaya,Putrajaya,2.93,101.69,25.7,87,0.0,8.8,3,Clouds generally forming or developing
2026-07-29,08:00:00,Johor,Johor Bahru,1.4556,103.7611,25.9,93,0.0,5.9,3,Clouds generally forming or developing
2026-07-29,08:00:00,Perak,Ipoh,4.6,101.07,25.2,93,0.0,4.5,3,Clouds generally forming or developing
2026-07-29,08:00:00,Pulau Pinang,George Town,5.4145,100.3292,23.7,97,1.8,0.9,95,"Thunderstorm, slight or moderate, without hail** but with rain and/or snow at time of observation - Thunderstorm at time of observation"
2026-07-29,08:00:00,Melaka,Melaka,2.1889,102.2511,25.9,91,0.0,8.6,3,Clouds generally forming or developing
2026-07-29,08:00:00,Sabah,Lahad Datu,5.03,118.34,26.2,95,0.0,4.1,1,Clouds generally dissolving or becoming less developed
2026-07-29,08:00:00,Perak,Taiping,4.85,100.7333,24.8,90,0.1,10.7,51,"Drizzle, not freezing, continuous 	slight at time of observation"
2026-07-29,08:00:00,Negeri Sembilan,Seremban,2.7297,101.9381,25.8,85,0.0,8.4,3,Clouds generally forming or developing
2026-07-29,08:00:00,Sarawak,Kuching,1.5397,110.3542,25.2,94,0.4,7.0,51,"Drizzle, not freezing, continuous 	slight at time of observation"
2026-07-29,08:00:00,Sabah,Sandakan,5.8388,118.1173,27.0,91,0.0,6.1,1,Clouds generally dissolving or becoming less developed
2026-07-29,08:00:00,Terengganu,Kuala Terengganu,5.3303,103.1408,24.7,100,0.0,2.6,3,Clouds generally forming or developing
2026-07-29,08:00:00,Kelantan,Kota Bharu,6.1333,102.25,24.2,95,0.5,6.8,53,"Drizzle, not freezing, continuous 	moderate at time of observation"
2026-07-29,08:00:00,Pulau Pinang,Bukit Mertajam,5.3631,100.4667,24.1,94,1.1,10.3,81,"Rain shower(s), moderate or heavy"
2026-07-29,08:00:00,Kedah,Alor Setar,6.1167,100.3667,24.7,97,0.6,5.6,80,"Rain shower(s), slight"
2026-07-29,08:00:00,Sarawak,Bintulu,3.17,113.03,25.3,97,0.0,7.3,3,Clouds generally forming or developing
2026-07-29,08:00:00,Johor,Batu Pahat,1.85,102.93,25.3,92,0.0,6.5,3,Clouds generally forming or developing
2026-07-29,08:00:00,Labuan,Labuan,5.2803,115.2475,28.0,75,0.0,11.7,3,Clouds generally forming or developing
2026-07-29,08:00:00,Kuala Lumpur,Kuala Lumpur,3.1478,101.6953,24.9,92,0.0,3.1,3,Clouds generally forming or developing
2026-07-29,08:00:00,Pulau Pinang,Butterworth,5.3992,100.3639,24.1,94,1.1,10.3,81,"Rain shower(s), moderate or heavy"
2026-07-29,08:00:00,Selangor,Klang,3.0333,101.45,26.1,85,0.0,9.4,3,Clouds generally forming or developing
2026-07-29,08:00:00,Sabah,Kota Kinabalu,5.975,116.0725,28.5,71,0.0,7.6,2,State of sky on the whole unchanged
2026-07-29,08:00:00,Perlis,Kangar,6.4333,100.2,24.6,96,0.5,2.7,80,"Rain shower(s), slight"
2026-07-29,08:00:00,Sarawak,Miri,4.4028,113.9933,26.2,90,0.0,7.8,2,State of sky on the whole unchanged
2026-07-29,08:00:00,Terengganu,Cukai,4.2332,103.4479,26.7,88,0.0,9.4,3,Clouds generally forming or developing
2026-07-29,07:00:00,Sarawak,Kuching,1.5397,110.3542,23.5,99,0.3,5.9,51,"Drizzle, not freezing, continuous 	slight at time of observation"
2026-07-29,07:00:00,Kedah,Sungai Petani,5.65,100.48,23.9,92,0.1,6.5,51,"Drizzle, not freezing, continuous 	slight at time of observation"
2026-07-29,07:00:00,Pulau Pinang,Bukit Mertajam,5.3631,100.4667,25.7,89,0.1,10.6,51,"Drizzle, not freezing, continuous 	slight at time of observation"
2026-07-29,07:00:00,Johor,Kluang,2.0336,103.3194,24.1,96,0.0,7.1,2,State of sky on the whole unchanged
2026-07-29,07:00:00,Terengganu,Kuala Terengganu,5.3303,103.1408,24.0,99,0.4,8.6,51,"Drizzle, not freezing, continuous 	slight at time of observation"
2026-07-29,07:00:00,Sarawak,Bintulu,3.17,113.03,24.4,92,0.0,7.3,2,State of sky on the whole unchanged
2026-07-29,07:00:00,Pulau Pinang,George Town,5.4145,100.3292,24.0,97,0.6,13.8,81,"Rain shower(s), moderate or heavy"
2026-07-29,07:00:00,Sabah,Kota Kinabalu,5.975,116.0725,25.1,78,0.0,3.3,3,Clouds generally forming or developing
2026-07-29,07:00:00,Kelantan,Kota Bharu,6.1333,102.25,24.2,98,0.1,7.3,51,"Drizzle, not freezing, continuous 	slight at time of observation"
2026-07-29,07:00:00,Pahang,Raub,3.7931,101.8569,22.9,99,0.7,4.9,80,"Rain shower(s), slight"
2026-07-29,07:00:00,Sabah,Sandakan,5.8388,118.1173,25.1,96,0.0,8.0,3,Clouds generally forming or developing
2026-07-29,07:00:00,Perak,Ipoh,4.6,101.07,25.0,94,0.0,2.3,3,Clouds generally forming or developing
2026-07-29,07:00:00,Sabah,Tawau,4.2448,117.8911,25.0,93,0.0,7.7,2,State of sky on the whole unchanged
2026-07-29,07:00:00,Johor,Batu Pahat,1.85,102.93,24.5,95,0.0,6.2,1,Clouds generally dissolving or becoming less developed
2026-07-29,07:00:00,Labuan,Labuan,5.2803,115.2475,27.4,77,0.0,5.1,2,State of sky on the whole unchanged
2026-07-29,07:00:00,Johor,Johor Bahru,1.4556,103.7611,25.0,95,0.0,5.5,3,Clouds generally forming or developing
2026-07-29,07:00:00,Kuala Lumpur,Kuala Lumpur,3.1478,101.6953,24.0,97,0.0,2.5,3,Clouds generally forming or developing
2026-07-29,07:00:00,Negeri Sembilan,Seremban,2.7297,101.9381,25.2,88,0.0,8.2,2,State of sky on the whole unchanged
2026-07-29,07:00:00,Perlis,Kangar,6.4333,100.2,24.5,95,0.4,7.1,53,"Drizzle, not freezing, continuous 	moderate at time of observation"
2026-07-29,07:00:00,Selangor,Shah Alam,3.0833,101.5333,25.6,89,0.0,8.9,3,Clouds generally forming or developing
2026-07-29,07:00:00,Selangor,Klang,3.0333,101.45,25.7,88,0.0,10.2,3,Clouds generally forming or developing
2026-07-29,07:00:00,Pahang,Kuantan,3.8167,103.3333,24.7,93,0.0,7.4,2,State of sky on the whole unchanged
2026-07-29,07:00:00,Johor,Muar,2.05,102.56,25.1,92,0.0,6.4,2,State of sky on the whole unchanged
2026-07-29,07:00:00,Kedah,Alor Setar,6.1167,100.3667,24.1,97,0.7,8.7,53,"Drizzle, not freezing, continuous 	moderate at time of observation"
2026-07-29,07:00:00,Selangor,Petaling Jaya,3.1073,101.6067,24.5,96,0.0,4.1,3,Clouds generally forming or developing
2026-07-29,07:00:00,Sarawak,Miri,4.4028,113.9933,24.3,95,0.0,7.6,3,Clouds generally forming or developing
2026-07-29,07:00:00,Melaka,Melaka,2.1889,102.2511,25.2,93,0.0,8.9,2,State of sky on the whole unchanged
2026-07-29,07:00:00,Perak,Taiping,4.85,100.7333,25.2,97,0.0,4.2,3,Clouds generally forming or developing
2026-07-29,07:00:00,Sabah,Lahad Datu,5.03,118.34,24.5,98,0.0,3.2,3,Clouds generally forming or developing
2026-07-29,07:00:00,Putrajaya,Putrajaya,2.93,101.69,25.3,91,0.0,8.5,3,Clouds generally forming or developing
2026-07-29,07:00:00,Perak,Teluk Intan,4.0259,101.0213,25.5,91,0.0,6.9,3,Clouds generally forming or developing
2026-07-29,07:00:00,Terengganu,Cukai,4.2332,103.4479,25.3,94,0.0,10.2,3,Clouds generally forming or developing
2026-07-29,07:00:00,Pulau Pinang,Butterworth,5.3992,100.3639,25.8,89,0.1,10.6,51,"Drizzle, not freezing, continuous 	slight at time of observation"
2026-07-29,06:00:00,Sabah,Sandakan,5.8388,118.1173,24.6,96,0.0,8.7,3,Clouds generally forming or developing
2026-07-29,06:00:00,Sarawak,Bintulu,3.17,113.03,24.2,92,0.0,7.0,2,State of sky on the whole unchanged
2026-07-29,06:00:00,Kedah,Sungai Petani,5.65,100.48,23.6,97,0.0,6.9,3,Clouds generally forming or developing
2026-07-29,06:00:00,Pahang,Kuantan,3.8167,103.3333,25.0,93,0.0,8.8,3,Clouds generally forming or developing
2026-07-29,06:00:00,Johor,Kluang,2.0336,103.3194,24.1,97,0.0,7.9,2,State of sky on the whole unchanged
2026-07-29,06:00:00,Selangor,Klang,3.0333,101.45,25.9,87,0.0,10.2,2,State of sky on the whole unchanged
2026-07-29,06:00:00,Selangor,Petaling Jaya,3.1073,101.6067,24.7,95,0.0,5.1,2,State of sky on the whole unchanged
2026-07-29,06:00:00,Sarawak,Kuching,1.5397,110.3542,23.6,99,0.2,5.9,51,"Drizzle, not freezing, continuous 	slight at time of observation"
2026-07-29,06:00:00,Sarawak,Miri,4.4028,113.9933,23.9,96,0.0,9.1,3,Clouds generally forming or developing
2026-07-29,06:00:00,Sabah,Tawau,4.2448,117.8911,24.4,95,0.0,11.4,2,State of sky on the whole unchanged
2026-07-29,06:00:00,Johor,Johor Bahru,1.4556,103.7611,25.1,94,0.0,5.5,3,Clouds generally forming or developing
2026-07-29,06:00:00,Pulau Pinang,Bukit Mertajam,5.3631,100.4667,25.9,87,0.0,7.0,3,Clouds generally forming or developing
2026-07-29,06:00:00,Johor,Muar,2.05,102.56,25.2,91,0.0,6.9,3,Clouds generally forming or developing
2026-07-29,06:00:00,Perak,Teluk Intan,4.0259,101.0213,25.6,93,0.0,6.3,3,Clouds generally forming or developing
2026-07-29,06:00:00,Selangor,Shah Alam,3.0833,101.5333,25.9,88,0.0,9.3,2,State of sky on the whole unchanged
2026-07-29,06:00:00,Sabah,Lahad Datu,5.03,118.34,23.8,98,0.0,1.9,3,Clouds generally forming or developing
2026-07-29,06:00:00,Melaka,Melaka,2.1889,102.2511,25.4,92,0.0,10.3,2,State of sky on the whole unchanged
2026-07-29,06:00:00,Sabah,Kota Kinabalu,5.975,116.0725,24.3,77,0.0,2.0,3,Clouds generally forming or developing
2026-07-29,06:00:00,Negeri Sembilan,Seremban,2.7297,101.9381,25.3,89,0.0,7.7,3,Clouds generally forming or developing
2026-07-29,06:00:00,Kuala Lumpur,Kuala Lumpur,3.1478,101.6953,24.1,97,0.0,2.7,2,State of sky on the whole unchanged
2026-07-29,06:00:00,Perak,Ipoh,4.6,101.07,24.8,95,0.0,0.8,3,Clouds generally forming or developing
2026-07-29,06:00:00,Terengganu,Cukai,4.2332,103.4479,26.1,94,0.0,10.1,3,Clouds generally forming or developing
2026-07-29,06:00:00,Terengganu,Kuala Terengganu,5.3303,103.1408,24.5,98,1.0,2.5,55,"Drizzle, not freezing, continuous heavy (dense) at time of observation"
2026-07-29,06:00:00,Pahang,Raub,3.7931,101.8569,23.1,98,0.1,5.5,51,"Drizzle, not freezing, continuous 	slight at time of observation"
2026-07-29,06:00:00,Pulau Pinang,George Town,5.4145,100.3292,25.6,96,0.0,5.0,3,Clouds generally forming or developing
2026-07-29,06:00:00,Perlis,Kangar,6.4333,100.2,24.4,95,0.0,7.6,53,"Drizzle, not freezing, continuous 	moderate at time of observation"
2026-07-29,06:00:00,Kedah,Alor Setar,6.1167,100.3667,23.9,97,0.3,5.9,53,"Drizzle, not freezing, continuous 	moderate at time of observation"
2026-07-29,06:00:00,Perak,Taiping,4.85,100.7333,25.3,96,0.0,2.6,3,Clouds generally forming or developing
2026-07-29,06:00:00,Putrajaya,Putrajaya,2.93,101.69,25.5,90,0.0,9.1,2,State of sky on the whole unchanged
2026-07-29,06:00:00,Johor,Batu Pahat,1.85,102.93,24.7,93,0.0,7.0,3,Clouds generally forming or developing
2026-07-29,06:00:00,Pulau Pinang,Butterworth,5.3992,100.3639,26.0,87,0.0,7.0,3,Clouds generally forming or developing
2026-07-29,06:00:00,Kelantan,Kota Bharu,6.1333,102.25,24.6,98,0.1,8.5,51,"Drizzle, not freezing, continuous 	slight at time of observation"
2026-07-29,06:00:00,Labuan,Labuan,5.2803,115.2475,26.7,80,0.0,4.7,3,Clouds generally forming or developing
2026-07-29,05:00:00,Perak,Ipoh,4.6,101.07,25.1,94,0.0,1.3,3,Clouds generally forming or developing
2026-07-29,05:00:00,Pahang,Raub,3.7931,101.8569,23.7,97,0.1,5.8,51,"Drizzle, not freezing, continuous 	slight at time of observation"
2026-07-29,05:00:00,Johor,Muar,2.05,102.56,25.3,91,0.0,9.0,3,Clouds generally forming or developing
2026-07-29,05:00:00,Perak,Teluk Intan,4.0259,101.0213,25.9,94,0.0,4.9,3,Clouds generally forming or developing
2026-07-29,05:00:00,Terengganu,Kuala Terengganu,5.3303,103.1408,24.0,99,0.7,5.8,81,"Rain shower(s), moderate or heavy"
2026-07-29,05:00:00,Terengganu,Cukai,4.2332,103.4479,26.8,90,0.0,10.1,3,Clouds generally forming or developing
2026-07-29,05:00:00,Selangor,Klang,3.0333,101.45,26.1,87,0.0,10.5,3,Clouds generally forming or developing
2026-07-29,05:00:00,Melaka,Melaka,2.1889,102.2511,25.7,91,0.0,7.1,3,Clouds generally forming or developing
2026-07-29,05:00:00,Sabah,Lahad Datu,5.03,118.34,23.8,99,0.0,2.8,2,State of sky on the whole unchanged
2026-07-29,05:00:00,Sabah,Sandakan,5.8388,118.1173,24.9,96,0.0,10.2,2,State of sky on the whole unchanged
2026-07-29,05:00:00,Selangor,Shah Alam,3.0833,101.5333,26.0,88,0.0,9.7,3,Clouds generally forming or developing
2026-07-29,05:00:00,Selangor,Petaling Jaya,3.1073,101.6067,24.9,95,0.0,3.9,3,Clouds generally forming or developing
2026-07-29,05:00:00,Johor,Batu Pahat,1.85,102.93,24.6,94,0.0,7.6,3,Clouds generally forming or developing
2026-07-29,05:00:00,Johor,Kluang,2.0336,103.3194,24.2,96,0.0,6.8,3,Clouds generally forming or developing
2026-07-29,05:00:00,Labuan,Labuan,5.2803,115.2475,26.8,80,0.0,6.0,3,Clouds generally forming or developing
2026-07-29,05:00:00,Pulau Pinang,Butterworth,5.3992,100.3639,26.1,88,0.0,7.0,3,Clouds generally forming or developing
2026-07-29,05:00:00,Pahang,Kuantan,3.8167,103.3333,25.3,92,0.0,7.8,3,Clouds generally forming or developing
2026-07-29,05:00:00,Perlis,Kangar,6.4333,100.2,23.9,96,0.3,8.8,51,"Drizzle, not freezing, continuous 	slight at time of observation"
2026-07-29,05:00:00,Sarawak,Bintulu,3.17,113.03,24.3,91,0.0,7.1,3,Clouds generally forming or developing
2026-07-29,05:00:00,Kedah,Alor Setar,6.1167,100.3667,24.0,96,0.2,5.0,51,"Drizzle, not freezing, continuous 	slight at time of observation"
2026-07-29,05:00:00,Pulau Pinang,George Town,5.4145,100.3292,25.8,93,0.0,2.3,3,Clouds generally forming or developing
2026-07-29,05:00:00,Sarawak,Miri,4.4028,113.9933,23.9,96,0.0,8.2,3,Clouds generally forming or developing
2026-07-29,05:00:00,Johor,Johor Bahru,1.4556,103.7611,25.1,94,0.0,4.2,2,State of sky on the whole unchanged
2026-07-29,05:00:00,Kuala Lumpur,Kuala Lumpur,3.1478,101.6953,24.3,96,0.0,1.8,3,Clouds generally forming or developing
2026-07-29,05:00:00,Sarawak,Kuching,1.5397,110.3542,23.9,99,0.0,8.9,3,Clouds generally forming or developing
2026-07-29,05:00:00,Perak,Taiping,4.85,100.7333,25.6,96,0.0,2.4,3,Clouds generally forming or developing
2026-07-29,05:00:00,Negeri Sembilan,Seremban,2.7297,101.9381,25.3,90,0.0,7.7,3,Clouds generally forming or developing
2026-07-29,05:00:00,Pulau Pinang,Bukit Mertajam,5.3631,100.4667,26.1,88,0.0,7.0,3,Clouds generally forming or developing
2026-07-29,05:00:00,Sabah,Kota Kinabalu,5.975,116.0725,24.0,80,0.0,2.7,3,Clouds generally forming or developing
2026-07-29,05:00:00,Putrajaya,Putrajaya,2.93,101.69,25.7,90,0.0,9.9,3,Clouds generally forming or developing
2026-07-29,05:00:00,Sabah,Tawau,4.2448,117.8911,24.3,94,0.0,12.4,1,Clouds generally dissolving or becoming less developed
2026-07-29,05:00:00,Kedah,Sungai Petani,5.65,100.48,24.3,96,0.0,4.2,3,Clouds generally forming or developing
2026-07-29,05:00:00,Kelantan,Kota Bharu,6.1333,102.25,25.4,97,0.0,6.2,51,"Drizzle, not freezing, continuous 	slight at time of observation"
2026-07-29,04:00:00,Putrajaya,Putrajaya,2.93,101.69,25.7,90,0.0,10.4,3,Clouds generally forming or developing
2026-07-29,04:00:00,Johor,Kluang,2.0336,103.3194,24.4,95,0.0,7.3,3,Clouds generally forming or developing
2026-07-29,04:00:00,Selangor,Shah Alam,3.0833,101.5333,26.3,87,0.0,8.6,3,Clouds generally forming or developing
2026-07-29,04:00:00,Terengganu,Kuala Terengganu,5.3303,103.1408,26.4,89,0.0,6.4,3,Clouds generally forming or developing
2026-07-29,04:00:00,Pulau Pinang,Butterworth,5.3992,100.3639,26.7,86,0.3,5.6,51,"Drizzle, not freezing, continuous 	slight at time of observation"
2026-07-29,04:00:00,Kedah,Sungai Petani,5.65,100.48,24.8,95,0.1,2.4,51,"Drizzle, not freezing, continuous 	slight at time of observation"
2026-07-29,04:00:00,Labuan,Labuan,5.2803,115.2475,26.8,80,0.0,5.8,3,Clouds generally forming or developing
2026-07-29,04:00:00,Johor,Batu Pahat,1.85,102.93,25.0,93,0.0,6.8,3,Clouds generally forming or developing
2026-07-29,04:00:00,Selangor,Klang,3.0333,101.45,26.3,86,0.0,9.7,2,State of sky on the whole unchanged
2026-07-29,04:00:00,Sabah,Tawau,4.2448,117.8911,24.3,94,0.0,13.0,1,Clouds generally dissolving or becoming less developed
2026-07-29,04:00:00,Pahang,Kuantan,3.8167,103.3333,26.0,90,0.0,8.1,3,Clouds generally forming or developing
2026-07-29,04:00:00,Sarawak,Bintulu,3.17,113.03,24.0,92,0.0,7.2,3,Clouds generally forming or developing
2026-07-29,04:00:00,Pulau Pinang,George Town,5.4145,100.3292,25.4,93,0.3,4.0,51,"Drizzle, not freezing, continuous 	slight at time of observation"
2026-07-29,04:00:00,Pahang,Raub,3.7931,101.8569,23.8,96,0.2,4.9,51,"Drizzle, not freezing, continuous 	slight at time of observation"
2026-07-29,04:00:00,Sarawak,Kuching,1.5397,110.3542,24.2,98,0.0,5.3,3,Clouds generally forming or developing
2026-07-29,04:00:00,Selangor,Petaling Jaya,3.1073,101.6067,25.2,93,0.0,3.1,3,Clouds generally forming or developing
2026-07-29,04:00:00,Sabah,Sandakan,5.8388,118.1173,25.1,96,0.0,9.6,2,State of sky on the whole unchanged
2026-07-29,04:00:00,Perlis,Kangar,6.4333,100.2,23.9,96,0.4,8.6,53,"Drizzle, not freezing, continuous 	moderate at time of observation"
2026-07-29,04:00:00,Kedah,Alor Setar,6.1167,100.3667,24.1,95,0.0,8.3,3,Clouds generally forming or developing
2026-07-29,04:00:00,Kuala Lumpur,Kuala Lumpur,3.1478,101.6953,24.6,96,0.0,1.5,3,Clouds generally forming or developing
2026-07-29,04:00:00,Pulau Pinang,Bukit Mertajam,5.3631,100.4667,26.7,86,0.3,5.6,51,"Drizzle, not freezing, continuous 	slight at time of observation"
2026-07-29,04:00:00,Sarawak,Miri,4.4028,113.9933,24.1,96,0.0,9.0,3,Clouds generally forming or developing
2026-07-29,04:00:00,Sabah,Lahad Datu,5.03,118.34,23.8,99,0.2,5.2,51,"Drizzle, not freezing, continuous 	slight at time of observation"
2026-07-29,04:00:00,Melaka,Melaka,2.1889,102.2511,25.9,91,0.0,9.6,3,Clouds generally forming or developing
2026-07-29,04:00:00,Terengganu,Cukai,4.2332,103.4479,27.0,88,0.0,10.6,3,Clouds generally forming or developing
2026-07-29,04:00:00,Perak,Teluk Intan,4.0259,101.0213,25.9,94,0.0,3.3,3,Clouds generally forming or developing
2026-07-29,04:00:00,Kelantan,Kota Bharu,6.1333,102.25,26.2,92,0.0,1.5,3,Clouds generally forming or developing
2026-07-29,04:00:00,Sabah,Kota Kinabalu,5.975,116.0725,23.9,83,0.0,5.3,3,Clouds generally forming or developing
2026-07-29,04:00:00,Perak,Taiping,4.85,100.7333,25.7,96,0.0,2.2,3,Clouds generally forming or developing
2026-07-29,04:00:00,Johor,Muar,2.05,102.56,25.6,91,0.0,8.3,3,Clouds generally forming or developing
2026-07-29,04:00:00,Johor,Johor Bahru,1.4556,103.7611,25.1,94,0.0,5.4,3,Clouds generally forming or developing
2026-07-29,04:00:00,Negeri Sembilan,Seremban,2.7297,101.9381,25.7,90,0.0,8.2,3,Clouds generally forming or developing
2026-07-29,04:00:00,Perak,Ipoh,4.6,101.07,25.3,94,0.0,1.5,3,Clouds generally forming or developing
2026-07-29,03:00:00,Pulau Pinang,Butterworth,5.3992,100.3639,27.3,86,0.0,8.1,3,Clouds generally forming or developing
2026-07-29,03:00:00,Labuan,Labuan,5.2803,115.2475,27.0,80,0.0,8.2,3,Clouds generally forming or developing
2026-07-29,03:00:00,Selangor,Petaling Jaya,3.1073,101.6067,25.6,92,0.0,3.1,3,Clouds generally forming or developing
2026-07-29,03:00:00,Pahang,Raub,3.7931,101.8569,24.1,94,0.1,4.8,51,"Drizzle, not freezing, continuous 	slight at time of observation"
2026-07-29,03:00:00,Kuala Lumpur,Kuala Lumpur,3.1478,101.6953,25.0,94,0.0,2.3,3,Clouds generally forming or developing
2026-07-29,03:00:00,Selangor,Klang,3.0333,101.45,26.6,88,0.0,8.0,3,Clouds generally forming or developing
2026-07-29,03:00:00,Terengganu,Cukai,4.2332,103.4479,27.1,85,0.0,12.2,3,Clouds generally forming or developing
2026-07-29,03:00:00,Pulau Pinang,George Town,5.4145,100.3292,25.8,88,0.2,13.5,53,"Drizzle, not freezing, continuous 	moderate at time of observation"
2026-07-29,03:00:00,Perak,Ipoh,4.6,101.07,25.7,93,0.0,0.7,3,Clouds generally forming or developing
2026-07-29,03:00:00,Sarawak,Miri,4.4028,113.9933,24.3,94,0.0,10.5,3,Clouds generally forming or developing
2026-07-29,03:00:00,Sabah,Tawau,4.2448,117.8911,24.4,92,0.0,11.4,1,Clouds generally dissolving or becoming less developed
2026-07-29,03:00:00,Kedah,Sungai Petani,5.65,100.48,25.5,90,0.5,5.8,53,"Drizzle, not freezing, continuous 	moderate at time of observation"
2026-07-29,03:00:00,Putrajaya,Putrajaya,2.93,101.69,26.1,88,0.0,9.2,3,Clouds generally forming or developing
2026-07-29,03:00:00,Johor,Batu Pahat,1.85,102.93,25.1,93,0.0,7.1,3,Clouds generally forming or developing
2026-07-29,03:00:00,Terengganu,Kuala Terengganu,5.3303,103.1408,26.6,91,0.0,6.3,3,Clouds generally forming or developing
2026-07-29,03:00:00,Perak,Taiping,4.85,100.7333,25.9,97,0.0,2.3,3,Clouds generally forming or developing
2026-07-29,03:00:00,Kedah,Alor Setar,6.1167,100.3667,24.1,94,0.2,5.5,51,"Drizzle, not freezing, continuous 	slight at time of observation"
2026-07-29,03:00:00,Sarawak,Kuching,1.5397,110.3542,24.3,97,0.0,3.2,3,Clouds generally forming or developing
2026-07-29,03:00:00,Melaka,Melaka,2.1889,102.2511,26.4,90,0.0,9.4,3,Clouds generally forming or developing
2026-07-29,03:00:00,Perak,Teluk Intan,4.0259,101.0213,26.3,93,0.0,4.1,3,Clouds generally forming or developing
2026-07-29,03:00:00,Johor,Johor Bahru,1.4556,103.7611,25.2,94,0.0,5.1,3,Clouds generally forming or developing
2026-07-29,03:00:00,Pulau Pinang,Bukit Mertajam,5.3631,100.4667,27.3,86,0.0,8.1,3,Clouds generally forming or developing
2026-07-29,03:00:00,Kelantan,Kota Bharu,6.1333,102.25,26.3,90,0.0,8.9,3,Clouds generally forming or developing
2026-07-29,03:00:00,Johor,Muar,2.05,102.56,26.3,89,0.0,7.6,3,Clouds generally forming or developing
2026-07-29,03:00:00,Johor,Kluang,2.0336,103.3194,24.6,94,0.0,7.9,3,Clouds generally forming or developing
2026-07-29,03:00:00,Selangor,Shah Alam,3.0833,101.5333,26.7,87,0.0,7.1,3,Clouds generally forming or developing
2026-07-29,03:00:00,Negeri Sembilan,Seremban,2.7297,101.9381,25.9,89,0.0,9.8,3,Clouds generally forming or developing
2026-07-29,03:00:00,Perlis,Kangar,6.4333,100.2,24.0,96,0.0,7.3,3,Clouds generally forming or developing
2026-07-29,03:00:00,Sarawak,Bintulu,3.17,113.03,24.0,92,0.0,7.1,3,Clouds generally forming or developing
2026-07-29,03:00:00,Pahang,Kuantan,3.8167,103.3333,26.4,88,0.0,8.8,3,Clouds generally forming or developing
2026-07-29,03:00:00,Sabah,Kota Kinabalu,5.975,116.0725,24.2,82,0.0,5.6,3,Clouds generally forming or developing
2026-07-29,03:00:00,Sabah,Lahad Datu,5.03,118.34,24.0,99,0.4,4.3,51,"Drizzle, not freezing, continuous 	slight at time of observation"
2026-07-29,03:00:00,Sabah,Sandakan,5.8388,118.1173,25.3,96,0.2,8.5,51,"Drizzle, not freezing, continuous 	slight at time of observation"
2026-07-29,02:00:00,Negeri Sembilan,Seremban,2.7297,101.9381,26.2,86,0.0,8.6,3,Clouds generally forming or developing
2026-07-29,02:00:00,Selangor,Klang,3.0333,101.45,26.9,90,0.0,6.8,3,Clouds generally forming or developing
2026-07-29,02:00:00,Sabah,Kota Kinabalu,5.975,116.0725,25.1,78,0.0,8.2,3,Clouds generally forming or developing
2026-07-29,02:00:00,Kedah,Alor Setar,6.1167,100.3667,24.5,88,1.4,1.4,80,"Rain shower(s), slight"
2026-07-29,02:00:00,Kuala Lumpur,Kuala Lumpur,3.1478,101.6953,25.8,92,0.0,2.4,3,Clouds generally forming or developing
2026-07-29,02:00:00,Perak,Ipoh,4.6,101.07,26.1,91,0.0,0.6,3,Clouds generally forming or developing
2026-07-29,02:00:00,Sabah,Lahad Datu,5.03,118.34,24.1,97,0.8,5.1,81,"Rain shower(s), moderate or heavy"
2026-07-29,02:00:00,Sarawak,Miri,4.4028,113.9933,24.6,94,0.2,7.8,51,"Drizzle, not freezing, continuous 	slight at time of observation"
2026-07-29,02:00:00,Johor,Muar,2.05,102.56,26.8,87,0.0,8.0,3,Clouds generally forming or developing
2026-07-29,02:00:00,Sabah,Tawau,4.2448,117.8911,25.4,86,0.2,11.1,53,"Drizzle, not freezing, continuous 	moderate at time of observation"
2026-07-29,02:00:00,Putrajaya,Putrajaya,2.93,101.69,26.7,87,0.0,8.3,3,Clouds generally forming or developing
2026-07-29,02:00:00,Melaka,Melaka,2.1889,102.2511,27.1,86,0.0,11.8,3,Clouds generally forming or developing
2026-07-29,02:00:00,Perlis,Kangar,6.4333,100.2,24.2,95,0.6,6.8,53,"Drizzle, not freezing, continuous 	moderate at time of observation"
2026-07-29,02:00:00,Perak,Taiping,4.85,100.7333,26.1,97,0.0,2.7,3,Clouds generally forming or developing
2026-07-29,02:00:00,Perak,Teluk Intan,4.0259,101.0213,26.7,92,0.0,4.9,3,Clouds generally forming or developing
2026-07-29,02:00:00,Terengganu,Cukai,4.2332,103.4479,27.2,82,0.0,15.2,51,"Drizzle, not freezing, continuous 	slight at time of observation"
2026-07-29,02:00:00,Sarawak,Kuching,1.5397,110.3542,24.4,96,0.0,4.0,3,Clouds generally forming or developing
2026-07-29,02:00:00,Sabah,Sandakan,5.8388,118.1173,25.3,96,0.1,5.4,51,"Drizzle, not freezing, continuous 	slight at time of observation"
2026-07-29,02:00:00,Johor,Batu Pahat,1.85,102.93,25.4,93,0.0,6.4,3,Clouds generally forming or developing
2026-07-29,02:00:00,Selangor,Petaling Jaya,3.1073,101.6067,26.2,90,0.0,3.2,3,Clouds generally forming or developing
2026-07-29,02:00:00,Labuan,Labuan,5.2803,115.2475,27.2,80,0.0,12.0,3,Clouds generally forming or developing
2026-07-29,02:00:00,Pahang,Kuantan,3.8167,103.3333,26.7,85,0.0,10.6,3,Clouds generally forming or developing
2026-07-29,02:00:00,Kedah,Sungai Petani,5.65,100.48,26.2,87,0.0,6.0,3,Clouds generally forming or developing
2026-07-29,02:00:00,Pulau Pinang,George Town,5.4145,100.3292,28.2,87,0.0,1.1,3,Clouds generally forming or developing
2026-07-29,02:00:00,Terengganu,Kuala Terengganu,5.3303,103.1408,26.8,90,0.0,6.1,3,Clouds generally forming or developing
2026-07-29,02:00:00,Sarawak,Bintulu,3.17,113.03,25.0,89,0.1,8.9,51,"Drizzle, not freezing, continuous 	slight at time of observation"
2026-07-29,02:00:00,Selangor,Shah Alam,3.0833,101.5333,27.0,88,0.0,6.4,3,Clouds generally forming or developing
2026-07-29,02:00:00,Pulau Pinang,Bukit Mertajam,5.3631,100.4667,27.8,82,0.0,4.1,3,Clouds generally forming or developing
2026-07-29,02:00:00,Kelantan,Kota Bharu,6.1333,102.25,26.0,92,0.7,10.9,53,"Drizzle, not freezing, continuous 	moderate at time of observation"
2026-07-29,02:00:00,Johor,Kluang,2.0336,103.3194,24.8,94,0.0,9.2,3,Clouds generally forming or developing
2026-07-29,02:00:00,Pulau Pinang,Butterworth,5.3992,100.3639,27.9,82,0.0,4.1,3,Clouds generally forming or developing
2026-07-29,02:00:00,Pahang,Raub,3.7931,101.8569,24.7,91,0.0,3.4,2,State of sky on the whole unchanged
2026-07-29,02:00:00,Johor,Johor Bahru,1.4556,103.7611,25.5,93,0.0,5.1,3,Clouds generally forming or developing
2026-07-29,01:00:00,Kuala Lumpur,Kuala Lumpur,3.1478,101.6953,25.2,93,0.0,2.3,3,Clouds generally forming or developing
2026-07-29,01:00:00,Perak,Teluk Intan,4.0259,101.0213,26.5,93,0.0,3.2,3,Clouds generally forming or developing
2026-07-29,01:00:00,Kedah,Alor Setar,6.1167,100.3667,24.5,92,0.0,18.8,80,"Rain shower(s), slight"
2026-07-29,01:00:00,Labuan,Labuan,5.2803,115.2475,27.1,81,0.0,11.8,3,Clouds generally forming or developing
2026-07-29,01:00:00,Kelantan,Kota Bharu,6.1333,102.25,24.8,96,0.6,7.7,80,"Rain shower(s), slight"
2026-07-29,01:00:00,Putrajaya,Putrajaya,2.93,101.69,26.2,92,0.0,4.3,3,Clouds generally forming or developing
2026-07-29,01:00:00,Johor,Batu Pahat,1.85,102.93,25.4,90,0.0,6.2,3,Clouds generally forming or developing
2026-07-29,01:00:00,Sarawak,Kuching,1.5397,110.3542,24.5,96,0.0,1.8,3,Clouds generally forming or developing
2026-07-29,01:00:00,Terengganu,Kuala Terengganu,5.3303,103.1408,26.2,91,0.0,6.2,3,Clouds generally forming or developing
2026-07-29,01:00:00,Sarawak,Bintulu,3.17,113.03,25.5,86,0.1,12.9,51,"Drizzle, not freezing, continuous 	slight at time of observation"
2026-07-29,01:00:00,Johor,Johor Bahru,1.4556,103.7611,25.5,91,0.0,4.2,3,Clouds generally forming or developing
2026-07-29,01:00:00,Johor,Muar,2.05,102.56,26.2,86,0.0,9.9,3,Clouds generally forming or developing
2026-07-29,01:00:00,Sabah,Tawau,4.2448,117.8911,25.5,86,0.1,8.5,51,"Drizzle, not freezing, continuous 	slight at time of observation"
2026-07-29,01:00:00,Johor,Kluang,2.0336,103.3194,24.7,94,0.0,6.9,3,Clouds generally forming or developing
2026-07-29,01:00:00,Terengganu,Cukai,4.2332,103.4479,27.4,83,0.0,13.3,3,Clouds generally forming or developing
2026-07-29,01:00:00,Selangor,Shah Alam,3.0833,101.5333,26.6,89,0.0,4.3,3,Clouds generally forming or developing
2026-07-29,01:00:00,Negeri Sembilan,Seremban,2.7297,101.9381,26.0,87,0.0,5.1,3,Clouds generally forming or developing
2026-07-29,01:00:00,Sabah,Lahad Datu,5.03,118.34,25.6,91,0.0,2.8,3,Clouds generally forming or developing
2026-07-29,01:00:00,Pulau Pinang,Bukit Mertajam,5.3631,100.4667,28.0,80,0.0,5.0,3,Clouds generally forming or developing
2026-07-29,01:00:00,Pahang,Raub,3.7931,101.8569,24.2,92,0.0,3.9,3,Clouds generally forming or developing
2026-07-29,01:00:00,Pahang,Kuantan,3.8167,103.3333,26.3,89,0.0,7.7,3,Clouds generally forming or developing
2026-07-29,01:00:00,Kedah,Sungai Petani,5.65,100.48,26.7,83,0.0,1.5,3,Clouds generally forming or developing
2026-07-29,01:00:00,Sabah,Sandakan,5.8388,118.1173,26.5,92,0.3,2.2,51,"Drizzle, not freezing, continuous 	slight at time of observation"
2026-07-29,01:00:00,Melaka,Melaka,2.1889,102.2511,26.6,86,0.0,11.6,3,Clouds generally forming or developing
2026-07-29,01:00:00,Sarawak,Miri,4.4028,113.9933,25.0,91,0.5,3.5,53,"Drizzle, not freezing, continuous 	moderate at time of observation"
2026-07-29,01:00:00,Perak,Ipoh,4.6,101.07,25.9,92,0.0,3.1,3,Clouds generally forming or developing
2026-07-29,01:00:00,Selangor,Petaling Jaya,3.1073,101.6067,25.8,89,0.0,2.9,3,Clouds generally forming or developing
2026-07-29,01:00:00,Sabah,Kota Kinabalu,5.975,116.0725,25.6,76,0.1,8.1,51,"Drizzle, not freezing, continuous 	slight at time of observation"
2026-07-29,01:00:00,Pulau Pinang,George Town,5.4145,100.3292,28.1,84,0.0,0.9,3,Clouds generally forming or developing
2026-07-29,01:00:00,Selangor,Klang,3.0333,101.45,26.3,92,0.0,5.5,3,Clouds generally forming or developing
2026-07-29,01:00:00,Perlis,Kangar,6.4333,100.2,24.5,94,0.2,2.5,55,"Drizzle, not freezing, continuous heavy (dense) at time of observation"
2026-07-29,01:00:00,Pulau Pinang,Butterworth,5.3992,100.3639,28.0,80,0.0,5.0,3,Clouds generally forming or developing
2026-07-29,01:00:00,Perak,Taiping,4.85,100.7333,26.2,95,0.0,4.9,3,Clouds generally forming or developing
2026-07-29,00:00:00,Sarawak,Miri,4.4028,113.9933,25.4,87,0.0,6.8,3,Clouds generally forming or developing
2026-07-29,00:00:00,Kedah,Alor Setar,6.1167,100.3667,27.9,85,0.0,4.1,3,Clouds generally forming or developing
2026-07-29,00:00:00,Johor,Muar,2.05,102.56,26.5,85,0.0,13.4,3,Clouds generally forming or developing
2026-07-29,00:00:00,Terengganu,Kuala Terengganu,5.3303,103.1408,26.6,90,0.0,7.4,3,Clouds generally forming or developing
2026-07-29,00:00:00,Negeri Sembilan,Seremban,2.7297,101.9381,26.7,85,0.0,7.2,3,Clouds generally forming or developing
2026-07-29,00:00:00,Putrajaya,Putrajaya,2.93,101.69,26.5,91,0.0,4.9,3,Clouds generally forming or developing
2026-07-29,00:00:00,Perak,Taiping,4.85,100.7333,26.3,95,0.0,2.6,3,Clouds generally forming or developing
2026-07-29,00:00:00,Pulau Pinang,Bukit Mertajam,5.3631,100.4667,28.5,78,0.0,4.4,3,Clouds generally forming or developing
2026-07-29,00:00:00,Sabah,Kota Kinabalu,5.975,116.0725,26.1,75,0.3,4.7,51,"Drizzle, not freezing, continuous 	slight at time of observation"
2026-07-29,00:00:00,Kedah,Sungai Petani,5.65,100.48,27.2,82,0.0,0.4,3,Clouds generally forming or developing
2026-07-29,00:00:00,Terengganu,Cukai,4.2332,103.4479,27.1,88,0.0,9.8,3,Clouds generally forming or developing
2026-07-29,00:00:00,Perak,Teluk Intan,4.0259,101.0213,26.5,93,0.0,1.8,3,Clouds generally forming or developing
2026-07-29,00:00:00,Kelantan,Kota Bharu,6.1333,102.25,27.0,90,0.0,7.9,3,Clouds generally forming or developing
2026-07-29,00:00:00,Sabah,Tawau,4.2448,117.8911,26.1,86,0.0,5.8,2,State of sky on the whole unchanged
2026-07-29,00:00:00,Selangor,Klang,3.0333,101.45,26.5,91,0.0,5.2,3,Clouds generally forming or developing
2026-07-29,00:00:00,Perak,Ipoh,4.6,101.07,26.5,90,0.0,2.7,3,Clouds generally forming or developing
2026-07-29,00:00:00,Kuala Lumpur,Kuala Lumpur,3.1478,101.6953,25.6,91,0.0,2.7,3,Clouds generally forming or developing
2026-07-29,00:00:00,Pulau Pinang,Butterworth,5.3992,100.3639,28.5,78,0.0,4.4,3,Clouds generally forming or developing
2026-07-29,00:00:00,Sabah,Sandakan,5.8388,118.1173,26.5,92,0.0,4.1,53,"Drizzle, not freezing, continuous 	moderate at time of observation"
2026-07-29,00:00:00,Pulau Pinang,George Town,5.4145,100.3292,28.2,83,0.0,1.3,3,Clouds generally forming or developing
2026-07-29,00:00:00,Selangor,Petaling Jaya,3.1073,101.6067,26.1,88,0.0,3.3,3,Clouds generally forming or developing
2026-07-29,00:00:00,Johor,Batu Pahat,1.85,102.93,25.6,89,0.0,7.9,3,Clouds generally forming or developing
2026-07-29,00:00:00,Labuan,Labuan,5.2803,115.2475,27.2,81,0.1,12.8,51,"Drizzle, not freezing, continuous 	slight at time of observation"
2026-07-29,00:00:00,Johor,Johor Bahru,1.4556,103.7611,25.5,92,0.0,5.3,3,Clouds generally forming or developing
2026-07-29,00:00:00,Pahang,Raub,3.7931,101.8569,24.6,92,0.0,4.1,3,Clouds generally forming or developing
2026-07-29,00:00:00,Pahang,Kuantan,3.8167,103.3333,26.2,89,0.0,7.6,3,Clouds generally forming or developing
2026-07-29,00:00:00,Sarawak,Bintulu,3.17,113.03,28.4,74,0.0,8.6,2,State of sky on the whole unchanged
2026-07-29,00:00:00,Johor,Kluang,2.0336,103.3194,25.0,93,0.0,9.1,2,State of sky on the whole unchanged
2026-07-29,00:00:00,Selangor,Shah Alam,3.0833,101.5333,26.7,88,0.0,4.4,3,Clouds generally forming or developing
2026-07-29,00:00:00,Perlis,Kangar,6.4333,100.2,27.1,80,0.0,10.1,3,Clouds generally forming or developing
2026-07-29,00:00:00,Sabah,Lahad Datu,5.03,118.34,26.2,87,0.0,0.3,2,State of sky on the whole unchanged
2026-07-29,00:00:00,Sarawak,Kuching,1.5397,110.3542,25.0,93,0.0,1.0,2,State of sky on the whole unchanged
2026-07-29,00:00:00,Melaka,Melaka,2.1889,102.2511,26.5,87,0.0,15.1,3,Clouds generally forming or developing
2026-07-29,23:00:00,Pahang,Raub,3.7931,101.8569,24.8,100,0.0,0.2,3,Clouds generally forming or developing
2026-07-29,23:00:00,Johor,Muar,2.05,102.56,26.5,87,0.0,9.6,3,Clouds generally forming or developing
2026-07-29,23:00:00,Perak,Teluk Intan,4.0259,101.0213,24.9,96,0.0,3.3,3,Clouds generally forming or developing
2026-07-29,23:00:00,Putrajaya,Putrajaya,2.93,101.69,25.8,91,0.0,3.6,3,Clouds generally forming or developing
2026-07-29,23:00:00,Johor,Kluang,2.0336,103.3194,25.0,99,0.0,4.7,3,Clouds generally forming or developing
2026-07-29,23:00:00,Melaka,Melaka,2.1889,102.2511,26.9,86,0.0,7.4,3,Clouds generally forming or developing
2026-07-29,23:00:00,Labuan,Labuan,5.2803,115.2475,28.2,76,0.0,9.6,1,Clouds generally dissolving or becoming less developed
2026-07-29,23:00:00,Selangor,Klang,3.0333,101.45,25.9,93,0.0,3.1,3,Clouds generally forming or developing
2026-07-29,23:00:00,Pahang,Kuantan,3.8167,103.3333,24.9,96,0.0,5.0,3,Clouds generally forming or developing
2026-07-29,23:00:00,Perlis,Kangar,6.4333,100.2,25.3,97,0.1,2.9,51,"Drizzle, not freezing, continuous 	slight at time of observation"
2026-07-29,23:00:00,Selangor,Petaling Jaya,3.1073,101.6067,25.9,90,0.0,3.6,2,State of sky on the whole unchanged
2026-07-29,23:00:00,Kedah,Sungai Petani,5.65,100.48,24.0,89,0.0,4.4,3,Clouds generally forming or developing
2026-07-29,23:00:00,Sarawak,Sibu,2.3,111.8167,24.8,98,0.0,4.0,2,State of sky on the whole unchanged
2026-07-29,23:00:00,Kuala Lumpur,Kuala Lumpur,3.1478,101.6953,25.7,94,0.0,2.3,3,Clouds generally forming or developing
2026-07-29,23:00:00,Negeri Sembilan,Seremban,2.7297,101.9381,26.4,88,0.0,1.1,3,Clouds generally forming or developing
2026-07-29,23:00:00,Johor,Batu Pahat,1.85,102.93,25.7,94,0.0,6.1,3,Clouds generally forming or developing
2026-07-29,23:00:00,Sarawak,Kuching,1.5397,110.3542,24.4,96,0.0,5.9,2,State of sky on the whole unchanged
2026-07-29,23:00:00,Pulau Pinang,George Town,5.4145,100.3292,25.9,87,0.0,2.0,3,Clouds generally forming or developing
2026-07-29,23:00:00,Kelantan,Kota Bharu,6.1333,102.25,26.1,93,0.0,5.1,3,Clouds generally forming or developing
2026-07-29,23:00:00,Sabah,Sandakan,5.8388,118.1173,26.2,90,0.0,2.8,2,State of sky on the whole unchanged
2026-07-29,23:00:00,Pahang,Kuala Lipis,4.184,102.042,25.4,96,0.0,0.3,3,Clouds generally forming or developing
2026-07-29,23:00:00,Sarawak,Bintulu,3.17,113.03,26.3,92,0.0,9.2,2,State of sky on the whole unchanged
2026-07-29,23:00:00,Johor,Johor Bahru,1.4556,103.7611,25.9,95,0.0,3.6,3,Clouds generally forming or developing
2026-07-29,23:00:00,Perak,Taiping,4.85,100.7333,25.1,92,0.0,2.5,3,Clouds generally forming or developing
2026-07-29,23:00:00,Selangor,Shah Alam,3.0833,101.5333,25.9,93,0.0,2.3,3,Clouds generally forming or developing
2026-07-29,23:00:00,Kedah,Alor Setar,6.1167,100.3667,24.8,88,0.0,4.0,3,Clouds generally forming or developing
2026-07-29,23:00:00,Sabah,Tawau,4.2448,117.8911,26.1,86,0.0,2.2,0,Cloud development not observed or not observable
2026-07-29,23:00:00,Pulau Pinang,Bukit Mertajam,5.3631,100.4667,25.1,83,0.0,4.8,3,Clouds generally forming or developing
2026-07-29,23:00:00,Sarawak,Miri,4.4028,113.9933,26.7,83,0.0,3.4,1,Clouds generally dissolving or becoming less developed
2026-07-29,23:00:00,Terengganu,Kuala Terengganu,5.3303,103.1408,26.1,93,0.0,4.2,3,Clouds generally forming or developing
2026-07-29,23:00:00,Terengganu,Cukai,4.2332,103.4479,26.4,90,0.0,7.6,3,Clouds generally forming or developing
2026-07-29,23:00:00,Pulau Pinang,Butterworth,5.3992,100.3639,25.2,83,0.0,4.8,3,Clouds generally forming or developing
2026-07-29,23:00:00,Perak,Ipoh,4.6,101.07,25.6,93,0.0,4.8,3,Clouds generally forming or developing
2026-07-29,22:00:00,Kedah,Sungai Petani,5.65,100.48,24.5,85,0.0,3.7,3,Clouds generally forming or developing
2026-07-29,22:00:00,Pahang,Kuala Lipis,4.184,102.042,25.5,96,0.0,0.6,3,Clouds generally forming or developing
2026-07-29,22:00:00,Sarawak,Sibu,2.3,111.8167,25.2,98,0.0,6.9,2,State of sky on the whole unchanged
2026-07-29,22:00:00,Sarawak,Kuching,1.5397,110.3542,24.7,96,0.0,6.7,2,State of sky on the whole unchanged
2026-07-29,22:00:00,Perlis,Kangar,6.4333,100.2,25.5,94,0.0,3.3,3,Clouds generally forming or developing
2026-07-29,22:00:00,Kuala Lumpur,Kuala Lumpur,3.1478,101.6953,25.7,94,0.0,3.6,3,Clouds generally forming or developing
2026-07-29,22:00:00,Sarawak,Bintulu,3.17,113.03,26.7,92,0.0,9.7,2,State of sky on the whole unchanged
2026-07-29,22:00:00,Sarawak,Miri,4.4028,113.9933,27.0,82,0.0,4.3,2,State of sky on the whole unchanged
2026-07-29,22:00:00,Terengganu,Cukai,4.2332,103.4479,26.5,90,0.0,6.4,3,Clouds generally forming or developing
2026-07-29,22:00:00,Kedah,Alor Setar,6.1167,100.3667,25.0,89,0.0,5.7,2,State of sky on the whole unchanged
2026-07-29,22:00:00,Putrajaya,Putrajaya,2.93,101.69,25.8,90,0.0,3.2,3,Clouds generally forming or developing
2026-07-29,22:00:00,Terengganu,Kuala Terengganu,5.3303,103.1408,25.9,92,0.0,5.3,3,Clouds generally forming or developing
2026-07-29,22:00:00,Pulau Pinang,George Town,5.4145,100.3292,26.1,85,0.0,1.9,3,Clouds generally forming or developing
2026-07-29,22:00:00,Selangor,Petaling Jaya,3.1073,101.6067,25.9,90,0.0,3.6,3,Clouds generally forming or developing
2026-07-29,22:00:00,Negeri Sembilan,Seremban,2.7297,101.9381,26.4,88,0.0,1.3,3,Clouds generally forming or developing
2026-07-29,22:00:00,Perak,Taiping,4.85,100.7333,25.6,91,0.1,4.0,51,"Drizzle, not freezing, continuous 	slight at time of observation"
2026-07-29,22:00:00,Johor,Kluang,2.0336,103.3194,25.0,99,0.0,6.0,3,Clouds generally forming or developing
2026-07-29,22:00:00,Pulau Pinang,Bukit Mertajam,5.3631,100.4667,25.5,85,0.0,4.9,3,Clouds generally forming or developing
2026-07-29,22:00:00,Perak,Ipoh,4.6,101.07,25.7,92,0.0,2.7,3,Clouds generally forming or developing
2026-07-29,22:00:00,Johor,Johor Bahru,1.4556,103.7611,26.2,91,0.0,3.0,3,Clouds generally forming or developing
2026-07-29,22:00:00,Sabah,Sandakan,5.8388,118.1173,26.3,89,0.0,2.6,1,Clouds generally dissolving or becoming less developed
2026-07-29,22:00:00,Selangor,Shah Alam,3.0833,101.5333,26.1,91,0.0,4.2,3,Clouds generally forming or developing
2026-07-29,22:00:00,Pulau Pinang,Butterworth,5.3992,100.3639,25.5,85,0.0,4.9,3,Clouds generally forming or developing
2026-07-29,22:00:00,Johor,Muar,2.05,102.56,26.8,87,0.0,8.8,3,Clouds generally forming or developing
2026-07-29,22:00:00,Kelantan,Kota Bharu,6.1333,102.25,26.1,97,0.0,5.8,3,Clouds generally forming or developing
2026-07-29,22:00:00,Perak,Teluk Intan,4.0259,101.0213,25.3,96,0.0,7.2,3,Clouds generally forming or developing
2026-07-29,22:00:00,Sabah,Tawau,4.2448,117.8911,26.6,85,0.0,1.1,1,Clouds generally dissolving or becoming less developed
2026-07-29,22:00:00,Melaka,Melaka,2.1889,102.2511,27.3,85,0.0,11.3,3,Clouds generally forming or developing
2026-07-29,22:00:00,Labuan,Labuan,5.2803,115.2475,28.0,78,0.0,10.6,1,Clouds generally dissolving or becoming less developed
2026-07-29,22:00:00,Selangor,Klang,3.0333,101.45,26.2,92,0.0,4.9,3,Clouds generally forming or developing
2026-07-29,22:00:00,Johor,Batu Pahat,1.85,102.93,26.1,91,0.0,6.7,3,Clouds generally forming or developing
2026-07-29,22:00:00,Pahang,Raub,3.7931,101.8569,24.8,100,0.0,1.9,3,Clouds generally forming or developing
2026-07-29,22:00:00,Pahang,Kuantan,3.8167,103.3333,25.3,94,0.0,9.4,2,State of sky on the whole unchanged
2026-07-29,21:00:00,Putrajaya,Putrajaya,2.93,101.69,25.8,90,0.0,3.6,3,Clouds generally forming or developing
2026-07-29,21:00:00,Sarawak,Miri,4.4028,113.9933,27.3,82,0.0,3.2,3,Clouds generally forming or developing
2026-07-29,21:00:00,Pahang,Raub,3.7931,101.8569,25.1,99,0.0,1.7,3,Clouds generally forming or developing
2026-07-29,21:00:00,Labuan,Labuan,5.2803,115.2475,28.3,82,0.0,11.4,2,State of sky on the whole unchanged
2026-07-29,21:00:00,Pulau Pinang,Bukit Mertajam,5.3631,100.4667,25.6,88,0.0,5.4,3,Clouds generally forming or developing
2026-07-29,21:00:00,Johor,Batu Pahat,1.85,102.93,26.3,88,0.0,6.6,3,Clouds generally forming or developing
2026-07-29,21:00:00,Terengganu,Cukai,4.2332,103.4479,26.3,92,0.0,4.7,3,Clouds generally forming or developing
2026-07-29,21:00:00,Perak,Ipoh,4.6,101.07,25.8,91,0.0,2.4,3,Clouds generally forming or developing
2026-07-29,21:00:00,Kuala Lumpur,Kuala Lumpur,3.1478,101.6953,25.8,93,0.0,1.6,3,Clouds generally forming or developing
2026-07-29,21:00:00,Pulau Pinang,Butterworth,5.3992,100.3639,25.6,88,0.0,5.4,3,Clouds generally forming or developing
2026-07-29,21:00:00,Selangor,Klang,3.0333,101.45,26.5,91,0.0,1.9,3,Clouds generally forming or developing
2026-07-29,21:00:00,Kedah,Alor Setar,6.1167,100.3667,25.3,87,0.0,6.2,3,Clouds generally forming or developing
2026-07-29,21:00:00,Pulau Pinang,George Town,5.4145,100.3292,26.1,84,0.0,2.1,3,Clouds generally forming or developing
2026-07-29,21:00:00,Johor,Kluang,2.0336,103.3194,25.2,99,0.0,5.6,3,Clouds generally forming or developing
2026-07-29,21:00:00,Johor,Muar,2.05,102.56,27.4,84,0.0,6.8,3,Clouds generally forming or developing
2026-07-29,21:00:00,Sarawak,Bintulu,3.17,113.03,27.0,90,0.0,7.8,2,State of sky on the whole unchanged
2026-07-29,21:00:00,Kedah,Sungai Petani,5.65,100.48,24.5,87,0.0,2.1,3,Clouds generally forming or developing
2026-07-29,21:00:00,Sarawak,Kuching,1.5397,110.3542,25.1,97,0.0,6.2,3,Clouds generally forming or developing
2026-07-29,21:00:00,Kelantan,Kota Bharu,6.1333,102.25,26.5,95,0.0,4.4,3,Clouds generally forming or developing
2026-07-29,21:00:00,Melaka,Melaka,2.1889,102.2511,28.0,83,0.0,6.0,3,Clouds generally forming or developing
2026-07-29,21:00:00,Johor,Johor Bahru,1.4556,103.7611,26.8,85,0.0,1.2,3,Clouds generally forming or developing
2026-07-29,21:00:00,Perlis,Kangar,6.4333,100.2,25.6,91,0.2,4.4,51,"Drizzle, not freezing, continuous 	slight at time of observation"
2026-07-29,21:00:00,Negeri Sembilan,Seremban,2.7297,101.9381,26.5,87,0.0,4.1,3,Clouds generally forming or developing
2026-07-29,21:00:00,Pahang,Kuantan,3.8167,103.3333,25.7,94,0.0,8.7,1,Clouds generally dissolving or becoming less developed
2026-07-29,21:00:00,Sabah,Tawau,4.2448,117.8911,26.6,85,0.0,2.9,0,Cloud development not observed or not observable
2026-07-29,21:00:00,Perak,Taiping,4.85,100.7333,25.5,96,0.2,6.5,51,"Drizzle, not freezing, continuous 	slight at time of observation"
2026-07-29,21:00:00,Sarawak,Sibu,2.3,111.8167,25.6,99,0.0,5.9,2,State of sky on the whole unchanged
2026-07-29,21:00:00,Sabah,Sandakan,5.8388,118.1173,26.3,91,0.3,2.6,51,"Drizzle, not freezing, continuous 	slight at time of observation"
2026-07-29,21:00:00,Selangor,Petaling Jaya,3.1073,101.6067,26.1,89,0.0,2.2,3,Clouds generally forming or developing
2026-07-29,21:00:00,Selangor,Shah Alam,3.0833,101.5333,26.4,90,0.0,2.5,3,Clouds generally forming or developing
2026-07-29,21:00:00,Pahang,Kuala Lipis,4.184,102.042,25.4,98,0.0,3.1,3,Clouds generally forming or developing
2026-07-29,21:00:00,Perak,Teluk Intan,4.0259,101.0213,25.7,96,0.0,5.6,2,State of sky on the whole unchanged
2026-07-29,21:00:00,Terengganu,Kuala Terengganu,5.3303,103.1408,26.1,91,0.0,7.6,3,Clouds generally forming or developing
2026-07-29,20:00:00,Pahang,Kuantan,3.8167,103.3333,25.8,95,0.1,3.7,51,"Drizzle, not freezing, continuous 	slight at time of observation"
2026-07-29,20:00:00,Johor,Batu Pahat,1.85,102.93,26.9,85,0.0,7.0,3,Clouds generally forming or developing
2026-07-29,20:00:00,Selangor,Klang,3.0333,101.45,26.8,89,0.0,1.4,3,Clouds generally forming or developing
2026-07-29,20:00:00,Negeri Sembilan,Seremban,2.7297,101.9381,26.9,83,0.0,4.2,3,Clouds generally forming or developing
2026-07-29,20:00:00,Sabah,Sandakan,5.8388,118.1173,25.8,95,0.2,3.6,80,"Rain shower(s), slight"
2026-07-29,20:00:00,Kedah,Alor Setar,6.1167,100.3667,25.6,87,0.0,6.8,3,Clouds generally forming or developing
2026-07-29,20:00:00,Perak,Taiping,4.85,100.7333,25.8,93,0.0,3.8,3,Clouds generally forming or developing
2026-07-29,20:00:00,Melaka,Melaka,2.1889,102.2511,28.7,79,0.0,1.7,3,Clouds generally forming or developing
2026-07-29,20:00:00,Perak,Ipoh,4.6,101.07,25.8,91,0.0,3.3,3,Clouds generally forming or developing
2026-07-29,20:00:00,Johor,Kluang,2.0336,103.3194,25.6,98,0.0,6.0,3,Clouds generally forming or developing
2026-07-29,20:00:00,Pulau Pinang,Bukit Mertajam,5.3631,100.4667,26.0,87,0.0,5.2,3,Clouds generally forming or developing
2026-07-29,20:00:00,Kelantan,Kota Bharu,6.1333,102.25,27.1,90,0.0,2.9,3,Clouds generally forming or developing
2026-07-29,20:00:00,Johor,Muar,2.05,102.56,28.0,83,0.0,6.0,3,Clouds generally forming or developing
2026-07-29,20:00:00,Pulau Pinang,Butterworth,5.3992,100.3639,26.1,87,0.0,5.2,3,Clouds generally forming or developing
2026-07-29,20:00:00,Perlis,Kangar,6.4333,100.2,25.9,88,0.1,4.8,51,"Drizzle, not freezing, continuous 	slight at time of observation"
2026-07-29,20:00:00,Sarawak,Bintulu,3.17,113.03,27.3,89,0.0,6.0,2,State of sky on the whole unchanged
2026-07-29,20:00:00,Sabah,Tawau,4.2448,117.8911,26.8,85,0.0,3.8,0,Cloud development not observed or not observable
2026-07-29,20:00:00,Labuan,Labuan,5.2803,115.2475,29.1,74,0.0,9.0,3,Clouds generally forming or developing
2026-07-29,20:00:00,Selangor,Petaling Jaya,3.1073,101.6067,26.4,88,0.0,4.0,3,Clouds generally forming or developing
2026-07-29,20:00:00,Johor,Johor Bahru,1.4556,103.7611,27.8,80,0.0,0.5,3,Clouds generally forming or developing
2026-07-29,20:00:00,Putrajaya,Putrajaya,2.93,101.69,25.9,88,0.0,5.1,3,Clouds generally forming or developing
2026-07-29,20:00:00,Kuala Lumpur,Kuala Lumpur,3.1478,101.6953,26.1,92,0.0,5.0,3,Clouds generally forming or developing
2026-07-29,20:00:00,Terengganu,Kuala Terengganu,5.3303,103.1408,26.7,86,0.0,9.5,3,Clouds generally forming or developing
2026-07-29,20:00:00,Sarawak,Kuching,1.5397,110.3542,25.6,96,0.0,6.4,3,Clouds generally forming or developing
2026-07-29,20:00:00,Pulau Pinang,George Town,5.4145,100.3292,26.2,83,0.0,1.9,3,Clouds generally forming or developing
2026-07-29,20:00:00,Pahang,Raub,3.7931,101.8569,25.1,98,0.0,2.9,3,Clouds generally forming or developing
2026-07-29,20:00:00,Selangor,Shah Alam,3.0833,101.5333,26.7,89,0.0,2.0,3,Clouds generally forming or developing
2026-07-29,20:00:00,Perak,Teluk Intan,4.0259,101.0213,26.0,94,0.0,1.6,3,Clouds generally forming or developing
2026-07-29,20:00:00,Terengganu,Cukai,4.2332,103.4479,26.1,92,0.0,5.1,3,Clouds generally forming or developing
2026-07-29,20:00:00,Sarawak,Sibu,2.3,111.8167,26.0,98,0.0,4.2,3,Clouds generally forming or developing
2026-07-29,20:00:00,Sarawak,Miri,4.4028,113.9933,27.4,82,0.0,4.5,3,Clouds generally forming or developing
2026-07-29,20:00:00,Kedah,Sungai Petani,5.65,100.48,24.5,89,0.0,3.5,3,Clouds generally forming or developing
2026-07-29,20:00:00,Pahang,Kuala Lipis,4.184,102.042,25.5,97,0.0,0.9,3,Clouds generally forming or developing
2026-07-29,19:00:00,Kedah,Sungai Petani,5.65,100.48,25.0,89,0.0,3.1,3,Clouds generally forming or developing
2026-07-29,19:00:00,Selangor,Shah Alam,3.0833,101.5333,26.9,85,0.0,5.2,3,Clouds generally forming or developing
2026-07-29,19:00:00,Kelantan,Kota Bharu,6.1333,102.25,28.3,79,0.0,0.2,3,Clouds generally forming or developing
2026-07-29,19:00:00,Melaka,Melaka,2.1889,102.2511,29.3,74,0.0,3.1,3,Clouds generally forming or developing
2026-07-29,19:00:00,Kedah,Alor Setar,6.1167,100.3667,26.2,85,0.0,6.8,3,Clouds generally forming or developing
2026-07-29,19:00:00,Negeri Sembilan,Seremban,2.7297,101.9381,28.2,78,0.0,4.6,3,Clouds generally forming or developing
2026-07-29,19:00:00,Sarawak,Miri,4.4028,113.9933,28.0,80,0.0,6.4,3,Clouds generally forming or developing
2026-07-29,19:00:00,Pulau Pinang,George Town,5.4145,100.3292,26.9,76,0.0,1.5,3,Clouds generally forming or developing
2026-07-29,19:00:00,Selangor,Petaling Jaya,3.1073,101.6067,27.1,84,0.0,2.9,3,Clouds generally forming or developing
2026-07-29,19:00:00,Terengganu,Kuala Terengganu,5.3303,103.1408,27.7,77,0.0,5.6,3,Clouds generally forming or developing
2026-07-29,19:00:00,Perak,Taiping,4.85,100.7333,26.5,91,0.0,3.1,3,Clouds generally forming or developing
2026-07-29,19:00:00,Pulau Pinang,Butterworth,5.3992,100.3639,26.8,82,0.0,3.5,3,Clouds generally forming or developing
2026-07-29,19:00:00,Johor,Johor Bahru,1.4556,103.7611,28.7,77,0.0,1.0,3,Clouds generally forming or developing
2026-07-29,19:00:00,Sarawak,Kuching,1.5397,110.3542,26.1,92,0.0,4.7,51,"Drizzle, not freezing, continuous 	slight at time of observation"
2026-07-29,19:00:00,Selangor,Klang,3.0333,101.45,27.0,85,0.0,7.0,3,Clouds generally forming or developing
2026-07-29,19:00:00,Sabah,Sandakan,5.8388,118.1173,26.0,91,0.2,10.1,51,"Drizzle, not freezing, continuous 	slight at time of observation"
2026-07-29,19:00:00,Johor,Batu Pahat,1.85,102.93,28.4,79,0.0,5.1,2,State of sky on the whole unchanged
2026-07-29,19:00:00,Pahang,Kuantan,3.8167,103.3333,26.3,90,0.5,1.2,53,"Drizzle, not freezing, continuous 	moderate at time of observation"
2026-07-29,19:00:00,Kuala Lumpur,Kuala Lumpur,3.1478,101.6953,26.8,89,0.1,4.5,51,"Drizzle, not freezing, continuous 	slight at time of observation"
2026-07-29,19:00:00,Sarawak,Sibu,2.3,111.8167,26.1,98,0.2,3.5,51,"Drizzle, not freezing, continuous 	slight at time of observation"
2026-07-29,19:00:00,Labuan,Labuan,5.2803,115.2475,29.7,65,0.0,9.6,2,State of sky on the whole unchanged
2026-07-29,19:00:00,Terengganu,Cukai,4.2332,103.4479,26.5,89,0.0,3.8,3,Clouds generally forming or developing
2026-07-29,19:00:00,Perlis,Kangar,6.4333,100.2,26.5,84,0.0,5.9,3,Clouds generally forming or developing
2026-07-29,19:00:00,Putrajaya,Putrajaya,2.93,101.69,26.4,86,0.0,8.9,3,Clouds generally forming or developing
2026-07-29,19:00:00,Sarawak,Bintulu,3.17,113.03,27.8,84,0.0,4.9,1,Clouds generally dissolving or becoming less developed
2026-07-29,19:00:00,Perak,Teluk Intan,4.0259,101.0213,26.2,92,0.0,2.7,3,Clouds generally forming or developing
2026-07-29,19:00:00,Johor,Kluang,2.0336,103.3194,26.4,93,0.0,6.0,2,State of sky on the whole unchanged
2026-07-29,19:00:00,Pulau Pinang,Bukit Mertajam,5.3631,100.4667,26.8,82,0.0,3.5,3,Clouds generally forming or developing
2026-07-29,19:00:00,Pahang,Raub,3.7931,101.8569,25.1,99,0.2,2.0,51,"Drizzle, not freezing, continuous 	slight at time of observation"
2026-07-29,19:00:00,Perak,Ipoh,4.6,101.07,26.1,88,0.0,4.7,3,Clouds generally forming or developing
2026-07-29,19:00:00,Johor,Muar,2.05,102.56,28.9,76,0.0,6.4,3,Clouds generally forming or developing
2026-07-29,19:00:00,Pahang,Kuala Lipis,4.184,102.042,25.9,96,0.1,1.8,51,"Drizzle, not freezing, continuous 	slight at time of observation"
2026-07-29,19:00:00,Sabah,Tawau,4.2448,117.8911,27.2,83,0.0,4.7,0,Cloud development not observed or not observable
2026-07-29,18:00:00,Perak,Taiping,4.85,100.7333,26.9,90,0.0,2.8,2,State of sky on the whole unchanged
2026-07-29,18:00:00,Melaka,Melaka,2.1889,102.2511,30.1,65,0.0,7.8,3,Clouds generally forming or developing
2026-07-29,18:00:00,Kelantan,Kota Bharu,6.1333,102.25,28.5,77,0.0,2.1,3,Clouds generally forming or developing
2026-07-29,18:00:00,Pulau Pinang,Bukit Mertajam,5.3631,100.4667,27.5,72,0.0,4.3,3,Clouds generally forming or developing
2026-07-29,18:00:00,Sarawak,Kuching,1.5397,110.3542,27.0,86,0.0,2.5,3,Clouds generally forming or developing
2026-07-29,18:00:00,Selangor,Klang,3.0333,101.45,27.4,82,0.4,12.2,53,"Drizzle, not freezing, continuous 	moderate at time of observation"
2026-07-29,18:00:00,Putrajaya,Putrajaya,2.93,101.69,28.5,71,0.1,9.7,51,"Drizzle, not freezing, continuous 	slight at time of observation"
2026-07-29,18:00:00,Selangor,Shah Alam,3.0833,101.5333,27.1,84,0.4,11.5,53,"Drizzle, not freezing, continuous 	moderate at time of observation"
2026-07-29,18:00:00,Negeri Sembilan,Seremban,2.7297,101.9381,29.8,64,0.0,2.2,3,Clouds generally forming or developing
2026-07-29,18:00:00,Sabah,Sandakan,5.8388,118.1173,27.1,86,0.0,12.3,53,"Drizzle, not freezing, continuous 	moderate at time of observation"
2026-07-29,18:00:00,Johor,Kluang,2.0336,103.3194,27.1,87,0.2,4.1,51,"Drizzle, not freezing, continuous 	slight at time of observation"
2026-07-29,18:00:00,Terengganu,Cukai,4.2332,103.4479,26.7,87,0.1,1.9,51,"Drizzle, not freezing, continuous 	slight at time of observation"
2026-07-29,18:00:00,Kedah,Sungai Petani,5.65,100.48,26.1,77,0.0,1.5,3,Clouds generally forming or developing
2026-07-29,18:00:00,Sabah,Tawau,4.2448,117.8911,27.9,79,0.0,3.1,1,Clouds generally dissolving or becoming less developed
2026-07-29,18:00:00,Sarawak,Sibu,2.3,111.8167,27.2,93,0.9,2.7,53,"Drizzle, not freezing, continuous 	moderate at time of observation"
2026-07-29,18:00:00,Selangor,Petaling Jaya,3.1073,101.6067,26.9,84,0.2,6.3,51,"Drizzle, not freezing, continuous 	slight at time of observation"
2026-07-29,18:00:00,Pahang,Kuantan,3.8167,103.3333,26.8,85,0.4,3.6,53,"Drizzle, not freezing, continuous 	moderate at time of observation"
2026-07-29,18:00:00,Pulau Pinang,George Town,5.4145,100.3292,27.5,68,0.0,1.7,3,Clouds generally forming or developing
2026-07-29,18:00:00,Kedah,Alor Setar,6.1167,100.3667,27.1,78,0.0,5.8,3,Clouds generally forming or developing
2026-07-29,18:00:00,Johor,Muar,2.05,102.56,30.1,66,0.0,7.7,3,Clouds generally forming or developing
2026-07-29,18:00:00,Johor,Johor Bahru,1.4556,103.7611,29.7,67,0.0,6.5,3,Clouds generally forming or developing
2026-07-29,18:00:00,Perak,Teluk Intan,4.0259,101.0213,26.3,91,0.0,6.4,3,Clouds generally forming or developing
2026-07-29,18:00:00,Sarawak,Miri,4.4028,113.9933,29.1,78,0.0,5.4,3,Clouds generally forming or developing
2026-07-29,18:00:00,Perak,Ipoh,4.6,101.07,26.3,88,0.0,6.1,3,Clouds generally forming or developing
2026-07-29,18:00:00,Pahang,Kuala Lipis,4.184,102.042,25.9,96,2.3,4.1,80,"Rain shower(s), slight"
2026-07-29,18:00:00,Perlis,Kangar,6.4333,100.2,27.1,77,0.0,8.9,3,Clouds generally forming or developing
2026-07-29,18:00:00,Labuan,Labuan,5.2803,115.2475,30.0,63,0.0,11.9,2,State of sky on the whole unchanged
2026-07-29,18:00:00,Pahang,Raub,3.7931,101.8569,24.9,98,1.4,1.6,80,"Rain shower(s), slight"
2026-07-29,18:00:00,Sarawak,Bintulu,3.17,113.03,29.0,79,0.0,3.8,2,State of sky on the whole unchanged
2026-07-29,18:00:00,Pulau Pinang,Butterworth,5.3992,100.3639,27.6,72,0.0,4.3,3,Clouds generally forming or developing
2026-07-29,18:00:00,Kuala Lumpur,Kuala Lumpur,3.1478,101.6953,26.6,88,0.4,3.6,80,"Rain shower(s), slight"
2026-07-29,18:00:00,Terengganu,Kuala Terengganu,5.3303,103.1408,28.7,75,0.0,8.8,3,Clouds generally forming or developing
2026-07-29,18:00:00,Johor,Batu Pahat,1.85,102.93,29.4,70,0.0,7.5,3,Clouds generally forming or developing
2026-07-29,17:00:00,Pahang,Raub,3.7931,101.8569,24.8,98,1.3,5.8,95,"Thunderstorm, slight or moderate, without hail** but with rain and/or snow at time of observation - Thunderstorm at time of observation"
2026-07-29,17:00:00,Johor,Kluang,2.0336,103.3194,27.3,82,0.3,6.3,53,"Drizzle, not freezing, continuous 	moderate at time of observation"
2026-07-29,17:00:00,Melaka,Melaka,2.1889,102.2511,30.6,63,0.0,8.1,3,Clouds generally forming or developing
2026-07-29,17:00:00,Kuala Lumpur,Kuala Lumpur,3.1478,101.6953,27.1,84,0.0,10.6,80,"Rain shower(s), slight"
2026-07-29,17:00:00,Sarawak,Sibu,2.3,111.8167,27.2,90,0.2,3.3,80,"Rain shower(s), slight"
2026-07-29,17:00:00,Johor,Johor Bahru,1.4556,103.7611,29.5,69,0.4,8.1,53,"Drizzle, not freezing, continuous 	moderate at time of observation"
2026-07-29,17:00:00,Pulau Pinang,Bukit Mertajam,5.3631,100.4667,27.6,70,0.0,4.7,3,Clouds generally forming or developing
2026-07-29,17:00:00,Selangor,Petaling Jaya,3.1073,101.6067,27.8,77,0.1,11.6,53,"Drizzle, not freezing, continuous 	moderate at time of observation"
2026-07-29,17:00:00,Terengganu,Cukai,4.2332,103.4479,26.6,86,0.4,4.4,51,"Drizzle, not freezing, continuous 	slight at time of observation"
2026-07-29,17:00:00,Johor,Muar,2.05,102.56,30.9,62,0.0,7.9,3,Clouds generally forming or developing
2026-07-29,17:00:00,Johor,Batu Pahat,1.85,102.93,30.3,65,0.0,8.6,3,Clouds generally forming or developing
2026-07-29,17:00:00,Perlis,Kangar,6.4333,100.2,27.3,77,0.0,8.3,3,Clouds generally forming or developing
2026-07-29,17:00:00,Perak,Taiping,4.85,100.7333,27.4,87,0.0,2.0,3,Clouds generally forming or developing
2026-07-29,17:00:00,Selangor,Klang,3.0333,101.45,30.6,61,0.1,3.4,51,"Drizzle, not freezing, continuous 	slight at time of observation"
2026-07-29,17:00:00,Pahang,Kuantan,3.8167,103.3333,27.9,76,0.0,8.7,51,"Drizzle, not freezing, continuous 	slight at time of observation"
2026-07-29,17:00:00,Terengganu,Kuala Terengganu,5.3303,103.1408,29.7,69,0.0,5.7,3,Clouds generally forming or developing
2026-07-29,17:00:00,Kelantan,Kota Bharu,6.1333,102.25,28.6,76,0.1,2.5,51,"Drizzle, not freezing, continuous 	slight at time of observation"
2026-07-29,17:00:00,Negeri Sembilan,Seremban,2.7297,101.9381,30.1,62,0.1,4.9,51,"Drizzle, not freezing, continuous 	slight at time of observation"
2026-07-29,17:00:00,Sarawak,Kuching,1.5397,110.3542,27.6,84,0.1,2.8,51,"Drizzle, not freezing, continuous 	slight at time of observation"
2026-07-29,17:00:00,Sarawak,Miri,4.4028,113.9933,29.8,71,0.1,7.3,51,"Drizzle, not freezing, continuous 	slight at time of observation"
2026-07-29,17:00:00,Kedah,Alor Setar,6.1167,100.3667,27.8,74,0.3,5.6,51,"Drizzle, not freezing, continuous 	slight at time of observation"
2026-07-29,17:00:00,Kedah,Sungai Petani,5.65,100.48,25.6,85,0.0,4.7,3,Clouds generally forming or developing
2026-07-29,17:00:00,Perak,Teluk Intan,4.0259,101.0213,26.7,90,0.1,6.3,51,"Drizzle, not freezing, continuous 	slight at time of observation"
2026-07-29,17:00:00,Putrajaya,Putrajaya,2.93,101.69,30.5,62,0.2,6.5,51,"Drizzle, not freezing, continuous 	slight at time of observation"
2026-07-29,17:00:00,Sarawak,Bintulu,3.17,113.03,30.0,68,0.0,5.2,3,Clouds generally forming or developing
2026-07-29,17:00:00,Pahang,Kuala Lipis,4.184,102.042,26.0,94,1.5,2.2,95,"Thunderstorm, slight or moderate, without hail** but with rain and/or snow at time of observation - Thunderstorm at time of observation"
2026-07-29,17:00:00,Pulau Pinang,Butterworth,5.3992,100.3639,27.7,70,0.0,4.7,3,Clouds generally forming or developing
2026-07-29,17:00:00,Labuan,Labuan,5.2803,115.2475,30.6,58,0.0,13.0,1,Clouds generally dissolving or becoming less developed
2026-07-29,17:00:00,Sabah,Tawau,4.2448,117.8911,28.9,71,0.0,7.4,1,Clouds generally dissolving or becoming less developed
2026-07-29,17:00:00,Selangor,Shah Alam,3.0833,101.5333,29.7,65,0.0,3.7,3,Clouds generally forming or developing
2026-07-29,17:00:00,Sabah,Sandakan,5.8388,118.1173,29.5,71,0.0,9.1,2,State of sky on the whole unchanged
2026-07-29,17:00:00,Pulau Pinang,George Town,5.4145,100.3292,27.3,70,0.0,3.7,3,Clouds generally forming or developing
2026-07-29,17:00:00,Perak,Ipoh,4.6,101.07,26.9,85,0.0,3.3,3,Clouds generally forming or developing
2026-07-29,16:00:00,Pulau Pinang,George Town,5.4145,100.3292,26.8,79,0.0,6.2,3,Clouds generally forming or developing
2026-07-29,16:00:00,Sabah,Tawau,4.2448,117.8911,29.5,68,0.1,7.6,51,"Drizzle, not freezing, continuous 	slight at time of observation"
2026-07-29,16:00:00,Sarawak,Bintulu,3.17,113.03,30.2,67,0.1,3.1,51,"Drizzle, not freezing, continuous 	slight at time of observation"
2026-07-29,16:00:00,Terengganu,Kuala Terengganu,5.3303,103.1408,30.5,63,0.0,3.0,3,Clouds generally forming or developing
2026-07-29,16:00:00,Sarawak,Kuching,1.5397,110.3542,27.5,87,0.6,4.4,53,"Drizzle, not freezing, continuous 	moderate at time of observation"
2026-07-29,16:00:00,Sarawak,Miri,4.4028,113.9933,29.6,75,1.1,6.8,80,"Rain shower(s), slight"
2026-07-29,16:00:00,Perak,Teluk Intan,4.0259,101.0213,26.1,95,0.2,4.7,51,"Drizzle, not freezing, continuous 	slight at time of observation"
2026-07-29,16:00:00,Melaka,Melaka,2.1889,102.2511,31.3,60,0.0,9.4,3,Clouds generally forming or developing
2026-07-29,16:00:00,Pulau Pinang,Bukit Mertajam,5.3631,100.4667,27.7,67,0.0,6.7,3,Clouds generally forming or developing
2026-07-29,16:00:00,Putrajaya,Putrajaya,2.93,101.69,30.7,59,0.0,6.2,51,"Drizzle, not freezing, continuous 	slight at time of observation"
2026-07-29,16:00:00,Pahang,Kuala Lipis,4.184,102.042,27.5,80,0.0,7.8,80,"Rain shower(s), slight"
2026-07-29,16:00:00,Perlis,Kangar,6.4333,100.2,26.6,82,0.2,7.9,51,"Drizzle, not freezing, continuous 	slight at time of observation"
2026-07-29,16:00:00,Perak,Taiping,4.85,100.7333,26.0,91,0.0,5.3,3,Clouds generally forming or developing
2026-07-29,16:00:00,Kedah,Sungai Petani,5.65,100.48,25.4,91,0.7,5.8,53,"Drizzle, not freezing, continuous 	moderate at time of observation"
2026-07-29,16:00:00,Terengganu,Cukai,4.2332,103.4479,26.2,87,0.2,14.4,51,"Drizzle, not freezing, continuous 	slight at time of observation"
2026-07-29,16:00:00,Pahang,Kuantan,3.8167,103.3333,29.6,70,0.6,2.1,53,"Drizzle, not freezing, continuous 	moderate at time of observation"
2026-07-29,16:00:00,Labuan,Labuan,5.2803,115.2475,31.2,58,0.0,11.8,2,State of sky on the whole unchanged
2026-07-29,16:00:00,Johor,Kluang,2.0336,103.3194,29.7,69,0.0,7.1,51,"Drizzle, not freezing, continuous 	slight at time of observation"
2026-07-29,16:00:00,Pulau Pinang,Butterworth,5.3992,100.3639,27.8,67,0.0,6.7,3,Clouds generally forming or developing
2026-07-29,16:00:00,Negeri Sembilan,Seremban,2.7297,101.9381,30.3,63,0.0,4.3,51,"Drizzle, not freezing, continuous 	slight at time of observation"
2026-07-29,16:00:00,Pahang,Raub,3.7931,101.8569,27.7,84,0.0,5.1,80,"Rain shower(s), slight"
2026-07-29,16:00:00,Selangor,Petaling Jaya,3.1073,101.6067,30.5,64,0.0,3.0,51,"Drizzle, not freezing, continuous 	slight at time of observation"
2026-07-29,16:00:00,Johor,Batu Pahat,1.85,102.93,31.1,62,0.0,10.2,3,Clouds generally forming or developing
2026-07-29,16:00:00,Kelantan,Kota Bharu,6.1333,102.25,28.5,77,0.4,4.1,51,"Drizzle, not freezing, continuous 	slight at time of observation"
2026-07-29,16:00:00,Johor,Johor Bahru,1.4556,103.7611,30.5,62,0.2,9.5,53,"Drizzle, not freezing, continuous 	moderate at time of observation"
2026-07-29,16:00:00,Sabah,Sandakan,5.8388,118.1173,29.6,71,0.1,8.1,51,"Drizzle, not freezing, continuous 	slight at time of observation"
2026-07-29,16:00:00,Selangor,Klang,3.0333,101.45,31.1,60,0.1,4.1,51,"Drizzle, not freezing, continuous 	slight at time of observation"
2026-07-29,16:00:00,Perak,Ipoh,4.6,101.07,26.7,87,0.2,1.3,51,"Drizzle, not freezing, continuous 	slight at time of observation"
2026-07-29,16:00:00,Johor,Muar,2.05,102.56,31.1,62,0.0,8.8,3,Clouds generally forming or developing
2026-07-29,16:00:00,Sarawak,Sibu,2.3,111.8167,28.5,85,0.4,9.6,53,"Drizzle, not freezing, continuous 	moderate at time of observation"
2026-07-29,16:00:00,Kuala Lumpur,Kuala Lumpur,3.1478,101.6953,30.6,67,0.0,3.5,51,"Drizzle, not freezing, continuous 	slight at time of observation"
2026-07-29,16:00:00,Selangor,Shah Alam,3.0833,101.5333,30.9,62,0.0,4.8,3,Clouds generally forming or developing
2026-07-29,16:00:00,Kedah,Alor Setar,6.1167,100.3667,27.5,75,0.3,7.4,51,"Drizzle, not freezing, continuous 	slight at time of observation"
2026-07-29,15:00:00,Selangor,Petaling Jaya,3.1073,101.6067,30.9,63,0.0,5.4,3,Clouds generally forming or developing
2026-07-29,15:00:00,Perak,Taiping,4.85,100.7333,25.4,94,0.6,8.2,53,"Drizzle, not freezing, continuous 	moderate at time of observation"
2026-07-29,15:00:00,Sarawak,Miri,4.4028,113.9933,30.3,66,0.3,4.9,53,"Drizzle, not freezing, continuous 	moderate at time of observation"
2026-07-29,15:00:00,Sarawak,Bintulu,3.17,113.03,30.9,65,0.6,3.7,53,"Drizzle, not freezing, continuous 	moderate at time of observation"
2026-07-29,15:00:00,Perak,Teluk Intan,4.0259,101.0213,26.1,93,0.4,9.7,53,"Drizzle, not freezing, continuous 	moderate at time of observation"
2026-07-29,15:00:00,Sabah,Sandakan,5.8388,118.1173,28.7,79,0.5,13.9,80,"Rain shower(s), slight"
2026-07-29,15:00:00,Sarawak,Sibu,2.3,111.8167,30.6,72,0.2,4.7,53,"Drizzle, not freezing, continuous 	moderate at time of observation"
2026-07-29,15:00:00,Terengganu,Kuala Terengganu,5.3303,103.1408,29.8,72,0.0,3.2,3,Clouds generally forming or developing
2026-07-29,15:00:00,Sabah,Tawau,4.2448,117.8911,29.7,66,0.2,10.6,51,"Drizzle, not freezing, continuous 	slight at time of observation"
2026-07-29,15:00:00,Pahang,Raub,3.7931,101.8569,30.8,58,0.1,7.5,51,"Drizzle, not freezing, continuous 	slight at time of observation"
2026-07-29,15:00:00,Terengganu,Cukai,4.2332,103.4479,30.2,68,0.2,3.6,51,"Drizzle, not freezing, continuous 	slight at time of observation"
2026-07-29,15:00:00,Perlis,Kangar,6.4333,100.2,26.8,85,0.3,9.2,51,"Drizzle, not freezing, continuous 	slight at time of observation"
2026-07-29,15:00:00,Pulau Pinang,George Town,5.4145,100.3292,26.3,89,0.0,7.1,3,Clouds generally forming or developing
2026-07-29,15:00:00,Kedah,Alor Setar,6.1167,100.3667,27.3,74,0.0,9.2,3,Clouds generally forming or developing
2026-07-29,15:00:00,Johor,Kluang,2.0336,103.3194,31.7,63,0.1,8.6,51,"Drizzle, not freezing, continuous 	slight at time of observation"
2026-07-29,15:00:00,Pulau Pinang,Bukit Mertajam,5.3631,100.4667,26.8,80,0.2,10.8,51,"Drizzle, not freezing, continuous 	slight at time of observation"
2026-07-29,15:00:00,Johor,Muar,2.05,102.56,31.2,62,0.0,9.8,3,Clouds generally forming or developing
2026-07-29,15:00:00,Selangor,Klang,3.0333,101.45,30.9,63,0.2,4.7,51,"Drizzle, not freezing, continuous 	slight at time of observation"
2026-07-29,15:00:00,Negeri Sembilan,Seremban,2.7297,101.9381,30.2,68,0.1,5.8,51,"Drizzle, not freezing, continuous 	slight at time of observation"
2026-07-29,15:00:00,Melaka,Melaka,2.1889,102.2511,31.6,58,0.1,10.6,51,"Drizzle, not freezing, continuous 	slight at time of observation"
2026-07-29,15:00:00,Kelantan,Kota Bharu,6.1333,102.25,28.8,73,0.2,8.2,51,"Drizzle, not freezing, continuous 	slight at time of observation"
2026-07-29,15:00:00,Johor,Johor Bahru,1.4556,103.7611,31.2,58,0.3,11.0,51,"Drizzle, not freezing, continuous 	slight at time of observation"
2026-07-29,15:00:00,Johor,Batu Pahat,1.85,102.93,31.4,61,0.0,9.9,3,Clouds generally forming or developing
2026-07-29,15:00:00,Pahang,Kuantan,3.8167,103.3333,30.8,63,0.0,6.6,51,"Drizzle, not freezing, continuous 	slight at time of observation"
2026-07-29,15:00:00,Kedah,Sungai Petani,5.65,100.48,25.0,96,1.6,4.8,80,"Rain shower(s), slight"
2026-07-29,15:00:00,Pahang,Kuala Lipis,4.184,102.042,30.7,63,0.0,3.3,3,Clouds generally forming or developing
2026-07-29,15:00:00,Pulau Pinang,Butterworth,5.3992,100.3639,26.8,80,0.2,10.8,51,"Drizzle, not freezing, continuous 	slight at time of observation"
2026-07-29,15:00:00,Putrajaya,Putrajaya,2.93,101.69,30.6,64,0.0,8.1,3,Clouds generally forming or developing
2026-07-29,15:00:00,Kuala Lumpur,Kuala Lumpur,3.1478,101.6953,31.3,63,0.0,4.5,3,Clouds generally forming or developing
2026-07-29,15:00:00,Perak,Ipoh,4.6,101.07,25.7,93,1.6,5.1,81,"Rain shower(s), moderate or heavy"
2026-07-29,15:00:00,Labuan,Labuan,5.2803,115.2475,31.8,56,0.0,8.5,2,State of sky on the whole unchanged
2026-07-29,15:00:00,Selangor,Shah Alam,3.0833,101.5333,30.9,63,0.0,5.6,3,Clouds generally forming or developing
2026-07-29,15:00:00,Sarawak,Kuching,1.5397,110.3542,26.7,92,1.7,2.2,81,"Rain shower(s), moderate or heavy"
2026-07-29,14:00:00,Terengganu,Cukai,4.2332,103.4479,30.8,65,0.3,8.7,51,"Drizzle, not freezing, continuous 	slight at time of observation"
2026-07-29,14:00:00,Johor,Johor Bahru,1.4556,103.7611,31.1,60,0.4,10.5,53,"Drizzle, not freezing, continuous 	moderate at time of observation"
2026-07-29,14:00:00,Kuala Lumpur,Kuala Lumpur,3.1478,101.6953,31.1,63,0.3,6.5,51,"Drizzle, not freezing, continuous 	slight at time of observation"
2026-07-29,14:00:00,Putrajaya,Putrajaya,2.93,101.69,30.7,68,0.1,8.3,51,"Drizzle, not freezing, continuous 	slight at time of observation"
2026-07-29,14:00:00,Sarawak,Sibu,2.3,111.8167,30.9,67,0.0,1.3,51,"Drizzle, not freezing, continuous 	slight at time of observation"
2026-07-29,14:00:00,Kedah,Sungai Petani,5.65,100.48,24.9,98,0.6,8.1,53,"Drizzle, not freezing, continuous 	moderate at time of observation"
2026-07-29,14:00:00,Perak,Ipoh,4.6,101.07,25.8,85,1.8,3.8,81,"Rain shower(s), moderate or heavy"
2026-07-29,14:00:00,Perlis,Kangar,6.4333,100.2,27.1,88,0.1,7.5,51,"Drizzle, not freezing, continuous 	slight at time of observation"
2026-07-29,14:00:00,Pahang,Kuala Lipis,4.184,102.042,30.7,63,0.0,3.7,3,Clouds generally forming or developing
2026-07-29,14:00:00,Johor,Batu Pahat,1.85,102.93,31.5,60,0.0,10.4,51,"Drizzle, not freezing, continuous 	slight at time of observation"
2026-07-29,14:00:00,Kedah,Alor Setar,6.1167,100.3667,27.4,75,0.3,12.2,51,"Drizzle, not freezing, continuous 	slight at time of observation"
2026-07-29,14:00:00,Sarawak,Kuching,1.5397,110.3542,29.2,74,0.0,8.2,51,"Drizzle, not freezing, continuous 	slight at time of observation"
2026-07-29,14:00:00,Sarawak,Bintulu,3.17,113.03,31.8,57,0.2,3.4,51,"Drizzle, not freezing, continuous 	slight at time of observation"
2026-07-29,14:00:00,Labuan,Labuan,5.2803,115.2475,32.2,53,0.0,6.8,1,Clouds generally dissolving or becoming less developed
2026-07-29,14:00:00,Pahang,Raub,3.7931,101.8569,31.3,53,0.0,1.4,3,Clouds generally forming or developing
2026-07-29,14:00:00,Johor,Muar,2.05,102.56,31.6,59,0.0,10.2,3,Clouds generally forming or developing
2026-07-29,14:00:00,Selangor,Klang,3.0333,101.45,31.0,60,0.3,7.7,51,"Drizzle, not freezing, continuous 	slight at time of observation"
2026-07-29,14:00:00,Selangor,Shah Alam,3.0833,101.5333,30.4,67,0.2,7.8,51,"Drizzle, not freezing, continuous 	slight at time of observation"
2026-07-29,14:00:00,Sarawak,Miri,4.4028,113.9933,32.9,52,0.2,4.2,53,"Drizzle, not freezing, continuous 	moderate at time of observation"
2026-07-29,14:00:00,Pulau Pinang,Bukit Mertajam,5.3631,100.4667,26.1,91,2.0,9.0,80,"Rain shower(s), slight"
2026-07-29,14:00:00,Perak,Teluk Intan,4.0259,101.0213,25.4,95,1.7,10.2,80,"Rain shower(s), slight"
2026-07-29,14:00:00,Pulau Pinang,George Town,5.4145,100.3292,26.0,97,2.2,7.7,80,"Rain shower(s), slight"
2026-07-29,14:00:00,Selangor,Petaling Jaya,3.1073,101.6067,30.5,66,0.2,7.2,51,"Drizzle, not freezing, continuous 	slight at time of observation"
2026-07-29,14:00:00,Pulau Pinang,Butterworth,5.3992,100.3639,26.1,91,2.0,9.0,80,"Rain shower(s), slight"
2026-07-29,14:00:00,Pahang,Kuantan,3.8167,103.3333,30.5,65,0.0,6.3,51,"Drizzle, not freezing, continuous 	slight at time of observation"
2026-07-29,14:00:00,Johor,Kluang,2.0336,103.3194,31.3,66,0.0,8.3,2,State of sky on the whole unchanged
2026-07-29,14:00:00,Perak,Taiping,4.85,100.7333,24.6,97,1.2,8.8,55,"Drizzle, not freezing, continuous heavy (dense) at time of observation"
2026-07-29,14:00:00,Kelantan,Kota Bharu,6.1333,102.25,29.7,66,0.1,12.7,51,"Drizzle, not freezing, continuous 	slight at time of observation"
2026-07-29,14:00:00,Sabah,Tawau,4.2448,117.8911,30.6,63,0.0,9.8,51,"Drizzle, not freezing, continuous 	slight at time of observation"
2026-07-29,14:00:00,Terengganu,Kuala Terengganu,5.3303,103.1408,28.5,82,0.6,3.3,53,"Drizzle, not freezing, continuous 	moderate at time of observation"
2026-07-29,14:00:00,Melaka,Melaka,2.1889,102.2511,31.5,58,0.1,11.3,51,"Drizzle, not freezing, continuous 	slight at time of observation"
2026-07-29,14:00:00,Negeri Sembilan,Seremban,2.7297,101.9381,30.9,66,0.0,9.4,51,"Drizzle, not freezing, continuous 	slight at time of observation"
2026-07-29,14:00:00,Sabah,Sandakan,5.8388,118.1173,30.8,63,0.1,8.7,51,"Drizzle, not freezing, continuous 	slight at time of observation"
2026-07-29,13:00:00,Melaka,Melaka,2.1889,102.2511,31.0,62,0.1,12.2,51,"Drizzle, not freezing, continuous 	slight at time of observation"
2026-07-29,13:00:00,Pulau Pinang,Bukit Mertajam,5.3631,100.4667,24.3,95,2.2,6.4,81,"Rain shower(s), moderate or heavy"
2026-07-29,13:00:00,Terengganu,Cukai,4.2332,103.4479,30.6,65,0.0,11.5,3,Clouds generally forming or developing
2026-07-29,13:00:00,Perak,Ipoh,4.6,101.07,26.3,87,0.4,3.9,95,"Thunderstorm, slight or moderate, without hail** but with rain and/or snow at time of observation - Thunderstorm at time of observation"
2026-07-29,13:00:00,Sabah,Tawau,4.2448,117.8911,29.9,70,0.1,9.0,51,"Drizzle, not freezing, continuous 	slight at time of observation"
2026-07-29,13:00:00,Selangor,Petaling Jaya,3.1073,101.6067,28.7,75,0.0,11.3,51,"Drizzle, not freezing, continuous 	slight at time of observation"
2026-07-29,13:00:00,Johor,Muar,2.05,102.56,30.9,63,0.0,12.6,3,Clouds generally forming or developing
2026-07-29,13:00:00,Sarawak,Bintulu,3.17,113.03,31.2,61,0.1,1.2,51,"Drizzle, not freezing, continuous 	slight at time of observation"
2026-07-29,13:00:00,Sarawak,Sibu,2.3,111.8167,30.5,72,0.0,4.1,51,"Drizzle, not freezing, continuous 	slight at time of observation"
2026-07-29,13:00:00,Selangor,Klang,3.0333,101.45,30.1,70,0.0,11.4,51,"Drizzle, not freezing, continuous 	slight at time of observation"
2026-07-29,13:00:00,Perak,Teluk Intan,4.0259,101.0213,24.5,99,0.8,10.5,95,"Thunderstorm, slight or moderate, without hail** but with rain and/or snow at time of observation - Thunderstorm at time of observation"
2026-07-29,13:00:00,Johor,Batu Pahat,1.85,102.93,30.7,66,0.0,13.2,51,"Drizzle, not freezing, continuous 	slight at time of observation"
2026-07-29,13:00:00,Johor,Kluang,2.0336,103.3194,31.4,67,0.0,9.2,51,"Drizzle, not freezing, continuous 	slight at time of observation"
2026-07-29,13:00:00,Selangor,Shah Alam,3.0833,101.5333,28.8,74,0.0,11.5,51,"Drizzle, not freezing, continuous 	slight at time of observation"
2026-07-29,13:00:00,Sabah,Sandakan,5.8388,118.1173,31.2,64,0.0,4.6,0,Cloud development not observed or not observable
2026-07-29,13:00:00,Sarawak,Miri,4.4028,113.9933,31.4,61,0.2,7.8,51,"Drizzle, not freezing, continuous 	slight at time of observation"
2026-07-29,13:00:00,Johor,Johor Bahru,1.4556,103.7611,31.0,64,0.0,10.3,51,"Drizzle, not freezing, continuous 	slight at time of observation"
2026-07-29,13:00:00,Kelantan,Kota Bharu,6.1333,102.25,31.0,62,0.0,9.4,3,Clouds generally forming or developing
2026-07-29,13:00:00,Sarawak,Kuching,1.5397,110.3542,31.0,69,0.0,6.1,51,"Drizzle, not freezing, continuous 	slight at time of observation"
2026-07-29,13:00:00,Kedah,Alor Setar,6.1167,100.3667,25.1,94,2.2,1.1,80,"Rain shower(s), slight"
2026-07-29,13:00:00,Kedah,Sungai Petani,5.65,100.48,24.7,96,0.7,6.2,53,"Drizzle, not freezing, continuous 	moderate at time of observation"
2026-07-29,13:00:00,Pahang,Raub,3.7931,101.8569,31.4,56,0.0,5.6,3,Clouds generally forming or developing
2026-07-29,13:00:00,Labuan,Labuan,5.2803,115.2475,31.1,61,0.0,11.3,2,State of sky on the whole unchanged
2026-07-29,13:00:00,Perlis,Kangar,6.4333,100.2,25.3,94,0.9,7.4,55,"Drizzle, not freezing, continuous heavy (dense) at time of observation"
2026-07-29,13:00:00,Putrajaya,Putrajaya,2.93,101.69,28.5,80,0.5,4.8,80,"Rain shower(s), slight"
2026-07-29,13:00:00,Pahang,Kuala Lipis,4.184,102.042,30.8,63,0.0,2.4,3,Clouds generally forming or developing
2026-07-29,13:00:00,Pulau Pinang,Butterworth,5.3992,100.3639,24.4,95,2.2,6.4,81,"Rain shower(s), moderate or heavy"
2026-07-29,13:00:00,Kuala Lumpur,Kuala Lumpur,3.1478,101.6953,29.2,71,0.0,10.9,51,"Drizzle, not freezing, continuous 	slight at time of observation"
2026-07-29,13:00:00,Perak,Taiping,4.85,100.7333,24.5,100,1.9,6.8,81,"Rain shower(s), moderate or heavy"
2026-07-29,13:00:00,Terengganu,Kuala Terengganu,5.3303,103.1408,26.8,92,0.5,4.6,53,"Drizzle, not freezing, continuous 	moderate at time of observation"
2026-07-29,13:00:00,Pahang,Kuantan,3.8167,103.3333,30.8,68,0.0,6.5,3,Clouds generally forming or developing
2026-07-29,13:00:00,Negeri Sembilan,Seremban,2.7297,101.9381,30.4,69,0.0,10.3,3,Clouds generally forming or developing
2026-07-29,13:00:00,Pulau Pinang,George Town,5.4145,100.3292,25.0,99,2.1,4.5,80,"Rain shower(s), slight"
2026-07-29,12:00:00,Terengganu,Kuala Terengganu,5.3303,103.1408,26.8,91,0.7,5.1,53,"Drizzle, not freezing, continuous 	moderate at time of observation"
2026-07-29,12:00:00,Sabah,Sandakan,5.8388,118.1173,30.9,65,0.1,5.2,51,"Drizzle, not freezing, continuous 	slight at time of observation"
2026-07-29,12:00:00,Kuala Lumpur,Kuala Lumpur,3.1478,101.6953,30.8,67,0.0,6.2,3,Clouds generally forming or developing
2026-07-29,12:00:00,Kelantan,Kota Bharu,6.1333,102.25,30.1,70,0.0,9.7,3,Clouds generally forming or developing
2026-07-29,12:00:00,Sarawak,Sibu,2.3,111.8167,29.4,77,0.0,4.1,51,"Drizzle, not freezing, continuous 	slight at time of observation"
2026-07-29,12:00:00,Melaka,Melaka,2.1889,102.2511,30.3,70,0.1,7.5,51,"Drizzle, not freezing, continuous 	slight at time of observation"
2026-07-29,12:00:00,Selangor,Petaling Jaya,3.1073,101.6067,30.4,69,0.0,7.6,3,Clouds generally forming or developing
2026-07-29,12:00:00,Negeri Sembilan,Seremban,2.7297,101.9381,30.5,69,0.0,10.0,3,Clouds generally forming or developing
2026-07-29,12:00:00,Perak,Teluk Intan,4.0259,101.0213,29.8,71,0.0,4.7,3,Clouds generally forming or developing
2026-07-29,12:00:00,Terengganu,Cukai,4.2332,103.4479,30.9,65,0.0,10.1,3,Clouds generally forming or developing
2026-07-29,12:00:00,Kedah,Sungai Petani,5.65,100.48,23.8,99,4.8,5.5,82,"Rain shower(s), violent"
2026-07-29,12:00:00,Sarawak,Kuching,1.5397,110.3542,30.2,72,0.0,7.9,51,"Drizzle, not freezing, continuous 	slight at time of observation"
2026-07-29,12:00:00,Sarawak,Miri,4.4028,113.9933,31.4,60,0.2,2.0,51,"Drizzle, not freezing, continuous 	slight at time of observation"
2026-07-29,12:00:00,Sarawak,Bintulu,3.17,113.03,30.5,66,0.1,6.5,51,"Drizzle, not freezing, continuous 	slight at time of observation"
2026-07-29,12:00:00,Johor,Batu Pahat,1.85,102.93,30.8,67,0.0,9.9,3,Clouds generally forming or developing
2026-07-29,12:00:00,Selangor,Klang,3.0333,101.45,30.8,69,0.0,10.0,3,Clouds generally forming or developing
2026-07-29,12:00:00,Putrajaya,Putrajaya,2.93,101.69,29.6,74,0.0,10.5,51,"Drizzle, not freezing, continuous 	slight at time of observation"
2026-07-29,12:00:00,Kedah,Alor Setar,6.1167,100.3667,25.2,95,3.3,9.4,81,"Rain shower(s), moderate or heavy"
2026-07-29,12:00:00,Pahang,Kuala Lipis,4.184,102.042,29.6,71,0.0,0.7,3,Clouds generally forming or developing
2026-07-29,12:00:00,Sabah,Tawau,4.2448,117.8911,29.8,69,0.1,8.9,51,"Drizzle, not freezing, continuous 	slight at time of observation"
2026-07-29,12:00:00,Perak,Ipoh,4.6,101.07,28.4,75,0.1,2.3,51,"Drizzle, not freezing, continuous 	slight at time of observation"
2026-07-29,12:00:00,Pulau Pinang,Bukit Mertajam,5.3631,100.4667,24.2,95,3.8,7.4,81,"Rain shower(s), moderate or heavy"
2026-07-29,12:00:00,Pahang,Raub,3.7931,101.8569,30.1,60,0.0,6.7,3,Clouds generally forming or developing
2026-07-29,12:00:00,Perak,Taiping,4.85,100.7333,24.8,97,1.2,6.3,80,"Rain shower(s), slight"
2026-07-29,12:00:00,Johor,Johor Bahru,1.4556,103.7611,31.1,65,0.0,10.0,3,Clouds generally forming or developing
2026-07-29,12:00:00,Pulau Pinang,George Town,5.4145,100.3292,24.7,99,1.8,5.2,81,"Rain shower(s), moderate or heavy"
2026-07-29,12:00:00,Perlis,Kangar,6.4333,100.2,24.5,95,2.2,13.4,81,"Rain shower(s), moderate or heavy"
2026-07-29,12:00:00,Pulau Pinang,Butterworth,5.3992,100.3639,24.2,95,3.8,7.4,81,"Rain shower(s), moderate or heavy"
2026-07-29,12:00:00,Selangor,Shah Alam,3.0833,101.5333,30.5,70,0.0,9.8,3,Clouds generally forming or developing
2026-07-29,12:00:00,Johor,Muar,2.05,102.56,30.9,63,0.0,12.7,51,"Drizzle, not freezing, continuous 	slight at time of observation"
2026-07-29,12:00:00,Pahang,Kuantan,3.8167,103.3333,30.8,69,0.0,6.7,3,Clouds generally forming or developing
2026-07-29,12:00:00,Johor,Kluang,2.0336,103.3194,30.7,71,0.1,8.5,51,"Drizzle, not freezing, continuous 	slight at time of observation"
2026-07-29,12:00:00,Labuan,Labuan,5.2803,115.2475,31.5,59,0.0,6.8,1,Clouds generally dissolving or becoming less developed
2026-07-29,11:00:00,Pahang,Kuala Lipis,4.184,102.042,28.5,79,0.0,1.4,3,Clouds generally forming or developing
2026-07-29,11:00:00,Pahang,Kuantan,3.8167,103.3333,29.8,73,0.0,6.3,3,Clouds generally forming or developing
2026-07-29,11:00:00,Sarawak,Miri,4.4028,113.9933,31.1,61,0.0,4.0,1,Clouds generally dissolving or becoming less developed
2026-07-29,11:00:00,Kuala Lumpur,Kuala Lumpur,3.1478,101.6953,30.1,70,0.0,5.9,3,Clouds generally forming or developing
2026-07-29,11:00:00,Kedah,Alor Setar,6.1167,100.3667,25.6,93,6.8,8.0,95,"Thunderstorm, slight or moderate, without hail** but with rain and/or snow at time of observation - Thunderstorm at time of observation"
2026-07-29,11:00:00,Terengganu,Cukai,4.2332,103.4479,30.2,68,0.0,10.1,3,Clouds generally forming or developing
2026-07-29,11:00:00,Johor,Johor Bahru,1.4556,103.7611,30.3,71,0.0,9.4,3,Clouds generally forming or developing
2026-07-29,11:00:00,Melaka,Melaka,2.1889,102.2511,29.5,75,0.0,7.3,51,"Drizzle, not freezing, continuous 	slight at time of observation"
2026-07-29,11:00:00,Johor,Batu Pahat,1.85,102.93,30.0,71,0.0,9.5,3,Clouds generally forming or developing
2026-07-29,11:00:00,Selangor,Klang,3.0333,101.45,30.2,72,0.0,10.8,3,Clouds generally forming or developing
2026-07-29,11:00:00,Perak,Teluk Intan,4.0259,101.0213,29.1,74,0.0,6.7,3,Clouds generally forming or developing
2026-07-29,11:00:00,Sarawak,Bintulu,3.17,113.03,29.9,70,0.0,6.5,3,Clouds generally forming or developing
2026-07-29,11:00:00,Pulau Pinang,Butterworth,5.3992,100.3639,24.5,94,5.7,5.0,82,"Rain shower(s), violent"
2026-07-29,11:00:00,Johor,Kluang,2.0336,103.3194,29.8,75,0.0,9.1,3,Clouds generally forming or developing
2026-07-29,11:00:00,Perak,Ipoh,4.6,101.07,29.0,72,0.1,4.4,51,"Drizzle, not freezing, continuous 	slight at time of observation"
2026-07-29,11:00:00,Pahang,Raub,3.7931,101.8569,29.3,65,0.0,5.7,3,Clouds generally forming or developing
2026-07-29,11:00:00,Sabah,Tawau,4.2448,117.8911,29.0,72,0.2,3.5,51,"Drizzle, not freezing, continuous 	slight at time of observation"
2026-07-29,11:00:00,Putrajaya,Putrajaya,2.93,101.69,29.4,75,0.0,9.7,3,Clouds generally forming or developing
2026-07-29,11:00:00,Pulau Pinang,George Town,5.4145,100.3292,24.7,98,2.2,2.3,81,"Rain shower(s), moderate or heavy"
2026-07-29,11:00:00,Perlis,Kangar,6.4333,100.2,24.7,91,1.8,7.4,81,"Rain shower(s), moderate or heavy"
2026-07-29,11:00:00,Selangor,Shah Alam,3.0833,101.5333,29.8,73,0.0,10.1,3,Clouds generally forming or developing
2026-07-29,11:00:00,Johor,Muar,2.05,102.56,30.1,71,0.1,8.0,51,"Drizzle, not freezing, continuous 	slight at time of observation"
2026-07-29,11:00:00,Labuan,Labuan,5.2803,115.2475,31.1,60,0.0,5.8,1,Clouds generally dissolving or becoming less developed
2026-07-29,11:00:00,Sarawak,Sibu,2.3,111.8167,28.8,80,0.0,5.3,3,Clouds generally forming or developing
2026-07-29,11:00:00,Perak,Taiping,4.85,100.7333,25.2,96,0.3,5.9,51,"Drizzle, not freezing, continuous 	slight at time of observation"
2026-07-29,11:00:00,Selangor,Petaling Jaya,3.1073,101.6067,29.7,72,0.0,7.5,3,Clouds generally forming or developing
2026-07-29,11:00:00,Negeri Sembilan,Seremban,2.7297,101.9381,29.5,72,0.0,10.4,3,Clouds generally forming or developing
2026-07-29,11:00:00,Kelantan,Kota Bharu,6.1333,102.25,27.5,83,0.0,9.0,3,Clouds generally forming or developing
2026-07-29,11:00:00,Pulau Pinang,Bukit Mertajam,5.3631,100.4667,24.4,94,5.7,5.0,82,"Rain shower(s), violent"
2026-07-29,11:00:00,Terengganu,Kuala Terengganu,5.3303,103.1408,26.4,93,0.6,3.8,53,"Drizzle, not freezing, continuous 	moderate at time of observation"
2026-07-29,11:00:00,Sarawak,Kuching,1.5397,110.3542,28.5,77,0.0,5.3,51,"Drizzle, not freezing, continuous 	slight at time of observation"
2026-07-29,11:00:00,Sabah,Sandakan,5.8388,118.1173,30.3,68,0.0,6.3,1,Clouds generally dissolving or becoming less developed
2026-07-29,11:00:00,Kedah,Sungai Petani,5.65,100.48,23.4,99,3.3,4.5,95,"Thunderstorm, slight or moderate, without hail** but with rain and/or snow at time of observation - Thunderstorm at time of observation"
2026-07-29,10:00:00,Pahang,Kuala Lipis,4.184,102.042,27.0,87,0.0,2.0,3,Clouds generally forming or developing
2026-07-29,10:00:00,Sarawak,Bintulu,3.17,113.03,28.1,86,0.0,6.0,2,State of sky on the whole unchanged
2026-07-29,10:00:00,Perak,Teluk Intan,4.0259,101.0213,28.3,79,0.0,6.5,3,Clouds generally forming or developing
2026-07-29,10:00:00,Kuala Lumpur,Kuala Lumpur,3.1478,101.6953,28.7,76,0.0,3.0,3,Clouds generally forming or developing
2026-07-29,10:00:00,Putrajaya,Putrajaya,2.93,101.69,28.3,79,0.0,9.2,3,Clouds generally forming or developing
2026-07-29,10:00:00,Pahang,Raub,3.7931,101.8569,27.6,75,0.0,4.0,3,Clouds generally forming or developing
2026-07-29,10:00:00,Terengganu,Cukai,4.2332,103.4479,28.9,76,0.0,7.3,3,Clouds generally forming or developing
2026-07-29,10:00:00,Selangor,Klang,3.0333,101.45,28.6,78,0.0,10.1,3,Clouds generally forming or developing
2026-07-29,10:00:00,Kedah,Alor Setar,6.1167,100.3667,25.4,93,5.7,4.0,95,"Thunderstorm, slight or moderate, without hail** but with rain and/or snow at time of observation - Thunderstorm at time of observation"
2026-07-29,10:00:00,Kedah,Sungai Petani,5.65,100.48,23.0,99,1.8,3.5,81,"Rain shower(s), moderate or heavy"
2026-07-29,10:00:00,Pulau Pinang,Bukit Mertajam,5.3631,100.4667,23.9,97,4.1,5.2,81,"Rain shower(s), moderate or heavy"
2026-07-29,10:00:00,Selangor,Shah Alam,3.0833,101.5333,28.4,79,0.0,8.8,3,Clouds generally forming or developing
2026-07-29,10:00:00,Pulau Pinang,Butterworth,5.3992,100.3639,23.9,97,4.1,5.2,81,"Rain shower(s), moderate or heavy"
2026-07-29,10:00:00,Kelantan,Kota Bharu,6.1333,102.25,25.9,89,0.0,9.4,3,Clouds generally forming or developing
2026-07-29,10:00:00,Sabah,Sandakan,5.8388,118.1173,29.6,72,0.0,8.2,1,Clouds generally dissolving or becoming less developed
2026-07-29,10:00:00,Johor,Batu Pahat,1.85,102.93,29.3,76,0.0,8.9,3,Clouds generally forming or developing
2026-07-29,10:00:00,Negeri Sembilan,Seremban,2.7297,101.9381,28.4,78,0.0,8.4,3,Clouds generally forming or developing
2026-07-29,10:00:00,Pahang,Kuantan,3.8167,103.3333,28.8,80,0.0,4.7,3,Clouds generally forming or developing
2026-07-29,10:00:00,Pulau Pinang,George Town,5.4145,100.3292,24.3,98,2.2,2.8,95,"Thunderstorm, slight or moderate, without hail** but with rain and/or snow at time of observation - Thunderstorm at time of observation"
2026-07-29,10:00:00,Sabah,Tawau,4.2448,117.8911,27.2,83,0.8,2.4,53,"Drizzle, not freezing, continuous 	moderate at time of observation"
2026-07-29,10:00:00,Sarawak,Kuching,1.5397,110.3542,27.3,83,0.0,5.0,3,Clouds generally forming or developing
2026-07-29,10:00:00,Selangor,Petaling Jaya,3.1073,101.6067,28.2,78,0.0,5.2,3,Clouds generally forming or developing
2026-07-29,10:00:00,Labuan,Labuan,5.2803,115.2475,30.2,64,0.0,9.0,1,Clouds generally dissolving or becoming less developed
2026-07-29,10:00:00,Sarawak,Sibu,2.3,111.8167,28.1,82,0.0,3.7,3,Clouds generally forming or developing
2026-07-29,10:00:00,Johor,Johor Bahru,1.4556,103.7611,28.9,79,0.0,7.4,3,Clouds generally forming or developing
2026-07-29,10:00:00,Perak,Taiping,4.85,100.7333,25.2,96,0.2,5.6,51,"Drizzle, not freezing, continuous 	slight at time of observation"
2026-07-29,10:00:00,Terengganu,Kuala Terengganu,5.3303,103.1408,25.8,96,0.3,4.4,51,"Drizzle, not freezing, continuous 	slight at time of observation"
2026-07-29,10:00:00,Perlis,Kangar,6.4333,100.2,24.9,98,4.2,3.5,95,"Thunderstorm, slight or moderate, without hail** but with rain and/or snow at time of observation - Thunderstorm at time of observation"
2026-07-29,10:00:00,Johor,Muar,2.05,102.56,29.1,79,0.0,6.4,3,Clouds generally forming or developing
2026-07-29,10:00:00,Perak,Ipoh,4.6,101.07,27.4,83,0.0,6.4,3,Clouds generally forming or developing
2026-07-29,10:00:00,Sarawak,Miri,4.4028,113.9933,30.0,68,0.0,6.1,2,State of sky on the whole unchanged
2026-07-29,10:00:00,Johor,Kluang,2.0336,103.3194,28.6,80,0.0,10.1,3,Clouds generally forming or developing
2026-07-29,10:00:00,Melaka,Melaka,2.1889,102.2511,28.9,79,0.0,6.8,3,Clouds generally forming or developing
2026-07-29,09:00:00,Kedah,Alor Setar,6.1167,100.3667,25.7,89,1.0,2.2,81,"Rain shower(s), moderate or heavy"
2026-07-29,09:00:00,Perlis,Kangar,6.4333,100.2,24.5,98,2.6,4.3,95,"Thunderstorm, slight or moderate, without hail** but with rain and/or snow at time of observation - Thunderstorm at time of observation"
2026-07-29,09:00:00,Pulau Pinang,Bukit Mertajam,5.3631,100.4667,23.5,96,1.3,8.5,81,"Rain shower(s), moderate or heavy"
2026-07-29,09:00:00,Pahang,Kuala Lipis,4.184,102.042,25.8,93,0.0,1.2,3,Clouds generally forming or developing
2026-07-29,09:00:00,Perak,Taiping,4.85,100.7333,24.2,98,0.2,9.1,81,"Rain shower(s), moderate or heavy"
2026-07-29,09:00:00,Kedah,Sungai Petani,5.65,100.48,23.0,98,1.7,2.7,81,"Rain shower(s), moderate or heavy"
2026-07-29,09:00:00,Pulau Pinang,George Town,5.4145,100.3292,24.0,98,1.2,2.8,81,"Rain shower(s), moderate or heavy"
2026-07-29,09:00:00,Pulau Pinang,Butterworth,5.3992,100.3639,23.6,96,1.3,8.5,81,"Rain shower(s), moderate or heavy"
2026-07-29,09:00:00,Sarawak,Miri,4.4028,113.9933,28.3,81,0.0,7.0,1,Clouds generally dissolving or becoming less developed
2026-07-29,09:00:00,Sabah,Tawau,4.2448,117.8911,26.9,85,0.1,7.6,53,"Drizzle, not freezing, continuous 	moderate at time of observation"
2026-07-29,09:00:00,Labuan,Labuan,5.2803,115.2475,29.0,71,0.0,10.7,1,Clouds generally dissolving or becoming less developed
2026-07-29,09:00:00,Terengganu,Cukai,4.2332,103.4479,27.6,84,0.0,7.3,3,Clouds generally forming or developing
2026-07-29,09:00:00,Terengganu,Kuala Terengganu,5.3303,103.1408,25.3,98,0.1,2.0,51,"Drizzle, not freezing, continuous 	slight at time of observation"
2026-07-29,09:00:00,Pahang,Raub,3.7931,101.8569,25.9,83,0.0,3.3,3,Clouds generally forming or developing
2026-07-29,09:00:00,Sabah,Sandakan,5.8388,118.1173,28.2,83,0.0,7.1,0,Cloud development not observed or not observable
2026-07-29,09:00:00,Johor,Batu Pahat,1.85,102.93,27.5,85,0.0,5.5,3,Clouds generally forming or developing
2026-07-29,09:00:00,Perak,Ipoh,4.6,101.07,26.7,86,0.0,3.4,3,Clouds generally forming or developing
2026-07-29,09:00:00,Selangor,Klang,3.0333,101.45,27.3,82,0.0,8.0,3,Clouds generally forming or developing
2026-07-29,09:00:00,Sarawak,Kuching,1.5397,110.3542,25.9,91,0.0,5.6,3,Clouds generally forming or developing
2026-07-29,09:00:00,Sarawak,Sibu,2.3,111.8167,26.6,89,0.0,3.4,3,Clouds generally forming or developing
2026-07-29,09:00:00,Pahang,Kuantan,3.8167,103.3333,27.4,88,0.0,4.7,3,Clouds generally forming or developing
2026-07-29,09:00:00,Putrajaya,Putrajaya,2.93,101.69,27.0,84,0.0,7.6,3,Clouds generally forming or developing
2026-07-29,09:00:00,Perak,Teluk Intan,4.0259,101.0213,27.1,86,0.0,5.1,3,Clouds generally forming or developing
2026-07-29,09:00:00,Kuala Lumpur,Kuala Lumpur,3.1478,101.6953,26.7,85,0.0,0.4,3,Clouds generally forming or developing
2026-07-29,09:00:00,Johor,Muar,2.05,102.56,27.5,85,0.0,5.3,3,Clouds generally forming or developing
2026-07-29,09:00:00,Negeri Sembilan,Seremban,2.7297,101.9381,27.3,81,0.0,7.4,3,Clouds generally forming or developing
2026-07-29,09:00:00,Selangor,Petaling Jaya,3.1073,101.6067,26.4,86,0.0,3.4,3,Clouds generally forming or developing
2026-07-29,09:00:00,Kelantan,Kota Bharu,6.1333,102.25,24.8,94,0.0,7.8,3,Clouds generally forming or developing
2026-07-29,09:00:00,Selangor,Shah Alam,3.0833,101.5333,27.1,83,0.0,7.4,3,Clouds generally forming or developing
2026-07-29,09:00:00,Johor,Kluang,2.0336,103.3194,27.2,88,0.0,6.4,3,Clouds generally forming or developing
2026-07-29,09:00:00,Johor,Johor Bahru,1.4556,103.7611,27.4,88,0.0,5.0,3,Clouds generally forming or developing
2026-07-29,09:00:00,Melaka,Melaka,2.1889,102.2511,27.4,85,0.0,6.1,3,Clouds generally forming or developing
2026-07-29,09:00:00,Sarawak,Bintulu,3.17,113.03,26.3,94,0.0,6.3,3,Clouds generally forming or developing
2026-07-29,08:00:00,Selangor,Petaling Jaya,3.1073,101.6067,25.3,89,0.0,5.0,3,Clouds generally forming or developing
2026-07-29,08:00:00,Johor,Batu Pahat,1.85,102.93,25.3,92,0.0,6.5,3,Clouds generally forming or developing
2026-07-29,08:00:00,Kelantan,Kota Bharu,6.1333,102.25,24.2,95,0.5,6.8,53,"Drizzle, not freezing, continuous 	moderate at time of observation"
2026-07-29,08:00:00,Sarawak,Bintulu,3.17,113.03,25.3,97,0.0,7.3,3,Clouds generally forming or developing
2026-07-29,08:00:00,Pahang,Raub,3.7931,101.8569,24.5,89,0.1,2.9,51,"Drizzle, not freezing, continuous 	slight at time of observation"
2026-07-29,08:00:00,Sabah,Tawau,4.2448,117.8911,27.0,88,0.1,6.8,51,"Drizzle, not freezing, continuous 	slight at time of observation"
2026-07-29,08:00:00,Johor,Kluang,2.0336,103.3194,25.1,93,0.0,7.9,3,Clouds generally forming or developing
2026-07-29,08:00:00,Pahang,Kuala Lipis,4.184,102.042,25.3,95,0.0,1.9,3,Clouds generally forming or developing
2026-07-29,08:00:00,Sarawak,Kuching,1.5397,110.3542,25.2,94,0.4,7.0,51,"Drizzle, not freezing, continuous 	slight at time of observation"
2026-07-29,08:00:00,Johor,Muar,2.05,102.56,26.0,89,0.0,7.7,3,Clouds generally forming or developing
2026-07-29,08:00:00,Selangor,Klang,3.0333,101.45,26.1,85,0.0,9.4,3,Clouds generally forming or developing
2026-07-29,08:00:00,Perak,Teluk Intan,4.0259,101.0213,25.9,92,0.0,4.0,3,Clouds generally forming or developing
2026-07-29,08:00:00,Terengganu,Kuala Terengganu,5.3303,103.1408,24.7,100,0.0,2.6,3,Clouds generally forming or developing
2026-07-29,08:00:00,Sarawak,Miri,4.4028,113.9933,26.2,90,0.0,7.8,2,State of sky on the whole unchanged
2026-07-29,08:00:00,Perak,Ipoh,4.6,101.07,25.2,93,0.0,4.5,3,Clouds generally forming or developing
2026-07-29,08:00:00,Perak,Taiping,4.85,100.7333,24.8,90,0.1,10.7,51,"Drizzle, not freezing, continuous 	slight at time of observation"
2026-07-29,08:00:00,Kuala Lumpur,Kuala Lumpur,3.1478,101.6953,24.9,92,0.0,3.1,3,Clouds generally forming or developing
2026-07-29,08:00:00,Sarawak,Sibu,2.3,111.8167,25.6,91,0.6,4.5,53,"Drizzle, not freezing, continuous 	moderate at time of observation"
2026-07-29,08:00:00,Perlis,Kangar,6.4333,100.2,24.6,96,0.5,2.7,80,"Rain shower(s), slight"
2026-07-29,08:00:00,Sabah,Sandakan,5.8388,118.1173,27.0,91,0.0,6.1,1,Clouds generally dissolving or becoming less developed
2026-07-29,08:00:00,Pulau Pinang,George Town,5.4145,100.3292,23.7,97,1.8,0.9,95,"Thunderstorm, slight or moderate, without hail** but with rain and/or snow at time of observation - Thunderstorm at time of observation"
2026-07-29,08:00:00,Pulau Pinang,Bukit Mertajam,5.3631,100.4667,24.1,94,1.1,10.3,81,"Rain shower(s), moderate or heavy"
2026-07-29,08:00:00,Melaka,Melaka,2.1889,102.2511,25.9,91,0.0,8.6,3,Clouds generally forming or developing
2026-07-29,08:00:00,Labuan,Labuan,5.2803,115.2475,28.0,75,0.0,11.7,3,Clouds generally forming or developing
2026-07-29,08:00:00,Selangor,Shah Alam,3.0833,101.5333,26.0,85,0.0,8.9,3,Clouds generally forming or developing
2026-07-29,08:00:00,Kedah,Sungai Petani,5.65,100.48,23.0,97,1.4,2.7,81,"Rain shower(s), moderate or heavy"
2026-07-29,08:00:00,Pulau Pinang,Butterworth,5.3992,100.3639,24.1,94,1.1,10.3,81,"Rain shower(s), moderate or heavy"
2026-07-29,08:00:00,Negeri Sembilan,Seremban,2.7297,101.9381,25.8,85,0.0,8.4,3,Clouds generally forming or developing
2026-07-29,08:00:00,Putrajaya,Putrajaya,2.93,101.69,25.7,87,0.0,8.8,3,Clouds generally forming or developing
2026-07-29,08:00:00,Terengganu,Cukai,4.2332,103.4479,26.7,88,0.0,9.4,3,Clouds generally forming or developing
2026-07-29,08:00:00,Johor,Johor Bahru,1.4556,103.7611,25.9,93,0.0,5.9,3,Clouds generally forming or developing
2026-07-29,08:00:00,Kedah,Alor Setar,6.1167,100.3667,24.7,97,0.6,5.6,80,"Rain shower(s), slight"
2026-07-29,08:00:00,Pahang,Kuantan,3.8167,103.3333,25.8,93,0.0,7.6,3,Clouds generally forming or developing
2026-07-29,07:00:00,Negeri Sembilan,Seremban,2.7297,101.9381,25.2,88,0.0,8.2,2,State of sky on the whole unchanged
2026-07-29,07:00:00,Sarawak,Kuching,1.5397,110.3542,23.5,99,0.3,5.9,51,"Drizzle, not freezing, continuous 	slight at time of observation"
2026-07-29,07:00:00,Kelantan,Kota Bharu,6.1333,102.25,24.2,98,0.1,7.3,51,"Drizzle, not freezing, continuous 	slight at time of observation"
2026-07-29,07:00:00,Kedah,Alor Setar,6.1167,100.3667,24.1,97,0.7,8.7,53,"Drizzle, not freezing, continuous 	moderate at time of observation"
2026-07-29,07:00:00,Perlis,Kangar,6.4333,100.2,24.5,95,0.4,7.1,53,"Drizzle, not freezing, continuous 	moderate at time of observation"
2026-07-29,07:00:00,Johor,Batu Pahat,1.85,102.93,24.5,95,0.0,6.2,1,Clouds generally dissolving or becoming less developed
2026-07-29,07:00:00,Johor,Kluang,2.0336,103.3194,24.1,96,0.0,7.1,2,State of sky on the whole unchanged
2026-07-29,07:00:00,Perak,Taiping,4.85,100.7333,25.2,97,0.0,4.2,3,Clouds generally forming or developing
2026-07-29,07:00:00,Pahang,Kuantan,3.8167,103.3333,24.7,93,0.0,7.4,2,State of sky on the whole unchanged
2026-07-29,07:00:00,Johor,Muar,2.05,102.56,25.1,92,0.0,6.4,2,State of sky on the whole unchanged
2026-07-29,07:00:00,Kedah,Sungai Petani,5.65,100.48,23.9,92,0.1,6.5,51,"Drizzle, not freezing, continuous 	slight at time of observation"
2026-07-29,07:00:00,Selangor,Shah Alam,3.0833,101.5333,25.6,89,0.0,8.9,3,Clouds generally forming or developing
2026-07-29,07:00:00,Pulau Pinang,Bukit Mertajam,5.3631,100.4667,25.7,89,0.1,10.6,51,"Drizzle, not freezing, continuous 	slight at time of observation"
2026-07-29,07:00:00,Perak,Ipoh,4.6,101.07,25.0,94,0.0,2.3,3,Clouds generally forming or developing
2026-07-29,07:00:00,Melaka,Melaka,2.1889,102.2511,25.2,93,0.0,8.9,2,State of sky on the whole unchanged
2026-07-29,07:00:00,Pulau Pinang,George Town,5.4145,100.3292,24.0,97,0.6,13.8,81,"Rain shower(s), moderate or heavy"
2026-07-29,07:00:00,Sarawak,Miri,4.4028,113.9933,24.3,95,0.0,7.6,3,Clouds generally forming or developing
2026-07-29,07:00:00,Terengganu,Kuala Terengganu,5.3303,103.1408,24.0,99,0.4,8.6,51,"Drizzle, not freezing, continuous 	slight at time of observation"
2026-07-29,07:00:00,Kuala Lumpur,Kuala Lumpur,3.1478,101.6953,24.0,97,0.0,2.5,3,Clouds generally forming or developing
2026-07-29,07:00:00,Pahang,Raub,3.7931,101.8569,22.9,99,0.7,4.9,80,"Rain shower(s), slight"
2026-07-29,07:00:00,Sarawak,Sibu,2.3,111.8167,23.8,96,0.3,5.2,51,"Drizzle, not freezing, continuous 	slight at time of observation"
2026-07-29,07:00:00,Sabah,Sandakan,5.8388,118.1173,25.1,96,0.0,8.0,3,Clouds generally forming or developing
2026-07-29,07:00:00,Selangor,Petaling Jaya,3.1073,101.6067,24.5,96,0.0,4.1,3,Clouds generally forming or developing
2026-07-29,07:00:00,Johor,Johor Bahru,1.4556,103.7611,25.0,95,0.0,5.5,3,Clouds generally forming or developing
2026-07-29,07:00:00,Labuan,Labuan,5.2803,115.2475,27.4,77,0.0,5.1,2,State of sky on the whole unchanged
2026-07-29,07:00:00,Pulau Pinang,Butterworth,5.3992,100.3639,25.8,89,0.1,10.6,51,"Drizzle, not freezing, continuous 	slight at time of observation"
2026-07-29,07:00:00,Pahang,Kuala Lipis,4.184,102.042,23.6,99,0.0,6.0,3,Clouds generally forming or developing
2026-07-29,07:00:00,Putrajaya,Putrajaya,2.93,101.69,25.3,91,0.0,8.5,3,Clouds generally forming or developing
2026-07-29,07:00:00,Selangor,Klang,3.0333,101.45,25.7,88,0.0,10.2,3,Clouds generally forming or developing
2026-07-29,07:00:00,Perak,Teluk Intan,4.0259,101.0213,25.5,91,0.0,6.9,3,Clouds generally forming or developing
2026-07-29,07:00:00,Terengganu,Cukai,4.2332,103.4479,25.3,94,0.0,10.2,3,Clouds generally forming or developing
2026-07-29,07:00:00,Sarawak,Bintulu,3.17,113.03,24.4,92,0.0,7.3,2,State of sky on the whole unchanged
2026-07-29,07:00:00,Sabah,Tawau,4.2448,117.8911,25.0,93,0.0,7.7,2,State of sky on the whole unchanged
2026-07-29,06:00:00,Johor,Batu Pahat,1.85,102.93,24.7,93,0.0,7.0,3,Clouds generally forming or developing
2026-07-29,06:00:00,Sarawak,Sibu,2.3,111.8167,23.8,97,0.0,6.1,3,Clouds generally forming or developing
2026-07-29,06:00:00,Kedah,Alor Setar,6.1167,100.3667,23.9,97,0.3,5.9,53,"Drizzle, not freezing, continuous 	moderate at time of observation"
2026-07-29,06:00:00,Pulau Pinang,Butterworth,5.3992,100.3639,26.0,87,0.0,7.0,3,Clouds generally forming or developing
2026-07-29,06:00:00,Sabah,Sandakan,5.8388,118.1173,24.6,96,0.0,8.7,3,Clouds generally forming or developing
2026-07-29,06:00:00,Kedah,Sungai Petani,5.65,100.48,23.6,97,0.0,6.9,3,Clouds generally forming or developing
2026-07-29,06:00:00,Pahang,Kuantan,3.8167,103.3333,25.0,93,0.0,8.8,3,Clouds generally forming or developing
2026-07-29,06:00:00,Sarawak,Kuching,1.5397,110.3542,23.6,99,0.2,5.9,51,"Drizzle, not freezing, continuous 	slight at time of observation"
2026-07-29,06:00:00,Pahang,Kuala Lipis,4.184,102.042,23.6,99,0.1,6.0,51,"Drizzle, not freezing, continuous 	slight at time of observation"
2026-07-29,06:00:00,Perak,Ipoh,4.6,101.07,24.8,95,0.0,0.8,3,Clouds generally forming or developing
2026-07-29,06:00:00,Pulau Pinang,Bukit Mertajam,5.3631,100.4667,25.9,87,0.0,7.0,3,Clouds generally forming or developing
2026-07-29,06:00:00,Perak,Teluk Intan,4.0259,101.0213,25.6,93,0.0,6.3,3,Clouds generally forming or developing
2026-07-29,06:00:00,Terengganu,Kuala Terengganu,5.3303,103.1408,24.5,98,1.0,2.5,55,"Drizzle, not freezing, continuous heavy (dense) at time of observation"
2026-07-29,06:00:00,Sabah,Tawau,4.2448,117.8911,24.4,95,0.0,11.4,2,State of sky on the whole unchanged
2026-07-29,06:00:00,Putrajaya,Putrajaya,2.93,101.69,25.5,90,0.0,9.1,2,State of sky on the whole unchanged
2026-07-29,06:00:00,Johor,Johor Bahru,1.4556,103.7611,25.1,94,0.0,5.5,3,Clouds generally forming or developing
2026-07-29,06:00:00,Johor,Muar,2.05,102.56,25.2,91,0.0,6.9,3,Clouds generally forming or developing
2026-07-29,06:00:00,Perlis,Kangar,6.4333,100.2,24.4,95,0.0,7.6,53,"Drizzle, not freezing, continuous 	moderate at time of observation"
2026-07-29,06:00:00,Negeri Sembilan,Seremban,2.7297,101.9381,25.3,89,0.0,7.7,3,Clouds generally forming or developing
2026-07-29,06:00:00,Terengganu,Cukai,4.2332,103.4479,26.1,94,0.0,10.1,3,Clouds generally forming or developing
2026-07-29,06:00:00,Selangor,Petaling Jaya,3.1073,101.6067,24.7,95,0.0,5.1,2,State of sky on the whole unchanged
2026-07-29,06:00:00,Perak,Taiping,4.85,100.7333,25.3,96,0.0,2.6,3,Clouds generally forming or developing
2026-07-29,06:00:00,Sarawak,Miri,4.4028,113.9933,23.9,96,0.0,9.1,3,Clouds generally forming or developing
2026-07-29,06:00:00,Melaka,Melaka,2.1889,102.2511,25.4,92,0.0,10.3,2,State of sky on the whole unchanged
2026-07-29,06:00:00,Kelantan,Kota Bharu,6.1333,102.25,24.6,98,0.1,8.5,51,"Drizzle, not freezing, continuous 	slight at time of observation"
2026-07-29,06:00:00,Pulau Pinang,George Town,5.4145,100.3292,25.6,96,0.0,5.0,3,Clouds generally forming or developing
2026-07-29,06:00:00,Selangor,Shah Alam,3.0833,101.5333,25.9,88,0.0,9.3,2,State of sky on the whole unchanged
2026-07-29,06:00:00,Kuala Lumpur,Kuala Lumpur,3.1478,101.6953,24.1,97,0.0,2.7,2,State of sky on the whole unchanged
2026-07-29,06:00:00,Labuan,Labuan,5.2803,115.2475,26.7,80,0.0,4.7,3,Clouds generally forming or developing
2026-07-29,06:00:00,Sarawak,Bintulu,3.17,113.03,24.2,92,0.0,7.0,2,State of sky on the whole unchanged
2026-07-29,06:00:00,Selangor,Klang,3.0333,101.45,25.9,87,0.0,10.2,2,State of sky on the whole unchanged
2026-07-29,06:00:00,Johor,Kluang,2.0336,103.3194,24.1,97,0.0,7.9,2,State of sky on the whole unchanged
2026-07-29,06:00:00,Pahang,Raub,3.7931,101.8569,23.1,98,0.1,5.5,51,"Drizzle, not freezing, continuous 	slight at time of observation"
2026-07-29,05:00:00,Pulau Pinang,George Town,5.4145,100.3292,25.8,93,0.0,2.3,3,Clouds generally forming or developing
2026-07-29,05:00:00,Kuala Lumpur,Kuala Lumpur,3.1478,101.6953,24.3,96,0.0,1.8,3,Clouds generally forming or developing
2026-07-29,05:00:00,Putrajaya,Putrajaya,2.93,101.69,25.7,90,0.0,9.9,3,Clouds generally forming or developing
2026-07-29,05:00:00,Sabah,Sandakan,5.8388,118.1173,24.9,96,0.0,10.2,2,State of sky on the whole unchanged
2026-07-29,05:00:00,Selangor,Petaling Jaya,3.1073,101.6067,24.9,95,0.0,3.9,3,Clouds generally forming or developing
2026-07-29,05:00:00,Pahang,Raub,3.7931,101.8569,23.7,97,0.1,5.8,51,"Drizzle, not freezing, continuous 	slight at time of observation"
2026-07-29,05:00:00,Kedah,Alor Setar,6.1167,100.3667,24.0,96,0.2,5.0,51,"Drizzle, not freezing, continuous 	slight at time of observation"
2026-07-29,05:00:00,Perak,Taiping,4.85,100.7333,25.6,96,0.0,2.4,3,Clouds generally forming or developing
2026-07-29,05:00:00,Johor,Johor Bahru,1.4556,103.7611,25.1,94,0.0,4.2,2,State of sky on the whole unchanged
2026-07-29,05:00:00,Perlis,Kangar,6.4333,100.2,23.9,96,0.3,8.8,51,"Drizzle, not freezing, continuous 	slight at time of observation"
2026-07-29,05:00:00,Sabah,Tawau,4.2448,117.8911,24.3,94,0.0,12.4,1,Clouds generally dissolving or becoming less developed
2026-07-29,05:00:00,Pulau Pinang,Butterworth,5.3992,100.3639,26.1,88,0.0,7.0,3,Clouds generally forming or developing
2026-07-29,05:00:00,Sarawak,Sibu,2.3,111.8167,23.8,97,0.0,8.0,3,Clouds generally forming or developing
2026-07-29,05:00:00,Pulau Pinang,Bukit Mertajam,5.3631,100.4667,26.1,88,0.0,7.0,3,Clouds generally forming or developing
2026-07-29,05:00:00,Johor,Muar,2.05,102.56,25.3,91,0.0,9.0,3,Clouds generally forming or developing
2026-07-29,05:00:00,Sarawak,Kuching,1.5397,110.3542,23.9,99,0.0,8.9,3,Clouds generally forming or developing
2026-07-29,05:00:00,Pahang,Kuantan,3.8167,103.3333,25.3,92,0.0,7.8,3,Clouds generally forming or developing
2026-07-29,05:00:00,Pahang,Kuala Lipis,4.184,102.042,23.2,98,0.5,6.2,81,"Rain shower(s), moderate or heavy"
2026-07-29,05:00:00,Kelantan,Kota Bharu,6.1333,102.25,25.4,97,0.0,6.2,51,"Drizzle, not freezing, continuous 	slight at time of observation"
2026-07-29,05:00:00,Melaka,Melaka,2.1889,102.2511,25.7,91,0.0,7.1,3,Clouds generally forming or developing
2026-07-29,05:00:00,Labuan,Labuan,5.2803,115.2475,26.8,80,0.0,6.0,3,Clouds generally forming or developing
2026-07-29,05:00:00,Sarawak,Bintulu,3.17,113.03,24.3,91,0.0,7.1,3,Clouds generally forming or developing
2026-07-29,05:00:00,Terengganu,Kuala Terengganu,5.3303,103.1408,24.0,99,0.7,5.8,81,"Rain shower(s), moderate or heavy"
2026-07-29,05:00:00,Selangor,Shah Alam,3.0833,101.5333,26.0,88,0.0,9.7,3,Clouds generally forming or developing
2026-07-29,05:00:00,Perak,Ipoh,4.6,101.07,25.1,94,0.0,1.3,3,Clouds generally forming or developing
2026-07-29,05:00:00,Johor,Kluang,2.0336,103.3194,24.2,96,0.0,6.8,3,Clouds generally forming or developing
2026-07-29,05:00:00,Terengganu,Cukai,4.2332,103.4479,26.8,90,0.0,10.1,3,Clouds generally forming or developing
2026-07-29,05:00:00,Negeri Sembilan,Seremban,2.7297,101.9381,25.3,90,0.0,7.7,3,Clouds generally forming or developing
2026-07-29,05:00:00,Kedah,Sungai Petani,5.65,100.48,24.3,96,0.0,4.2,3,Clouds generally forming or developing
2026-07-29,05:00:00,Sarawak,Miri,4.4028,113.9933,23.9,96,0.0,8.2,3,Clouds generally forming or developing
2026-07-29,05:00:00,Perak,Teluk Intan,4.0259,101.0213,25.9,94,0.0,4.9,3,Clouds generally forming or developing
2026-07-29,05:00:00,Johor,Batu Pahat,1.85,102.93,24.6,94,0.0,7.6,3,Clouds generally forming or developing
2026-07-29,05:00:00,Selangor,Klang,3.0333,101.45,26.1,87,0.0,10.5,3,Clouds generally forming or developing
2026-07-29,04:00:00,Selangor,Petaling Jaya,3.1073,101.6067,25.2,93,0.0,3.1,3,Clouds generally forming or developing
2026-07-29,04:00:00,Sarawak,Miri,4.4028,113.9933,24.1,96,0.0,9.0,3,Clouds generally forming or developing
2026-07-29,04:00:00,Sarawak,Kuching,1.5397,110.3542,24.2,98,0.0,5.3,3,Clouds generally forming or developing
2026-07-29,04:00:00,Terengganu,Kuala Terengganu,5.3303,103.1408,26.4,89,0.0,6.4,3,Clouds generally forming or developing
2026-07-29,04:00:00,Melaka,Melaka,2.1889,102.2511,25.9,91,0.0,9.6,3,Clouds generally forming or developing
2026-07-29,04:00:00,Perlis,Kangar,6.4333,100.2,23.9,96,0.4,8.6,53,"Drizzle, not freezing, continuous 	moderate at time of observation"
2026-07-29,04:00:00,Labuan,Labuan,5.2803,115.2475,26.8,80,0.0,5.8,3,Clouds generally forming or developing
2026-07-29,04:00:00,Putrajaya,Putrajaya,2.93,101.69,25.7,90,0.0,10.4,3,Clouds generally forming or developing
2026-07-29,04:00:00,Kuala Lumpur,Kuala Lumpur,3.1478,101.6953,24.6,96,0.0,1.5,3,Clouds generally forming or developing
2026-07-29,04:00:00,Johor,Johor Bahru,1.4556,103.7611,25.1,94,0.0,5.4,3,Clouds generally forming or developing
2026-07-29,04:00:00,Kelantan,Kota Bharu,6.1333,102.25,26.2,92,0.0,1.5,3,Clouds generally forming or developing
2026-07-29,04:00:00,Selangor,Shah Alam,3.0833,101.5333,26.3,87,0.0,8.6,3,Clouds generally forming or developing
2026-07-29,04:00:00,Selangor,Klang,3.0333,101.45,26.3,86,0.0,9.7,2,State of sky on the whole unchanged
2026-07-29,04:00:00,Pahang,Raub,3.7931,101.8569,23.8,96,0.2,4.9,51,"Drizzle, not freezing, continuous 	slight at time of observation"
2026-07-29,04:00:00,Terengganu,Cukai,4.2332,103.4479,27.0,88,0.0,10.6,3,Clouds generally forming or developing
2026-07-29,04:00:00,Sarawak,Sibu,2.3,111.8167,23.9,97,0.0,7.9,3,Clouds generally forming or developing
2026-07-29,04:00:00,Perak,Taiping,4.85,100.7333,25.7,96,0.0,2.2,3,Clouds generally forming or developing
2026-07-29,04:00:00,Sabah,Tawau,4.2448,117.8911,24.3,94,0.0,13.0,1,Clouds generally dissolving or becoming less developed
2026-07-29,04:00:00,Pahang,Kuantan,3.8167,103.3333,26.0,90,0.0,8.1,3,Clouds generally forming or developing
2026-07-29,04:00:00,Negeri Sembilan,Seremban,2.7297,101.9381,25.7,90,0.0,8.2,3,Clouds generally forming or developing
2026-07-29,04:00:00,Sarawak,Bintulu,3.17,113.03,24.0,92,0.0,7.2,3,Clouds generally forming or developing
2026-07-29,04:00:00,Johor,Muar,2.05,102.56,25.6,91,0.0,8.3,3,Clouds generally forming or developing
2026-07-29,04:00:00,Pahang,Kuala Lipis,4.184,102.042,25.7,91,0.0,0.5,3,Clouds generally forming or developing
2026-07-29,04:00:00,Pulau Pinang,Butterworth,5.3992,100.3639,26.7,86,0.3,5.6,51,"Drizzle, not freezing, continuous 	slight at time of observation"
2026-07-29,04:00:00,Pulau Pinang,Bukit Mertajam,5.3631,100.4667,26.7,86,0.3,5.6,51,"Drizzle, not freezing, continuous 	slight at time of observation"
2026-07-29,04:00:00,Johor,Kluang,2.0336,103.3194,24.4,95,0.0,7.3,3,Clouds generally forming or developing
2026-07-29,04:00:00,Johor,Batu Pahat,1.85,102.93,25.0,93,0.0,6.8,3,Clouds generally forming or developing
2026-07-29,04:00:00,Perak,Ipoh,4.6,101.07,25.3,94,0.0,1.5,3,Clouds generally forming or developing
2026-07-29,04:00:00,Sabah,Sandakan,5.8388,118.1173,25.1,96,0.0,9.6,2,State of sky on the whole unchanged
2026-07-29,04:00:00,Kedah,Alor Setar,6.1167,100.3667,24.1,95,0.0,8.3,3,Clouds generally forming or developing
2026-07-29,04:00:00,Perak,Teluk Intan,4.0259,101.0213,25.9,94,0.0,3.3,3,Clouds generally forming or developing
2026-07-29,04:00:00,Kedah,Sungai Petani,5.65,100.48,24.8,95,0.1,2.4,51,"Drizzle, not freezing, continuous 	slight at time of observation"
2026-07-29,04:00:00,Pulau Pinang,George Town,5.4145,100.3292,25.4,93,0.3,4.0,51,"Drizzle, not freezing, continuous 	slight at time of observation"
2026-07-29,03:00:00,Johor,Kluang,2.0336,103.3194,24.6,94,0.0,7.9,3,Clouds generally forming or developing
2026-07-29,03:00:00,Sabah,Sandakan,5.8388,118.1173,25.3,96,0.2,8.5,51,"Drizzle, not freezing, continuous 	slight at time of observation"
2026-07-29,03:00:00,Negeri Sembilan,Seremban,2.7297,101.9381,25.9,89,0.0,9.8,3,Clouds generally forming or developing
2026-07-29,03:00:00,Pulau Pinang,George Town,5.4145,100.3292,25.8,88,0.2,13.5,53,"Drizzle, not freezing, continuous 	moderate at time of observation"
2026-07-29,03:00:00,Johor,Muar,2.05,102.56,26.3,89,0.0,7.6,3,Clouds generally forming or developing
2026-07-29,03:00:00,Sabah,Tawau,4.2448,117.8911,24.4,92,0.0,11.4,1,Clouds generally dissolving or becoming less developed
2026-07-29,03:00:00,Sarawak,Sibu,2.3,111.8167,23.9,97,0.0,3.1,3,Clouds generally forming or developing
2026-07-29,03:00:00,Sarawak,Miri,4.4028,113.9933,24.3,94,0.0,10.5,3,Clouds generally forming or developing
2026-07-29,03:00:00,Perak,Taiping,4.85,100.7333,25.9,97,0.0,2.3,3,Clouds generally forming or developing
2026-07-29,03:00:00,Kuala Lumpur,Kuala Lumpur,3.1478,101.6953,25.0,94,0.0,2.3,3,Clouds generally forming or developing
2026-07-29,03:00:00,Kedah,Sungai Petani,5.65,100.48,25.5,90,0.5,5.8,53,"Drizzle, not freezing, continuous 	moderate at time of observation"
2026-07-29,03:00:00,Kedah,Alor Setar,6.1167,100.3667,24.1,94,0.2,5.5,51,"Drizzle, not freezing, continuous 	slight at time of observation"
2026-07-29,03:00:00,Pahang,Kuantan,3.8167,103.3333,26.4,88,0.0,8.8,3,Clouds generally forming or developing
2026-07-29,03:00:00,Putrajaya,Putrajaya,2.93,101.69,26.1,88,0.0,9.2,3,Clouds generally forming or developing
2026-07-29,03:00:00,Perlis,Kangar,6.4333,100.2,24.0,96,0.0,7.3,3,Clouds generally forming or developing
2026-07-29,03:00:00,Perak,Teluk Intan,4.0259,101.0213,26.3,93,0.0,4.1,3,Clouds generally forming or developing
2026-07-29,03:00:00,Pulau Pinang,Butterworth,5.3992,100.3639,27.3,86,0.0,8.1,3,Clouds generally forming or developing
2026-07-29,03:00:00,Johor,Batu Pahat,1.85,102.93,25.1,93,0.0,7.1,3,Clouds generally forming or developing
2026-07-29,03:00:00,Johor,Johor Bahru,1.4556,103.7611,25.2,94,0.0,5.1,3,Clouds generally forming or developing
2026-07-29,03:00:00,Pahang,Kuala Lipis,4.184,102.042,25.7,90,0.0,1.7,3,Clouds generally forming or developing
2026-07-29,03:00:00,Selangor,Klang,3.0333,101.45,26.6,88,0.0,8.0,3,Clouds generally forming or developing
2026-07-29,03:00:00,Kelantan,Kota Bharu,6.1333,102.25,26.3,90,0.0,8.9,3,Clouds generally forming or developing
2026-07-29,03:00:00,Selangor,Petaling Jaya,3.1073,101.6067,25.6,92,0.0,3.1,3,Clouds generally forming or developing
2026-07-29,03:00:00,Labuan,Labuan,5.2803,115.2475,27.0,80,0.0,8.2,3,Clouds generally forming or developing
2026-07-29,03:00:00,Sarawak,Kuching,1.5397,110.3542,24.3,97,0.0,3.2,3,Clouds generally forming or developing
2026-07-29,03:00:00,Pulau Pinang,Bukit Mertajam,5.3631,100.4667,27.3,86,0.0,8.1,3,Clouds generally forming or developing
2026-07-29,03:00:00,Melaka,Melaka,2.1889,102.2511,26.4,90,0.0,9.4,3,Clouds generally forming or developing
2026-07-29,03:00:00,Perak,Ipoh,4.6,101.07,25.7,93,0.0,0.7,3,Clouds generally forming or developing
2026-07-29,03:00:00,Pahang,Raub,3.7931,101.8569,24.1,94,0.1,4.8,51,"Drizzle, not freezing, continuous 	slight at time of observation"
2026-07-29,03:00:00,Terengganu,Cukai,4.2332,103.4479,27.1,85,0.0,12.2,3,Clouds generally forming or developing
2026-07-29,03:00:00,Selangor,Shah Alam,3.0833,101.5333,26.7,87,0.0,7.1,3,Clouds generally forming or developing
2026-07-29,03:00:00,Sarawak,Bintulu,3.17,113.03,24.0,92,0.0,7.1,3,Clouds generally forming or developing
2026-07-29,03:00:00,Terengganu,Kuala Terengganu,5.3303,103.1408,26.6,91,0.0,6.3,3,Clouds generally forming or developing
2026-07-29,02:00:00,Sarawak,Kuching,1.5397,110.3542,24.4,96,0.0,4.0,3,Clouds generally forming or developing
2026-07-29,02:00:00,Perlis,Kangar,6.4333,100.2,24.2,95,0.6,6.8,53,"Drizzle, not freezing, continuous 	moderate at time of observation"
2026-07-29,02:00:00,Pahang,Kuantan,3.8167,103.3333,26.7,85,0.0,10.6,3,Clouds generally forming or developing
2026-07-29,02:00:00,Sabah,Tawau,4.2448,117.8911,25.4,86,0.2,11.1,53,"Drizzle, not freezing, continuous 	moderate at time of observation"
2026-07-29,02:00:00,Sarawak,Sibu,2.3,111.8167,23.8,98,0.0,9.2,2,State of sky on the whole unchanged
2026-07-29,02:00:00,Pahang,Kuala Lipis,4.184,102.042,26.2,88,0.0,2.2,3,Clouds generally forming or developing
2026-07-29,02:00:00,Kuala Lumpur,Kuala Lumpur,3.1478,101.6953,25.8,92,0.0,2.4,3,Clouds generally forming or developing
2026-07-29,02:00:00,Perak,Teluk Intan,4.0259,101.0213,26.7,92,0.0,4.9,3,Clouds generally forming or developing
2026-07-29,02:00:00,Kedah,Sungai Petani,5.65,100.48,26.2,87,0.0,6.0,3,Clouds generally forming or developing
2026-07-29,02:00:00,Kedah,Alor Setar,6.1167,100.3667,24.5,88,1.4,1.4,80,"Rain shower(s), slight"
2026-07-29,02:00:00,Johor,Kluang,2.0336,103.3194,24.8,94,0.0,9.2,3,Clouds generally forming or developing
2026-07-29,02:00:00,Negeri Sembilan,Seremban,2.7297,101.9381,26.2,86,0.0,8.6,3,Clouds generally forming or developing
2026-07-29,02:00:00,Selangor,Shah Alam,3.0833,101.5333,27.0,88,0.0,6.4,3,Clouds generally forming or developing
2026-07-29,02:00:00,Perak,Ipoh,4.6,101.07,26.1,91,0.0,0.6,3,Clouds generally forming or developing
2026-07-29,02:00:00,Johor,Batu Pahat,1.85,102.93,25.4,93,0.0,6.4,3,Clouds generally forming or developing
2026-07-29,02:00:00,Melaka,Melaka,2.1889,102.2511,27.1,86,0.0,11.8,3,Clouds generally forming or developing
2026-07-29,02:00:00,Labuan,Labuan,5.2803,115.2475,27.2,80,0.0,12.0,3,Clouds generally forming or developing
2026-07-29,02:00:00,Johor,Johor Bahru,1.4556,103.7611,25.5,93,0.0,5.1,3,Clouds generally forming or developing
2026-07-29,02:00:00,Sabah,Sandakan,5.8388,118.1173,25.3,96,0.1,5.4,51,"Drizzle, not freezing, continuous 	slight at time of observation"
2026-07-29,02:00:00,Pahang,Raub,3.7931,101.8569,24.7,91,0.0,3.4,2,State of sky on the whole unchanged
2026-07-29,02:00:00,Sarawak,Bintulu,3.17,113.03,25.0,89,0.1,8.9,51,"Drizzle, not freezing, continuous 	slight at time of observation"
2026-07-29,02:00:00,Perak,Taiping,4.85,100.7333,26.1,97,0.0,2.7,3,Clouds generally forming or developing
2026-07-29,02:00:00,Putrajaya,Putrajaya,2.93,101.69,26.7,87,0.0,8.3,3,Clouds generally forming or developing
2026-07-29,02:00:00,Kelantan,Kota Bharu,6.1333,102.25,26.0,92,0.7,10.9,53,"Drizzle, not freezing, continuous 	moderate at time of observation"
2026-07-29,02:00:00,Sarawak,Miri,4.4028,113.9933,24.6,94,0.2,7.8,51,"Drizzle, not freezing, continuous 	slight at time of observation"
2026-07-29,02:00:00,Pulau Pinang,Butterworth,5.3992,100.3639,27.9,82,0.0,4.1,3,Clouds generally forming or developing
2026-07-29,02:00:00,Selangor,Klang,3.0333,101.45,26.9,90,0.0,6.8,3,Clouds generally forming or developing
2026-07-29,02:00:00,Terengganu,Kuala Terengganu,5.3303,103.1408,26.8,90,0.0,6.1,3,Clouds generally forming or developing
2026-07-29,02:00:00,Johor,Muar,2.05,102.56,26.8,87,0.0,8.0,3,Clouds generally forming or developing
2026-07-29,02:00:00,Selangor,Petaling Jaya,3.1073,101.6067,26.2,90,0.0,3.2,3,Clouds generally forming or developing
2026-07-29,02:00:00,Terengganu,Cukai,4.2332,103.4479,27.2,82,0.0,15.2,51,"Drizzle, not freezing, continuous 	slight at time of observation"
2026-07-29,02:00:00,Pulau Pinang,George Town,5.4145,100.3292,28.2,87,0.0,1.1,3,Clouds generally forming or developing
2026-07-29,02:00:00,Pulau Pinang,Bukit Mertajam,5.3631,100.4667,27.8,82,0.0,4.1,3,Clouds generally forming or developing
2026-07-29,01:00:00,Terengganu,Cukai,4.2332,103.4479,27.4,83,0.0,13.3,3,Clouds generally forming or developing
2026-07-29,01:00:00,Pahang,Kuala Lipis,4.184,102.042,25.8,88,0.0,4.5,3,Clouds generally forming or developing
2026-07-29,01:00:00,Putrajaya,Putrajaya,2.93,101.69,26.2,92,0.0,4.3,3,Clouds generally forming or developing
2026-07-29,01:00:00,Sabah,Tawau,4.2448,117.8911,25.5,86,0.1,8.5,51,"Drizzle, not freezing, continuous 	slight at time of observation"
2026-07-29,01:00:00,Selangor,Shah Alam,3.0833,101.5333,26.6,89,0.0,4.3,3,Clouds generally forming or developing
2026-07-29,01:00:00,Sarawak,Bintulu,3.17,113.03,25.5,86,0.1,12.9,51,"Drizzle, not freezing, continuous 	slight at time of observation"
2026-07-29,01:00:00,Perak,Teluk Intan,4.0259,101.0213,26.5,93,0.0,3.2,3,Clouds generally forming or developing
2026-07-29,01:00:00,Negeri Sembilan,Seremban,2.7297,101.9381,26.0,87,0.0,5.1,3,Clouds generally forming or developing
2026-07-29,01:00:00,Pulau Pinang,Bukit Mertajam,5.3631,100.4667,28.0,80,0.0,5.0,3,Clouds generally forming or developing
2026-07-29,01:00:00,Selangor,Klang,3.0333,101.45,26.3,92,0.0,5.5,3,Clouds generally forming or developing
2026-07-29,01:00:00,Sabah,Sandakan,5.8388,118.1173,26.5,92,0.3,2.2,51,"Drizzle, not freezing, continuous 	slight at time of observation"
2026-07-29,01:00:00,Johor,Batu Pahat,1.85,102.93,25.4,90,0.0,6.2,3,Clouds generally forming or developing
2026-07-29,01:00:00,Melaka,Melaka,2.1889,102.2511,26.6,86,0.0,11.6,3,Clouds generally forming or developing
2026-07-29,01:00:00,Perak,Taiping,4.85,100.7333,26.2,95,0.0,4.9,3,Clouds generally forming or developing
2026-07-29,01:00:00,Pulau Pinang,George Town,5.4145,100.3292,28.1,84,0.0,0.9,3,Clouds generally forming or developing
2026-07-29,01:00:00,Kedah,Sungai Petani,5.65,100.48,26.7,83,0.0,1.5,3,Clouds generally forming or developing
2026-07-29,01:00:00,Sarawak,Miri,4.4028,113.9933,25.0,91,0.5,3.5,53,"Drizzle, not freezing, continuous 	moderate at time of observation"
2026-07-29,01:00:00,Perak,Ipoh,4.6,101.07,25.9,92,0.0,3.1,3,Clouds generally forming or developing
2026-07-29,01:00:00,Sarawak,Kuching,1.5397,110.3542,24.5,96,0.0,1.8,3,Clouds generally forming or developing
2026-07-29,01:00:00,Perlis,Kangar,6.4333,100.2,24.5,94,0.2,2.5,55,"Drizzle, not freezing, continuous heavy (dense) at time of observation"
2026-07-29,01:00:00,Terengganu,Kuala Terengganu,5.3303,103.1408,26.2,91,0.0,6.2,3,Clouds generally forming or developing
2026-07-29,01:00:00,Selangor,Petaling Jaya,3.1073,101.6067,25.8,89,0.0,2.9,3,Clouds generally forming or developing
2026-07-29,01:00:00,Johor,Muar,2.05,102.56,26.2,86,0.0,9.9,3,Clouds generally forming or developing
2026-07-29,01:00:00,Johor,Kluang,2.0336,103.3194,24.7,94,0.0,6.9,3,Clouds generally forming or developing
2026-07-29,01:00:00,Kelantan,Kota Bharu,6.1333,102.25,24.8,96,0.6,7.7,80,"Rain shower(s), slight"
2026-07-29,01:00:00,Pahang,Kuantan,3.8167,103.3333,26.3,89,0.0,7.7,3,Clouds generally forming or developing
2026-07-29,01:00:00,Kuala Lumpur,Kuala Lumpur,3.1478,101.6953,25.2,93,0.0,2.3,3,Clouds generally forming or developing
2026-07-29,01:00:00,Johor,Johor Bahru,1.4556,103.7611,25.5,91,0.0,4.2,3,Clouds generally forming or developing
2026-07-29,01:00:00,Sarawak,Sibu,2.3,111.8167,23.8,98,0.0,8.1,1,Clouds generally dissolving or becoming less developed
2026-07-29,01:00:00,Kedah,Alor Setar,6.1167,100.3667,24.5,92,0.0,18.8,80,"Rain shower(s), slight"
2026-07-29,01:00:00,Pulau Pinang,Butterworth,5.3992,100.3639,28.0,80,0.0,5.0,3,Clouds generally forming or developing
2026-07-29,01:00:00,Pahang,Raub,3.7931,101.8569,24.2,92,0.0,3.9,3,Clouds generally forming or developing
2026-07-29,01:00:00,Labuan,Labuan,5.2803,115.2475,27.1,81,0.0,11.8,3,Clouds generally forming or developing
2026-07-29,00:00:00,Labuan,Labuan,5.2803,115.2475,27.2,81,0.1,12.8,51,"Drizzle, not freezing, continuous 	slight at time of observation"
2026-07-29,00:00:00,Pahang,Kuala Lipis,4.184,102.042,26.1,85,0.0,5.5,3,Clouds generally forming or developing
2026-07-29,00:00:00,Sarawak,Miri,4.4028,113.9933,25.4,87,0.0,6.8,3,Clouds generally forming or developing
2026-07-29,00:00:00,Selangor,Petaling Jaya,3.1073,101.6067,26.1,88,0.0,3.3,3,Clouds generally forming or developing
2026-07-29,00:00:00,Perak,Ipoh,4.6,101.07,26.5,90,0.0,2.7,3,Clouds generally forming or developing
2026-07-29,00:00:00,Kedah,Alor Setar,6.1167,100.3667,27.9,85,0.0,4.1,3,Clouds generally forming or developing
2026-07-29,00:00:00,Melaka,Melaka,2.1889,102.2511,26.5,87,0.0,15.1,3,Clouds generally forming or developing
2026-07-29,00:00:00,Johor,Johor Bahru,1.4556,103.7611,25.5,92,0.0,5.3,3,Clouds generally forming or developing
2026-07-29,00:00:00,Sarawak,Bintulu,3.17,113.03,28.4,74,0.0,8.6,2,State of sky on the whole unchanged
2026-07-29,00:00:00,Kelantan,Kota Bharu,6.1333,102.25,27.0,90,0.0,7.9,3,Clouds generally forming or developing
2026-07-29,00:00:00,Pahang,Raub,3.7931,101.8569,24.6,92,0.0,4.1,3,Clouds generally forming or developing
2026-07-29,00:00:00,Johor,Batu Pahat,1.85,102.93,25.6,89,0.0,7.9,3,Clouds generally forming or developing
2026-07-29,00:00:00,Pulau Pinang,George Town,5.4145,100.3292,28.2,83,0.0,1.3,3,Clouds generally forming or developing
2026-07-29,00:00:00,Pahang,Kuantan,3.8167,103.3333,26.2,89,0.0,7.6,3,Clouds generally forming or developing
2026-07-29,00:00:00,Sarawak,Kuching,1.5397,110.3542,25.0,93,0.0,1.0,2,State of sky on the whole unchanged
2026-07-29,00:00:00,Terengganu,Kuala Terengganu,5.3303,103.1408,26.6,90,0.0,7.4,3,Clouds generally forming or developing
2026-07-29,00:00:00,Sabah,Tawau,4.2448,117.8911,26.1,86,0.0,5.8,2,State of sky on the whole unchanged
2026-07-29,00:00:00,Kuala Lumpur,Kuala Lumpur,3.1478,101.6953,25.6,91,0.0,2.7,3,Clouds generally forming or developing
2026-07-29,00:00:00,Sarawak,Sibu,2.3,111.8167,24.1,96,0.2,11.4,53,"Drizzle, not freezing, continuous 	moderate at time of observation"
2026-07-29,00:00:00,Johor,Muar,2.05,102.56,26.5,85,0.0,13.4,3,Clouds generally forming or developing
2026-07-29,00:00:00,Pulau Pinang,Butterworth,5.3992,100.3639,28.5,78,0.0,4.4,3,Clouds generally forming or developing
2026-07-29,00:00:00,Sabah,Sandakan,5.8388,118.1173,26.5,92,0.0,4.1,53,"Drizzle, not freezing, continuous 	moderate at time of observation"
2026-07-29,00:00:00,Kedah,Sungai Petani,5.65,100.48,27.2,82,0.0,0.4,3,Clouds generally forming or developing
2026-07-29,00:00:00,Selangor,Klang,3.0333,101.45,26.5,91,0.0,5.2,3,Clouds generally forming or developing
2026-07-29,00:00:00,Johor,Kluang,2.0336,103.3194,25.0,93,0.0,9.1,2,State of sky on the whole unchanged
2026-07-29,00:00:00,Perlis,Kangar,6.4333,100.2,27.1,80,0.0,10.1,3,Clouds generally forming or developing
2026-07-29,00:00:00,Selangor,Shah Alam,3.0833,101.5333,26.7,88,0.0,4.4,3,Clouds generally forming or developing
2026-07-29,00:00:00,Putrajaya,Putrajaya,2.93,101.69,26.5,91,0.0,4.9,3,Clouds generally forming or developing
2026-07-29,00:00:00,Negeri Sembilan,Seremban,2.7297,101.9381,26.7,85,0.0,7.2,3,Clouds generally forming or developing
2026-07-29,00:00:00,Perak,Teluk Intan,4.0259,101.0213,26.5,93,0.0,1.8,3,Clouds generally forming or developing
2026-07-29,00:00:00,Pulau Pinang,Bukit Mertajam,5.3631,100.4667,28.5,78,0.0,4.4,3,Clouds generally forming or developing
2026-07-29,00:00:00,Terengganu,Cukai,4.2332,103.4479,27.1,88,0.0,9.8,3,Clouds generally forming or developing
2026-07-29,00:00:00,Perak,Taiping,4.85,100.7333,26.3,95,0.0,2.6,3,Clouds generally forming or developing
2026-07-30,00:00:00,Negeri Sembilan,Seremban,2.7297,101.9381,26.2,88,0.0,0.6,3,Clouds generally forming or developing
2026-07-30,00:00:00,Sarawak,Miri,4.4028,113.9933,26.4,84,0.0,3.2,1,Clouds generally dissolving or becoming less developed
2026-07-30,00:00:00,Kelantan,Kota Bharu,6.1333,102.25,25.9,92,0.0,5.2,3,Clouds generally forming or developing
2026-07-30,00:00:00,Perak,Teluk Intan,4.0259,101.0213,25.0,96,0.0,3.0,3,Clouds generally forming or developing
2026-07-30,00:00:00,Sabah,Sandakan,5.8388,118.1173,25.7,95,0.0,6.5,3,Clouds generally forming or developing
2026-07-30,00:00:00,Sabah,Kota Kinabalu,5.975,116.0725,24.6,87,0.0,4.7,1,Clouds generally dissolving or becoming less developed
2026-07-30,00:00:00,Putrajaya,Putrajaya,2.93,101.69,25.9,90,0.0,3.6,3,Clouds generally forming or developing
2026-07-30,00:00:00,Johor,Johor Bahru,1.4556,103.7611,25.7,95,0.0,3.4,3,Clouds generally forming or developing
2026-07-30,00:00:00,Kedah,Sungai Petani,5.65,100.48,23.9,89,0.0,2.7,3,Clouds generally forming or developing
2026-07-30,00:00:00,Perak,Ipoh,4.6,101.07,25.2,95,0.0,6.3,3,Clouds generally forming or developing
2026-07-30,00:00:00,Terengganu,Kuala Terengganu,5.3303,103.1408,26.2,93,0.0,3.7,3,Clouds generally forming or developing
2026-07-30,00:00:00,Johor,Batu Pahat,1.85,102.93,25.5,95,0.0,3.3,3,Clouds generally forming or developing
2026-07-30,00:00:00,Johor,Muar,2.05,102.56,26.2,89,0.0,7.8,3,Clouds generally forming or developing
2026-07-30,00:00:00,Terengganu,Cukai,4.2332,103.4479,26.1,92,0.0,7.1,51,"Drizzle, not freezing, continuous 	slight at time of observation"
2026-07-30,00:00:00,Selangor,Klang,3.0333,101.45,25.6,93,0.0,3.1,3,Clouds generally forming or developing
2026-07-30,00:00:00,Pulau Pinang,Bukit Mertajam,5.3631,100.4667,24.9,82,0.0,3.8,3,Clouds generally forming or developing
2026-07-30,00:00:00,Pulau Pinang,Butterworth,5.3992,100.3639,25.0,82,0.0,3.8,3,Clouds generally forming or developing
2026-07-30,00:00:00,Kuala Lumpur,Kuala Lumpur,3.1478,101.6953,25.7,93,0.0,0.0,3,Clouds generally forming or developing
2026-07-30,00:00:00,Johor,Kluang,2.0336,103.3194,24.9,99,0.0,5.1,3,Clouds generally forming or developing
2026-07-30,00:00:00,Pulau Pinang,George Town,5.4145,100.3292,25.7,87,0.0,0.9,3,Clouds generally forming or developing
2026-07-30,00:00:00,Kedah,Alor Setar,6.1167,100.3667,24.4,88,0.0,7.0,2,State of sky on the whole unchanged
2026-07-30,00:00:00,Sarawak,Sibu,2.3,111.8167,24.8,99,0.0,4.8,2,State of sky on the whole unchanged
2026-07-30,00:00:00,Pahang,Raub,3.7931,101.8569,24.7,100,0.0,2.0,3,Clouds generally forming or developing
2026-07-30,00:00:00,Sarawak,Bintulu,3.17,113.03,25.8,93,0.0,9.9,3,Clouds generally forming or developing
2026-07-30,00:00:00,Perak,Taiping,4.85,100.7333,24.7,94,0.0,4.1,3,Clouds generally forming or developing
2026-07-30,00:00:00,Selangor,Petaling Jaya,3.1073,101.6067,25.9,90,0.0,1.7,3,Clouds generally forming or developing
2026-07-30,00:00:00,Pahang,Kuantan,3.8167,103.3333,24.6,98,0.0,5.0,3,Clouds generally forming or developing
2026-07-30,00:00:00,Pahang,Kuala Lipis,4.184,102.042,25.1,98,0.0,1.1,3,Clouds generally forming or developing
2026-07-30,00:00:00,Labuan,Labuan,5.2803,115.2475,28.0,80,0.0,9.4,1,Clouds generally dissolving or becoming less developed
2026-07-30,00:00:00,Selangor,Shah Alam,3.0833,101.5333,25.8,93,0.0,1.9,3,Clouds generally forming or developing
2026-07-30,00:00:00,Sabah,Tawau,4.2448,117.8911,25.5,90,0.0,6.1,1,Clouds generally dissolving or becoming less developed
2026-07-30,00:00:00,Sabah,Lahad Datu,5.03,118.34,26.4,84,0.0,6.4,1,Clouds generally dissolving or becoming less developed
2026-07-30,00:00:00,Melaka,Melaka,2.1889,102.2511,26.1,90,0.0,7.3,3,Clouds generally forming or developing
2026-07-30,02:00:00,Sarawak,Sibu,2.3,111.8167,24.5,99,0.0,5.6,3,Clouds generally forming or developing
2026-07-30,02:00:00,Pahang,Kuantan,3.8167,103.3333,24.3,98,0.0,4.6,3,Clouds generally forming or developing
2026-07-30,02:00:00,Terengganu,Kuala Terengganu,5.3303,103.1408,25.4,96,0.0,6.8,3,Clouds generally forming or developing
2026-07-30,02:00:00,Sarawak,Miri,4.4028,113.9933,25.6,86,0.0,5.9,3,Clouds generally forming or developing
2026-07-30,02:00:00,Kuala Lumpur,Kuala Lumpur,3.1478,101.6953,25.1,96,0.0,0.9,3,Clouds generally forming or developing
2026-07-30,02:00:00,Sarawak,Kuching,1.5397,110.3542,24.1,97,0.0,7.3,3,Clouds generally forming or developing
2026-07-30,02:00:00,Selangor,Klang,3.0333,101.45,25.2,94,0.0,4.3,3,Clouds generally forming or developing
2026-07-30,02:00:00,Perak,Taiping,4.85,100.7333,24.6,94,0.0,2.2,3,Clouds generally forming or developing
2026-07-30,02:00:00,Johor,Muar,2.05,102.56,25.7,93,0.0,2.7,3,Clouds generally forming or developing
2026-07-30,02:00:00,Kedah,Alor Setar,6.1167,100.3667,23.6,88,0.0,6.2,3,Clouds generally forming or developing
2026-07-30,02:00:00,Pulau Pinang,Bukit Mertajam,5.3631,100.4667,24.9,83,0.0,2.0,3,Clouds generally forming or developing
2026-07-30,02:00:00,Sabah,Sandakan,5.8388,118.1173,25.5,96,0.0,7.8,3,Clouds generally forming or developing
2026-07-30,02:00:00,Johor,Batu Pahat,1.85,102.93,24.9,96,0.0,3.1,3,Clouds generally forming or developing
2026-07-30,02:00:00,Sarawak,Bintulu,3.17,113.03,25.0,94,0.0,9.6,3,Clouds generally forming or developing
2026-07-30,02:00:00,Perak,Teluk Intan,4.0259,101.0213,24.5,96,0.0,1.0,3,Clouds generally forming or developing
2026-07-30,02:00:00,Putrajaya,Putrajaya,2.93,101.69,25.7,92,0.0,2.3,3,Clouds generally forming or developing
2026-07-30,02:00:00,Pahang,Kuala Lipis,4.184,102.042,24.6,99,0.0,1.9,3,Clouds generally forming or developing
2026-07-30,02:00:00,Perlis,Kangar,6.4333,100.2,24.0,92,0.0,6.1,3,Clouds generally forming or developing
2026-07-30,02:00:00,Pahang,Raub,3.7931,101.8569,24.4,87,0.0,3.7,3,Clouds generally forming or developing
2026-07-30,02:00:00,Terengganu,Cukai,4.2332,103.4479,25.3,93,0.0,6.3,3,Clouds generally forming or developing
2026-07-30,02:00:00,Kedah,Sungai Petani,5.65,100.48,23.9,86,0.0,3.6,3,Clouds generally forming or developing
2026-07-30,02:00:00,Sabah,Kota Kinabalu,5.975,116.0725,24.8,82,0.0,6.9,0,Cloud development not observed or not observable
2026-07-30,02:00:00,Labuan,Labuan,5.2803,115.2475,27.3,83,0.3,14.3,51,"Drizzle, not freezing, continuous 	slight at time of observation"
2026-07-30,02:00:00,Selangor,Shah Alam,3.0833,101.5333,25.5,93,0.0,3.1,3,Clouds generally forming or developing
2026-07-30,02:00:00,Sabah,Tawau,4.2448,117.8911,25.4,92,0.1,10.2,51,"Drizzle, not freezing, continuous 	slight at time of observation"
2026-07-30,02:00:00,Perak,Ipoh,4.6,101.07,24.4,99,0.0,4.2,3,Clouds generally forming or developing
2026-07-30,02:00:00,Pulau Pinang,George Town,5.4145,100.3292,25.6,92,0.0,1.2,3,Clouds generally forming or developing
2026-07-30,02:00:00,Kelantan,Kota Bharu,6.1333,102.25,25.5,92,0.0,6.9,3,Clouds generally forming or developing
2026-07-30,02:00:00,Sabah,Lahad Datu,5.03,118.34,26.1,85,0.1,7.2,51,"Drizzle, not freezing, continuous 	slight at time of observation"
2026-07-30,02:00:00,Melaka,Melaka,2.1889,102.2511,25.3,95,0.0,5.3,3,Clouds generally forming or developing
2026-07-30,02:00:00,Johor,Johor Bahru,1.4556,103.7611,26.2,89,0.0,2.6,3,Clouds generally forming or developing
2026-07-30,02:00:00,Selangor,Petaling Jaya,3.1073,101.6067,25.2,94,0.0,1.7,3,Clouds generally forming or developing
2026-07-30,02:00:00,Pulau Pinang,Butterworth,5.3992,100.3639,25.0,83,0.0,2.0,3,Clouds generally forming or developing
2026-07-30,01:00:00,Johor,Batu Pahat,1.85,102.93,25.1,96,0.0,3.4,3,Clouds generally forming or developing
2026-07-30,01:00:00,Johor,Johor Bahru,1.4556,103.7611,26.1,91,0.0,3.1,3,Clouds generally forming or developing
2026-07-30,01:00:00,Johor,Muar,2.05,102.56,25.9,91,0.0,3.8,3,Clouds generally forming or developing
2026-07-30,01:00:00,Kedah,Sungai Petani,5.65,100.48,24.0,86,0.0,3.3,3,Clouds generally forming or developing
2026-07-30,01:00:00,Pulau Pinang,George Town,5.4145,100.3292,25.6,91,0.0,1.5,3,Clouds generally forming or developing
2026-07-30,01:00:00,Sarawak,Bintulu,3.17,113.03,25.4,90,0.0,8.8,3,Clouds generally forming or developing
2026-07-30,01:00:00,Sarawak,Sibu,2.3,111.8167,24.6,98,0.0,5.0,2,State of sky on the whole unchanged
2026-07-30,01:00:00,Sabah,Lahad Datu,5.03,118.34,26.2,85,0.0,4.2,3,Clouds generally forming or developing
2026-07-30,01:00:00,Perak,Teluk Intan,4.0259,101.0213,24.8,95,0.0,1.8,3,Clouds generally forming or developing
2026-07-30,01:00:00,Pulau Pinang,Bukit Mertajam,5.3631,100.4667,24.9,82,0.0,2.5,3,Clouds generally forming or developing
2026-07-30,01:00:00,Sabah,Tawau,4.2448,117.8911,25.1,96,0.1,7.5,51,"Drizzle, not freezing, continuous 	slight at time of observation"
2026-07-30,01:00:00,Sarawak,Miri,4.4028,113.9933,26.0,84,0.0,3.9,1,Clouds generally dissolving or becoming less developed
2026-07-30,01:00:00,Putrajaya,Putrajaya,2.93,101.69,25.8,91,0.0,2.3,3,Clouds generally forming or developing
2026-07-30,01:00:00,Selangor,Petaling Jaya,3.1073,101.6067,25.5,92,0.0,1.8,3,Clouds generally forming or developing
2026-07-30,01:00:00,Pahang,Kuala Lipis,4.184,102.042,24.8,99,0.0,1.2,3,Clouds generally forming or developing
2026-07-30,01:00:00,Sabah,Kota Kinabalu,5.975,116.0725,24.5,86,0.0,4.8,1,Clouds generally dissolving or becoming less developed
2026-07-30,01:00:00,Perlis,Kangar,6.4333,100.2,24.2,92,0.0,7.2,3,Clouds generally forming or developing
2026-07-30,01:00:00,Selangor,Shah Alam,3.0833,101.5333,25.7,93,0.0,3.5,3,Clouds generally forming or developing
2026-07-30,01:00:00,Terengganu,Cukai,4.2332,103.4479,25.5,94,0.0,6.4,3,Clouds generally forming or developing
2026-07-30,01:00:00,Kelantan,Kota Bharu,6.1333,102.25,25.5,93,0.0,6.7,3,Clouds generally forming or developing
2026-07-30,01:00:00,Pahang,Kuantan,3.8167,103.3333,24.4,98,0.0,5.2,3,Clouds generally forming or developing
2026-07-30,01:00:00,Perak,Taiping,4.85,100.7333,24.6,95,0.0,4.4,3,Clouds generally forming or developing
2026-07-30,01:00:00,Sabah,Sandakan,5.8388,118.1173,25.7,96,0.0,6.9,3,Clouds generally forming or developing
2026-07-30,01:00:00,Kuala Lumpur,Kuala Lumpur,3.1478,101.6953,25.3,95,0.0,0.2,3,Clouds generally forming or developing
2026-07-30,01:00:00,Perak,Ipoh,4.6,101.07,24.8,97,0.0,5.1,3,Clouds generally forming or developing
2026-07-30,01:00:00,Sarawak,Kuching,1.5397,110.3542,24.2,97,0.0,6.2,3,Clouds generally forming or developing
2026-07-30,01:00:00,Terengganu,Kuala Terengganu,5.3303,103.1408,25.8,95,0.0,6.7,3,Clouds generally forming or developing
2026-07-30,01:00:00,Pahang,Raub,3.7931,101.8569,24.6,90,0.0,4.0,2,State of sky on the whole unchanged
2026-07-30,01:00:00,Melaka,Melaka,2.1889,102.2511,25.7,93,0.0,5.7,3,Clouds generally forming or developing
2026-07-30,01:00:00,Selangor,Klang,3.0333,101.45,25.4,93,0.0,4.1,3,Clouds generally forming or developing
2026-07-30,01:00:00,Labuan,Labuan,5.2803,115.2475,27.7,81,0.1,11.2,51,"Drizzle, not freezing, continuous 	slight at time of observation"
2026-07-30,01:00:00,Kedah,Alor Setar,6.1167,100.3667,23.8,87,0.0,8.7,3,Clouds generally forming or developing
2026-07-30,01:00:00,Pulau Pinang,Butterworth,5.3992,100.3639,25.0,82,0.0,2.5,3,Clouds generally forming or developing
2026-07-30,00:00:00,Terengganu,Cukai,4.2332,103.4479,26.1,92,0.0,7.1,3,Clouds generally forming or developing
2026-07-30,00:00:00,Pahang,Kuala Lipis,4.184,102.042,25.1,98,0.0,1.1,3,Clouds generally forming or developing
2026-07-30,00:00:00,Sabah,Tawau,4.2448,117.8911,25.5,91,0.0,6.1,0,Cloud development not observed or not observable
2026-07-30,00:00:00,Selangor,Petaling Jaya,3.1073,101.6067,25.9,90,0.0,1.7,3,Clouds generally forming or developing
2026-07-30,00:00:00,Pahang,Kuantan,3.8167,103.3333,24.6,98,0.0,5.0,3,Clouds generally forming or developing
2026-07-30,00:00:00,Selangor,Shah Alam,3.0833,101.5333,25.8,93,0.0,1.9,3,Clouds generally forming or developing
2026-07-30,00:00:00,Sarawak,Kuching,1.5397,110.3542,24.3,96,0.0,6.1,3,Clouds generally forming or developing
2026-07-30,00:00:00,Sabah,Sandakan,5.8388,118.1173,25.7,95,0.0,6.5,3,Clouds generally forming or developing
2026-07-30,00:00:00,Perak,Ipoh,4.6,101.07,25.2,95,0.0,6.3,3,Clouds generally forming or developing
2026-07-30,00:00:00,Labuan,Labuan,5.2803,115.2475,28.0,80,0.0,9.4,3,Clouds generally forming or developing
2026-07-30,00:00:00,Pahang,Raub,3.7931,101.8569,24.7,94,0.0,2.0,3,Clouds generally forming or developing
2026-07-30,00:00:00,Sabah,Kota Kinabalu,5.975,116.0725,24.6,87,0.0,4.7,1,Clouds generally dissolving or becoming less developed
2026-07-30,00:00:00,Selangor,Klang,3.0333,101.45,25.6,93,0.0,3.1,3,Clouds generally forming or developing
2026-07-30,00:00:00,Perlis,Kangar,6.4333,100.2,25.0,93,0.0,5.6,3,Clouds generally forming or developing
2026-07-30,00:00:00,Sarawak,Miri,4.4028,113.9933,26.4,84,0.0,3.2,2,State of sky on the whole unchanged
2026-07-30,00:00:00,Putrajaya,Putrajaya,2.93,101.69,25.9,91,0.0,3.6,3,Clouds generally forming or developing
2026-07-30,00:00:00,Kuala Lumpur,Kuala Lumpur,3.1478,101.6953,25.7,93,0.0,0.0,3,Clouds generally forming or developing
2026-07-30,00:00:00,Pulau Pinang,George Town,5.4145,100.3292,25.7,87,0.0,0.9,3,Clouds generally forming or developing
2026-07-30,00:00:00,Sabah,Lahad Datu,5.03,118.34,26.4,84,0.0,6.4,3,Clouds generally forming or developing
2026-07-30,00:00:00,Perak,Taiping,4.85,100.7333,24.7,94,0.0,4.1,2,State of sky on the whole unchanged
2026-07-30,00:00:00,Pulau Pinang,Bukit Mertajam,5.3631,100.4667,24.9,82,0.0,3.8,3,Clouds generally forming or developing
2026-07-30,00:00:00,Sarawak,Sibu,2.3,111.8167,24.8,99,0.0,4.8,2,State of sky on the whole unchanged
2026-07-30,00:00:00,Johor,Muar,2.05,102.56,26.2,89,0.0,7.8,3,Clouds generally forming or developing
2026-07-30,00:00:00,Kedah,Alor Setar,6.1167,100.3667,24.4,88,0.0,7.0,3,Clouds generally forming or developing
2026-07-30,00:00:00,Johor,Batu Pahat,1.85,102.93,25.5,96,0.0,3.3,3,Clouds generally forming or developing
2026-07-30,00:00:00,Kelantan,Kota Bharu,6.1333,102.25,25.9,92,0.0,5.2,3,Clouds generally forming or developing
2026-07-30,00:00:00,Pulau Pinang,Butterworth,5.3992,100.3639,25.0,82,0.0,3.8,3,Clouds generally forming or developing
2026-07-30,00:00:00,Melaka,Melaka,2.1889,102.2511,26.1,90,0.0,7.3,3,Clouds generally forming or developing
2026-07-30,00:00:00,Sarawak,Bintulu,3.17,113.03,25.8,89,0.0,9.9,2,State of sky on the whole unchanged
2026-07-30,00:00:00,Perak,Teluk Intan,4.0259,101.0213,25.0,95,0.0,3.0,3,Clouds generally forming or developing
2026-07-30,00:00:00,Terengganu,Kuala Terengganu,5.3303,103.1408,26.2,93,0.0,3.7,3,Clouds generally forming or developing
2026-07-30,00:00:00,Johor,Johor Bahru,1.4556,103.7611,25.7,95,0.0,3.4,3,Clouds generally forming or developing
2026-07-30,00:00:00,Kedah,Sungai Petani,5.65,100.48,23.9,89,0.0,2.7,3,Clouds generally forming or developing
2026-07-30,04:00:00,Pahang,Kuantan,3.8167,103.3333,24.7,96,0.0,0.9,3,Clouds generally forming or developing
2026-07-30,04:00:00,Johor,Kluang,2.0336,103.3194,23.9,99,0.6,4.1,53,"Drizzle, not freezing, continuous 	moderate at time of observation"
2026-07-30,04:00:00,Labuan,Labuan,5.2803,115.2475,26.2,87,0.1,14.7,51,"Drizzle, not freezing, continuous 	slight at time of observation"
2026-07-30,04:00:00,Selangor,Petaling Jaya,3.1073,101.6067,24.0,92,0.0,3.0,2,State of sky on the whole unchanged
2026-07-30,04:00:00,Pulau Pinang,Butterworth,5.3992,100.3639,25.4,79,0.0,2.1,3,Clouds generally forming or developing
2026-07-30,04:00:00,Sarawak,Miri,4.4028,113.9933,24.9,87,0.0,12.3,2,State of sky on the whole unchanged
2026-07-30,04:00:00,Sarawak,Sibu,2.3,111.8167,23.9,99,0.6,6.6,53,"Drizzle, not freezing, continuous 	moderate at time of observation"
2026-07-30,04:00:00,Perak,Ipoh,4.6,101.07,24.2,99,0.0,6.1,3,Clouds generally forming or developing
2026-07-30,04:00:00,Perak,Taiping,4.85,100.7333,24.5,96,0.0,5.3,2,State of sky on the whole unchanged
2026-07-30,04:00:00,Pulau Pinang,George Town,5.4145,100.3292,25.8,86,0.0,4.4,3,Clouds generally forming or developing
2026-07-30,04:00:00,Kuala Lumpur,Kuala Lumpur,3.1478,101.6953,23.3,98,0.0,3.0,2,State of sky on the whole unchanged
2026-07-30,04:00:00,Terengganu,Cukai,4.2332,103.4479,24.6,97,0.0,0.9,3,Clouds generally forming or developing
2026-07-30,04:00:00,Selangor,Klang,3.0333,101.45,24.8,87,0.0,4.3,2,State of sky on the whole unchanged
2026-07-30,04:00:00,Kedah,Alor Setar,6.1167,100.3667,23.9,87,0.0,1.7,3,Clouds generally forming or developing
2026-07-30,04:00:00,Pulau Pinang,Bukit Mertajam,5.3631,100.4667,25.3,79,0.0,2.1,3,Clouds generally forming or developing
2026-07-30,04:00:00,Sabah,Lahad Datu,5.03,118.34,25.7,89,0.0,3.8,1,Clouds generally dissolving or becoming less developed
2026-07-30,04:00:00,Terengganu,Kuala Terengganu,5.3303,103.1408,25.1,98,0.0,5.5,3,Clouds generally forming or developing
2026-07-30,04:00:00,Johor,Batu Pahat,1.85,102.93,24.0,99,0.6,4.5,80,"Rain shower(s), slight"
2026-07-30,04:00:00,Putrajaya,Putrajaya,2.93,101.69,25.1,93,0.0,1.8,1,Clouds generally dissolving or becoming less developed
2026-07-30,04:00:00,Sabah,Kota Kinabalu,5.975,116.0725,25.0,81,0.0,8.3,1,Clouds generally dissolving or becoming less developed
2026-07-30,04:00:00,Sarawak,Kuching,1.5397,110.3542,23.8,99,0.2,6.4,51,"Drizzle, not freezing, continuous 	slight at time of observation"
2026-07-30,04:00:00,Kedah,Sungai Petani,5.65,100.48,24.3,84,0.0,0.6,3,Clouds generally forming or developing
2026-07-30,04:00:00,Selangor,Shah Alam,3.0833,101.5333,25.0,86,0.0,3.9,1,Clouds generally dissolving or becoming less developed
2026-07-30,04:00:00,Pahang,Raub,3.7931,101.8569,23.5,88,0.0,1.9,3,Clouds generally forming or developing
2026-07-30,04:00:00,Negeri Sembilan,Seremban,2.7297,101.9381,24.8,91,0.0,4.7,3,Clouds generally forming or developing
2026-07-30,04:00:00,Sabah,Tawau,4.2448,117.8911,24.5,95,0.0,11.2,0,Cloud development not observed or not observable
2026-07-30,04:00:00,Melaka,Melaka,2.1889,102.2511,25.6,93,0.0,8.5,3,Clouds generally forming or developing
2026-07-30,04:00:00,Johor,Muar,2.05,102.56,25.6,94,0.0,6.8,3,Clouds generally forming or developing
2026-07-30,04:00:00,Perlis,Kangar,6.4333,100.2,24.5,95,0.4,7.7,53,"Drizzle, not freezing, continuous 	moderate at time of observation"
2026-07-30,04:00:00,Kelantan,Kota Bharu,6.1333,102.25,25.0,96,0.2,8.8,51,"Drizzle, not freezing, continuous 	slight at time of observation"
2026-07-30,04:00:00,Johor,Johor Bahru,1.4556,103.7611,25.4,96,0.0,4.3,3,Clouds generally forming or developing
2026-07-30,04:00:00,Pahang,Kuala Lipis,4.184,102.042,25.2,94,0.0,0.3,3,Clouds generally forming or developing
2026-07-30,04:00:00,Sarawak,Bintulu,3.17,113.03,24.1,98,0.4,9.9,53,"Drizzle, not freezing, continuous 	moderate at time of observation"
2026-07-30,03:00:00,Sarawak,Bintulu,3.17,113.03,24.4,98,0.6,9.4,80,"Rain shower(s), slight"
2026-07-30,03:00:00,Kelantan,Kota Bharu,6.1333,102.25,25.1,98,0.1,6.9,51,"Drizzle, not freezing, continuous 	slight at time of observation"
2026-07-30,03:00:00,Selangor,Klang,3.0333,101.45,25.0,84,0.0,5.9,3,Clouds generally forming or developing
2026-07-30,03:00:00,Selangor,Shah Alam,3.0833,101.5333,25.3,82,0.0,5.5,3,Clouds generally forming or developing
2026-07-30,03:00:00,Kuala Lumpur,Kuala Lumpur,3.1478,101.6953,23.8,96,0.0,2.6,3,Clouds generally forming or developing
2026-07-30,03:00:00,Johor,Batu Pahat,1.85,102.93,24.6,96,0.0,5.8,3,Clouds generally forming or developing
2026-07-30,03:00:00,Labuan,Labuan,5.2803,115.2475,26.3,89,0.1,13.8,51,"Drizzle, not freezing, continuous 	slight at time of observation"
2026-07-30,03:00:00,Putrajaya,Putrajaya,2.93,101.69,25.6,93,0.0,4.5,3,Clouds generally forming or developing
2026-07-30,03:00:00,Perlis,Kangar,6.4333,100.2,25.1,88,0.2,1.5,51,"Drizzle, not freezing, continuous 	slight at time of observation"
2026-07-30,03:00:00,Terengganu,Cukai,4.2332,103.4479,24.3,98,0.0,2.9,3,Clouds generally forming or developing
2026-07-30,03:00:00,Sabah,Tawau,4.2448,117.8911,24.5,95,0.0,12.9,0,Cloud development not observed or not observable
2026-07-30,03:00:00,Pahang,Kuala Lipis,4.184,102.042,25.6,92,0.0,0.4,3,Clouds generally forming or developing
2026-07-30,03:00:00,Sarawak,Miri,4.4028,113.9933,25.1,86,0.0,11.9,2,State of sky on the whole unchanged
2026-07-30,03:00:00,Pulau Pinang,Butterworth,5.3992,100.3639,24.9,84,0.0,2.1,3,Clouds generally forming or developing
2026-07-30,03:00:00,Perak,Ipoh,4.6,101.07,24.3,100,0.0,5.0,3,Clouds generally forming or developing
2026-07-30,03:00:00,Terengganu,Kuala Terengganu,5.3303,103.1408,25.4,96,0.0,7.0,3,Clouds generally forming or developing
2026-07-30,03:00:00,Johor,Johor Bahru,1.4556,103.7611,25.4,98,0.0,2.2,3,Clouds generally forming or developing
2026-07-30,03:00:00,Sabah,Lahad Datu,5.03,118.34,26.2,86,0.1,5.3,51,"Drizzle, not freezing, continuous 	slight at time of observation"
2026-07-30,03:00:00,Melaka,Melaka,2.1889,102.2511,25.4,94,0.0,4.6,3,Clouds generally forming or developing
2026-07-30,03:00:00,Negeri Sembilan,Seremban,2.7297,101.9381,25.0,91,0.0,3.6,3,Clouds generally forming or developing
2026-07-30,03:00:00,Pahang,Kuantan,3.8167,103.3333,24.5,97,0.0,2.1,3,Clouds generally forming or developing
2026-07-30,03:00:00,Kedah,Sungai Petani,5.65,100.48,24.5,83,0.0,1.1,3,Clouds generally forming or developing
2026-07-30,03:00:00,Selangor,Petaling Jaya,3.1073,101.6067,24.4,91,0.0,3.3,3,Clouds generally forming or developing
2026-07-30,03:00:00,Sarawak,Kuching,1.5397,110.3542,24.0,100,0.1,8.1,51,"Drizzle, not freezing, continuous 	slight at time of observation"
2026-07-30,03:00:00,Pahang,Raub,3.7931,101.8569,23.6,90,0.0,2.7,2,State of sky on the whole unchanged
2026-07-30,03:00:00,Pulau Pinang,George Town,5.4145,100.3292,25.7,89,0.0,1.5,3,Clouds generally forming or developing
2026-07-30,03:00:00,Kedah,Alor Setar,6.1167,100.3667,23.7,86,0.0,3.6,3,Clouds generally forming or developing
2026-07-30,03:00:00,Pulau Pinang,Bukit Mertajam,5.3631,100.4667,24.9,84,0.0,2.1,3,Clouds generally forming or developing
2026-07-30,03:00:00,Perak,Taiping,4.85,100.7333,25.4,92,0.0,1.8,2,State of sky on the whole unchanged
2026-07-30,03:00:00,Sarawak,Sibu,2.3,111.8167,24.0,99,1.7,6.6,80,"Rain shower(s), slight"
2026-07-30,03:00:00,Johor,Kluang,2.0336,103.3194,24.0,96,0.0,6.0,51,"Drizzle, not freezing, continuous 	slight at time of observation"
2026-07-30,03:00:00,Johor,Muar,2.05,102.56,25.8,95,0.0,4.9,3,Clouds generally forming or developing
2026-07-30,03:00:00,Sabah,Kota Kinabalu,5.975,116.0725,25.0,82,0.0,7.7,1,Clouds generally dissolving or becoming less developed
2026-07-30,02:00:00,Sabah,Kota Kinabalu,5.975,116.0725,25.3,81,0.0,8.7,1,Clouds generally dissolving or becoming less developed
2026-07-30,02:00:00,Sarawak,Bintulu,3.17,113.03,24.5,97,0.0,9.1,81,"Rain shower(s), moderate or heavy"
2026-07-30,02:00:00,Sarawak,Sibu,2.3,111.8167,23.9,99,0.8,2.7,81,"Rain shower(s), moderate or heavy"
2026-07-30,02:00:00,Pahang,Kuantan,3.8167,103.3333,24.3,97,0.0,6.2,3,Clouds generally forming or developing
2026-07-30,02:00:00,Perak,Taiping,4.85,100.7333,25.3,93,0.0,3.1,3,Clouds generally forming or developing
2026-07-30,02:00:00,Perlis,Kangar,6.4333,100.2,25.0,87,0.0,2.0,3,Clouds generally forming or developing
2026-07-30,02:00:00,Sabah,Tawau,4.2448,117.8911,25.3,93,0.1,12.3,51,"Drizzle, not freezing, continuous 	slight at time of observation"
2026-07-30,02:00:00,Pulau Pinang,George Town,5.4145,100.3292,25.7,89,0.0,0.8,3,Clouds generally forming or developing
2026-07-30,02:00:00,Terengganu,Cukai,4.2332,103.4479,24.4,98,0.0,6.2,3,Clouds generally forming or developing
2026-07-30,02:00:00,Terengganu,Kuala Terengganu,5.3303,103.1408,25.9,95,0.0,7.3,3,Clouds generally forming or developing
2026-07-30,02:00:00,Selangor,Petaling Jaya,3.1073,101.6067,24.6,88,0.0,3.3,3,Clouds generally forming or developing
2026-07-30,02:00:00,Sarawak,Kuching,1.5397,110.3542,24.2,100,0.3,6.0,51,"Drizzle, not freezing, continuous 	slight at time of observation"
2026-07-30,02:00:00,Kedah,Sungai Petani,5.65,100.48,24.6,81,0.0,3.9,3,Clouds generally forming or developing
2026-07-30,02:00:00,Kelantan,Kota Bharu,6.1333,102.25,25.1,97,0.2,7.8,51,"Drizzle, not freezing, continuous 	slight at time of observation"
2026-07-30,02:00:00,Selangor,Shah Alam,3.0833,101.5333,25.6,82,0.0,2.7,3,Clouds generally forming or developing
2026-07-30,02:00:00,Johor,Muar,2.05,102.56,25.9,93,0.0,7.9,3,Clouds generally forming or developing
2026-07-30,02:00:00,Putrajaya,Putrajaya,2.93,101.69,25.7,92,0.0,2.2,3,Clouds generally forming or developing
2026-07-30,02:00:00,Johor,Johor Bahru,1.4556,103.7611,25.4,97,0.0,3.3,3,Clouds generally forming or developing
2026-07-30,02:00:00,Johor,Batu Pahat,1.85,102.93,25.2,94,0.0,4.9,3,Clouds generally forming or developing
2026-07-30,02:00:00,Melaka,Melaka,2.1889,102.2511,25.2,92,0.0,4.8,3,Clouds generally forming or developing
2026-07-30,02:00:00,Sarawak,Miri,4.4028,113.9933,25.2,86,0.0,10.5,3,Clouds generally forming or developing
2026-07-30,02:00:00,Negeri Sembilan,Seremban,2.7297,101.9381,24.7,95,0.0,1.7,3,Clouds generally forming or developing
2026-07-30,02:00:00,Selangor,Klang,3.0333,101.45,25.2,85,0.0,2.9,3,Clouds generally forming or developing
2026-07-30,02:00:00,Labuan,Labuan,5.2803,115.2475,26.7,86,0.0,16.9,51,"Drizzle, not freezing, continuous 	slight at time of observation"
2026-07-30,02:00:00,Pahang,Raub,3.7931,101.8569,23.8,90,0.0,3.5,3,Clouds generally forming or developing
2026-07-30,02:00:00,Kedah,Alor Setar,6.1167,100.3667,24.0,85,0.0,4.4,3,Clouds generally forming or developing
2026-07-30,02:00:00,Sabah,Lahad Datu,5.03,118.34,26.3,84,0.0,6.4,3,Clouds generally forming or developing
2026-07-30,02:00:00,Perak,Ipoh,4.6,101.07,24.5,98,0.0,4.9,3,Clouds generally forming or developing
2026-07-30,02:00:00,Kuala Lumpur,Kuala Lumpur,3.1478,101.6953,24.1,95,0.0,2.9,3,Clouds generally forming or developing
2026-07-30,02:00:00,Johor,Kluang,2.0336,103.3194,24.5,96,0.0,5.6,3,Clouds generally forming or developing
2026-07-30,02:00:00,Pulau Pinang,Butterworth,5.3992,100.3639,24.9,87,0.0,4.5,3,Clouds generally forming or developing
2026-07-30,02:00:00,Pahang,Kuala Lipis,4.184,102.042,25.8,93,0.0,2.0,3,Clouds generally forming or developing
2026-07-30,02:00:00,Pulau Pinang,Bukit Mertajam,5.3631,100.4667,24.9,87,0.0,4.5,3,Clouds generally forming or developing
2026-07-30,01:00:00,Johor,Kluang,2.0336,103.3194,24.8,96,0.0,8.1,3,Clouds generally forming or developing
2026-07-30,01:00:00,Sarawak,Bintulu,3.17,113.03,25.3,91,0.0,5.9,3,Clouds generally forming or developing
2026-07-30,01:00:00,Johor,Batu Pahat,1.85,102.93,25.4,94,0.0,7.6,3,Clouds generally forming or developing
2026-07-30,01:00:00,Kedah,Sungai Petani,5.65,100.48,24.8,81,0.0,3.2,3,Clouds generally forming or developing
2026-07-30,01:00:00,Kedah,Alor Setar,6.1167,100.3667,24.3,83,0.0,6.1,3,Clouds generally forming or developing
2026-07-30,01:00:00,Pulau Pinang,Bukit Mertajam,5.3631,100.4667,25.5,85,0.0,2.2,3,Clouds generally forming or developing
2026-07-30,01:00:00,Terengganu,Kuala Terengganu,5.3303,103.1408,26.2,91,0.0,7.0,51,"Drizzle, not freezing, continuous 	slight at time of observation"
2026-07-30,01:00:00,Sabah,Kota Kinabalu,5.975,116.0725,25.6,80,0.0,8.2,1,Clouds generally dissolving or becoming less developed
2026-07-30,01:00:00,Sarawak,Kuching,1.5397,110.3542,24.3,99,0.4,3.1,80,"Rain shower(s), slight"
2026-07-30,01:00:00,Kelantan,Kota Bharu,6.1333,102.25,25.5,95,0.0,3.4,51,"Drizzle, not freezing, continuous 	slight at time of observation"
2026-07-30,01:00:00,Perak,Taiping,4.85,100.7333,25.0,93,0.0,4.2,3,Clouds generally forming or developing
2026-07-30,01:00:00,Negeri Sembilan,Seremban,2.7297,101.9381,25.1,96,0.0,3.3,3,Clouds generally forming or developing
2026-07-30,01:00:00,Sarawak,Miri,4.4028,113.9933,25.5,85,0.0,10.2,1,Clouds generally dissolving or becoming less developed
2026-07-30,01:00:00,Pahang,Raub,3.7931,101.8569,24.2,92,0.0,2.8,2,State of sky on the whole unchanged
2026-07-30,01:00:00,Johor,Muar,2.05,102.56,26.3,91,0.0,6.7,3,Clouds generally forming or developing
2026-07-30,01:00:00,Sabah,Tawau,4.2448,117.8911,25.9,91,0.1,5.2,51,"Drizzle, not freezing, continuous 	slight at time of observation"
2026-07-30,01:00:00,Terengganu,Cukai,4.2332,103.4479,24.7,98,0.0,9.1,3,Clouds generally forming or developing
2026-07-30,01:00:00,Labuan,Labuan,5.2803,115.2475,27.6,81,0.0,16.1,51,"Drizzle, not freezing, continuous 	slight at time of observation"
2026-07-30,01:00:00,Pulau Pinang,Butterworth,5.3992,100.3639,25.5,85,0.0,2.2,3,Clouds generally forming or developing
2026-07-30,01:00:00,Selangor,Klang,3.0333,101.45,25.5,84,0.0,3.2,3,Clouds generally forming or developing
2026-07-30,01:00:00,Pulau Pinang,George Town,5.4145,100.3292,25.7,88,0.0,2.0,3,Clouds generally forming or developing
2026-07-30,01:00:00,Sarawak,Sibu,2.3,111.8167,24.7,99,0.0,5.4,2,State of sky on the whole unchanged
2026-07-30,01:00:00,Melaka,Melaka,2.1889,102.2511,25.6,91,0.0,3.6,3,Clouds generally forming or developing
2026-07-30,01:00:00,Selangor,Petaling Jaya,3.1073,101.6067,25.3,82,0.0,0.6,3,Clouds generally forming or developing
2026-07-30,01:00:00,Kuala Lumpur,Kuala Lumpur,3.1478,101.6953,24.5,92,0.0,1.9,3,Clouds generally forming or developing
2026-07-30,01:00:00,Pahang,Kuala Lipis,4.184,102.042,25.9,93,0.0,3.1,3,Clouds generally forming or developing
2026-07-30,01:00:00,Pahang,Kuantan,3.8167,103.3333,24.4,96,0.0,8.6,3,Clouds generally forming or developing
2026-07-30,01:00:00,Perlis,Kangar,6.4333,100.2,24.7,89,0.0,5.8,3,Clouds generally forming or developing
2026-07-30,01:00:00,Selangor,Shah Alam,3.0833,101.5333,26.0,79,0.0,2.1,3,Clouds generally forming or developing
2026-07-30,01:00:00,Johor,Johor Bahru,1.4556,103.7611,25.6,96,0.0,4.6,3,Clouds generally forming or developing
2026-07-30,01:00:00,Putrajaya,Putrajaya,2.93,101.69,25.8,91,0.0,2.6,3,Clouds generally forming or developing
2026-07-30,01:00:00,Sabah,Lahad Datu,5.03,118.34,26.7,80,0.1,6.1,51,"Drizzle, not freezing, continuous 	slight at time of observation"
2026-07-30,01:00:00,Perak,Ipoh,4.6,101.07,24.7,98,0.0,6.6,3,Clouds generally forming or developing
2026-07-30,00:00:00,Sabah,Tawau,4.2448,117.8911,25.9,89,0.0,1.6,0,Cloud development not observed or not observable
2026-07-30,00:00:00,Putrajaya,Putrajaya,2.93,101.69,26.1,90,0.0,3.8,3,Clouds generally forming or developing
2026-07-30,00:00:00,Pahang,Kuala Lipis,4.184,102.042,26.0,93,0.0,2.1,3,Clouds generally forming or developing
2026-07-30,00:00:00,Pahang,Raub,3.7931,101.8569,24.2,96,0.0,2.7,3,Clouds generally forming or developing
2026-07-30,00:00:00,Terengganu,Cukai,4.2332,103.4479,25.2,97,0.0,7.4,3,Clouds generally forming or developing
2026-07-30,00:00:00,Labuan,Labuan,5.2803,115.2475,27.7,81,0.0,16.2,3,Clouds generally forming or developing
2026-07-30,00:00:00,Perlis,Kangar,6.4333,100.2,25.0,93,0.0,6.3,3,Clouds generally forming or developing
2026-07-30,00:00:00,Kedah,Sungai Petani,5.65,100.48,24.6,86,0.0,4.1,3,Clouds generally forming or developing
2026-07-30,00:00:00,Johor,Muar,2.05,102.56,26.6,90,0.0,10.5,3,Clouds generally forming or developing
2026-07-30,00:00:00,Johor,Batu Pahat,1.85,102.93,25.6,95,0.1,8.5,51,"Drizzle, not freezing, continuous 	slight at time of observation"
2026-07-30,00:00:00,Sarawak,Bintulu,3.17,113.03,25.9,89,0.0,6.8,2,State of sky on the whole unchanged
2026-07-30,00:00:00,Selangor,Klang,3.0333,101.45,26.0,83,0.0,6.6,3,Clouds generally forming or developing
2026-07-30,00:00:00,Perak,Ipoh,4.6,101.07,25.1,96,0.0,6.2,3,Clouds generally forming or developing
2026-07-30,00:00:00,Sarawak,Miri,4.4028,113.9933,26.1,83,0.0,11.4,2,State of sky on the whole unchanged
2026-07-30,00:00:00,Pulau Pinang,Butterworth,5.3992,100.3639,25.7,85,0.0,3.8,3,Clouds generally forming or developing
2026-07-30,00:00:00,Pulau Pinang,George Town,5.4145,100.3292,25.7,84,0.0,2.5,3,Clouds generally forming or developing
2026-07-30,00:00:00,Selangor,Petaling Jaya,3.1073,101.6067,25.4,81,0.0,4.7,3,Clouds generally forming or developing
2026-07-30,00:00:00,Sabah,Kota Kinabalu,5.975,116.0725,25.2,86,0.0,6.3,2,State of sky on the whole unchanged
2026-07-30,00:00:00,Melaka,Melaka,2.1889,102.2511,25.9,88,0.0,6.7,2,State of sky on the whole unchanged
2026-07-30,00:00:00,Pahang,Kuantan,3.8167,103.3333,25.1,94,0.0,8.4,3,Clouds generally forming or developing
2026-07-30,00:00:00,Selangor,Shah Alam,3.0833,101.5333,26.2,79,0.0,6.0,3,Clouds generally forming or developing
2026-07-30,00:00:00,Pulau Pinang,Bukit Mertajam,5.3631,100.4667,25.7,85,0.0,3.8,3,Clouds generally forming or developing
2026-07-30,00:00:00,Johor,Kluang,2.0336,103.3194,25.3,98,0.1,6.9,51,"Drizzle, not freezing, continuous 	slight at time of observation"
2026-07-30,00:00:00,Johor,Johor Bahru,1.4556,103.7611,26.0,93,0.0,2.5,3,Clouds generally forming or developing
2026-07-30,00:00:00,Kelantan,Kota Bharu,6.1333,102.25,26.2,96,0.0,1.8,3,Clouds generally forming or developing
2026-07-30,00:00:00,Negeri Sembilan,Seremban,2.7297,101.9381,25.5,95,0.0,4.6,3,Clouds generally forming or developing
2026-07-30,00:00:00,Perak,Taiping,4.85,100.7333,25.0,94,0.1,4.0,51,"Drizzle, not freezing, continuous 	slight at time of observation"
2026-07-30,00:00:00,Sarawak,Sibu,2.3,111.8167,24.8,99,0.1,2.3,51,"Drizzle, not freezing, continuous 	slight at time of observation"
2026-07-30,00:00:00,Kuala Lumpur,Kuala Lumpur,3.1478,101.6953,24.9,90,0.0,2.7,3,Clouds generally forming or developing
2026-07-30,00:00:00,Sarawak,Kuching,1.5397,110.3542,24.5,99,0.0,4.7,3,Clouds generally forming or developing
2026-07-30,00:00:00,Terengganu,Kuala Terengganu,5.3303,103.1408,26.7,88,0.0,5.3,3,Clouds generally forming or developing
2026-07-30,00:00:00,Kedah,Alor Setar,6.1167,100.3667,24.6,83,0.0,5.8,3,Clouds generally forming or developing
2026-07-30,00:00:00,Sabah,Lahad Datu,5.03,118.34,26.8,79,0.0,6.2,3,Clouds generally forming or developing
2026-07-30,05:00:00,Putrajaya,Putrajaya,2.93,101.69,24.8,96,0.0,6.7,3,Clouds generally forming or developing
2026-07-30,05:00:00,Selangor,Shah Alam,3.0833,101.5333,24.8,89,0.0,2.7,3,Clouds generally forming or developing
2026-07-30,05:00:00,Johor,Batu Pahat,1.85,102.93,24.0,98,0.1,5.1,51,"Drizzle, not freezing, continuous 	slight at time of observation"
2026-07-30,05:00:00,Pahang,Kuala Lipis,4.184,102.042,24.5,98,0.0,0.5,2,State of sky on the whole unchanged
2026-07-30,05:00:00,Terengganu,Cukai,4.2332,103.4479,25.1,95,0.0,0.5,3,Clouds generally forming or developing
2026-07-30,05:00:00,Selangor,Petaling Jaya,3.1073,101.6067,24.0,91,0.0,1.1,2,State of sky on the whole unchanged
2026-07-30,05:00:00,Sabah,Lahad Datu,5.03,118.34,25.6,90,0.0,5.8,1,Clouds generally dissolving or becoming less developed
2026-07-30,05:00:00,Melaka,Melaka,2.1889,102.2511,25.8,93,0.0,7.7,3,Clouds generally forming or developing
2026-07-30,05:00:00,Perlis,Kangar,6.4333,100.2,24.4,96,0.4,8.0,80,"Rain shower(s), slight"
2026-07-30,05:00:00,Pahang,Raub,3.7931,101.8569,23.2,87,0.0,2.4,2,State of sky on the whole unchanged
2026-07-30,05:00:00,Labuan,Labuan,5.2803,115.2475,26.5,86,0.0,13.2,3,Clouds generally forming or developing
2026-07-30,05:00:00,Johor,Muar,2.05,102.56,25.8,91,0.0,8.6,2,State of sky on the whole unchanged
2026-07-30,05:00:00,Johor,Johor Bahru,1.4556,103.7611,25.6,93,0.0,1.1,3,Clouds generally forming or developing
2026-07-30,05:00:00,Kuala Lumpur,Kuala Lumpur,3.1478,101.6953,23.2,96,0.0,1.9,2,State of sky on the whole unchanged
2026-07-30,05:00:00,Sabah,Sandakan,5.8388,118.1173,24.6,95,0.0,8.5,2,State of sky on the whole unchanged
2026-07-30,05:00:00,Pulau Pinang,George Town,5.4145,100.3292,26.1,83,0.0,2.9,2,State of sky on the whole unchanged
2026-07-30,05:00:00,Perak,Teluk Intan,4.0259,101.0213,24.6,100,0.0,1.9,3,Clouds generally forming or developing
2026-07-30,05:00:00,Kedah,Sungai Petani,5.65,100.48,24.3,84,0.0,0.7,3,Clouds generally forming or developing
2026-07-30,05:00:00,Pulau Pinang,Butterworth,5.3992,100.3639,25.8,73,0.0,1.7,2,State of sky on the whole unchanged
2026-07-30,05:00:00,Sarawak,Sibu,2.3,111.8167,23.4,99,0.0,7.1,95,"Thunderstorm, slight or moderate, without hail** but with rain and/or snow at time of observation - Thunderstorm at time of observation"
2026-07-30,05:00:00,Kelantan,Kota Bharu,6.1333,102.25,24.9,96,0.0,7.9,3,Clouds generally forming or developing
2026-07-30,05:00:00,Sarawak,Miri,4.4028,113.9933,24.6,87,0.0,10.4,2,State of sky on the whole unchanged
2026-07-30,05:00:00,Perak,Taiping,4.85,100.7333,24.2,96,0.0,5.3,2,State of sky on the whole unchanged
2026-07-30,05:00:00,Pulau Pinang,Bukit Mertajam,5.3631,100.4667,25.7,73,0.0,1.7,2,State of sky on the whole unchanged
2026-07-30,05:00:00,Pahang,Kuantan,3.8167,103.3333,25.0,95,0.0,2.2,3,Clouds generally forming or developing
2026-07-30,05:00:00,Negeri Sembilan,Seremban,2.7297,101.9381,24.7,92,0.0,4.0,3,Clouds generally forming or developing
2026-07-30,05:00:00,Sarawak,Bintulu,3.17,113.03,24.1,98,0.3,5.2,53,"Drizzle, not freezing, continuous 	moderate at time of observation"
2026-07-30,05:00:00,Selangor,Klang,3.0333,101.45,24.5,90,0.0,2.9,3,Clouds generally forming or developing
2026-07-30,05:00:00,Sarawak,Kuching,1.5397,110.3542,23.6,99,0.1,3.3,51,"Drizzle, not freezing, continuous 	slight at time of observation"
2026-07-30,05:00:00,Sabah,Tawau,4.2448,117.8911,24.3,96,0.0,9.7,0,Cloud development not observed or not observable
2026-07-30,05:00:00,Perak,Ipoh,4.6,101.07,24.1,98,0.0,5.8,3,Clouds generally forming or developing
2026-07-30,05:00:00,Terengganu,Kuala Terengganu,5.3303,103.1408,25.0,98,0.0,5.3,3,Clouds generally forming or developing
2026-07-30,05:00:00,Kedah,Alor Setar,6.1167,100.3667,24.0,89,0.6,7.5,53,"Drizzle, not freezing, continuous 	moderate at time of observation"
2026-07-30,04:00:00,Pulau Pinang,George Town,5.4145,100.3292,25.8,86,0.0,4.4,3,Clouds generally forming or developing
2026-07-30,04:00:00,Johor,Johor Bahru,1.4556,103.7611,25.4,96,0.0,4.3,3,Clouds generally forming or developing
2026-07-30,04:00:00,Terengganu,Cukai,4.2332,103.4479,24.6,97,0.0,0.9,3,Clouds generally forming or developing
2026-07-30,04:00:00,Johor,Batu Pahat,1.85,102.93,24.0,99,0.6,4.5,80,"Rain shower(s), slight"
2026-07-30,04:00:00,Perak,Teluk Intan,4.0259,101.0213,24.8,98,0.0,1.3,3,Clouds generally forming or developing
2026-07-30,04:00:00,Kedah,Alor Setar,6.1167,100.3667,23.9,87,0.0,1.7,3,Clouds generally forming or developing
2026-07-30,04:00:00,Melaka,Melaka,2.1889,102.2511,25.6,93,0.0,8.5,3,Clouds generally forming or developing
2026-07-30,04:00:00,Selangor,Petaling Jaya,3.1073,101.6067,24.0,92,0.0,3.0,2,State of sky on the whole unchanged
2026-07-30,04:00:00,Sabah,Tawau,4.2448,117.8911,24.5,95,0.0,11.2,0,Cloud development not observed or not observable
2026-07-30,04:00:00,Selangor,Klang,3.0333,101.45,24.8,87,0.0,4.3,2,State of sky on the whole unchanged
2026-07-30,04:00:00,Labuan,Labuan,5.2803,115.2475,26.2,87,0.1,14.7,51,"Drizzle, not freezing, continuous 	slight at time of observation"
2026-07-30,04:00:00,Pahang,Kuala Lipis,4.184,102.042,25.2,94,0.0,0.3,3,Clouds generally forming or developing
2026-07-30,04:00:00,Sarawak,Bintulu,3.17,113.03,24.1,98,0.4,9.9,53,"Drizzle, not freezing, continuous 	moderate at time of observation"
2026-07-30,04:00:00,Sarawak,Kuching,1.5397,110.3542,23.8,99,0.2,6.4,51,"Drizzle, not freezing, continuous 	slight at time of observation"
2026-07-30,04:00:00,Pahang,Kuantan,3.8167,103.3333,24.7,96,0.0,0.9,3,Clouds generally forming or developing
2026-07-30,04:00:00,Sarawak,Sibu,2.3,111.8167,23.9,99,0.6,6.6,53,"Drizzle, not freezing, continuous 	moderate at time of observation"
2026-07-30,04:00:00,Perak,Taiping,4.85,100.7333,24.5,96,0.0,5.3,2,State of sky on the whole unchanged
2026-07-30,04:00:00,Selangor,Shah Alam,3.0833,101.5333,25.0,86,0.0,3.9,1,Clouds generally dissolving or becoming less developed
2026-07-30,04:00:00,Sarawak,Miri,4.4028,113.9933,24.9,87,0.0,12.3,2,State of sky on the whole unchanged
2026-07-30,04:00:00,Perak,Ipoh,4.6,101.07,24.2,99,0.0,6.1,3,Clouds generally forming or developing
2026-07-30,04:00:00,Kedah,Sungai Petani,5.65,100.48,24.3,84,0.0,0.6,3,Clouds generally forming or developing
2026-07-30,04:00:00,Pulau Pinang,Bukit Mertajam,5.3631,100.4667,25.3,79,0.0,2.1,3,Clouds generally forming or developing
2026-07-30,04:00:00,Pulau Pinang,Butterworth,5.3992,100.3639,25.4,79,0.0,2.1,3,Clouds generally forming or developing
2026-07-30,04:00:00,Terengganu,Kuala Terengganu,5.3303,103.1408,25.1,98,0.0,5.5,3,Clouds generally forming or developing
2026-07-30,04:00:00,Perlis,Kangar,6.4333,100.2,24.5,95,0.4,7.7,53,"Drizzle, not freezing, continuous 	moderate at time of observation"
2026-07-30,04:00:00,Sabah,Lahad Datu,5.03,118.34,25.7,89,0.0,3.8,1,Clouds generally dissolving or becoming less developed
2026-07-30,04:00:00,Sabah,Sandakan,5.8388,118.1173,24.6,96,0.0,9.0,2,State of sky on the whole unchanged
2026-07-30,04:00:00,Kelantan,Kota Bharu,6.1333,102.25,25.0,96,0.2,8.8,51,"Drizzle, not freezing, continuous 	slight at time of observation"
2026-07-30,04:00:00,Pahang,Raub,3.7931,101.8569,23.5,88,0.0,1.9,3,Clouds generally forming or developing
2026-07-30,04:00:00,Putrajaya,Putrajaya,2.93,101.69,25.1,93,0.0,1.8,1,Clouds generally dissolving or becoming less developed
2026-07-30,04:00:00,Negeri Sembilan,Seremban,2.7297,101.9381,24.8,91,0.0,4.7,3,Clouds generally forming or developing
2026-07-30,04:00:00,Johor,Muar,2.05,102.56,25.6,94,0.0,6.8,3,Clouds generally forming or developing
2026-07-30,04:00:00,Kuala Lumpur,Kuala Lumpur,3.1478,101.6953,23.3,98,0.0,3.0,2,State of sky on the whole unchanged
2026-07-30,03:00:00,Kuala Lumpur,Kuala Lumpur,3.1478,101.6953,23.8,96,0.0,2.6,3,Clouds generally forming or developing
2026-07-30,03:00:00,Perlis,Kangar,6.4333,100.2,25.1,88,0.2,1.5,51,"Drizzle, not freezing, continuous 	slight at time of observation"
2026-07-30,03:00:00,Perak,Teluk Intan,4.0259,101.0213,25.1,94,0.0,2.9,3,Clouds generally forming or developing
2026-07-30,03:00:00,Negeri Sembilan,Seremban,2.7297,101.9381,25.0,91,0.0,3.6,3,Clouds generally forming or developing
2026-07-30,03:00:00,Labuan,Labuan,5.2803,115.2475,26.3,89,0.1,13.8,51,"Drizzle, not freezing, continuous 	slight at time of observation"
2026-07-30,03:00:00,Pahang,Kuala Lipis,4.184,102.042,25.6,92,0.0,0.4,3,Clouds generally forming or developing
2026-07-30,03:00:00,Selangor,Klang,3.0333,101.45,25.0,84,0.0,5.9,3,Clouds generally forming or developing
2026-07-30,03:00:00,Putrajaya,Putrajaya,2.93,101.69,25.6,93,0.0,4.5,3,Clouds generally forming or developing
2026-07-30,03:00:00,Sarawak,Miri,4.4028,113.9933,25.1,86,0.0,11.9,2,State of sky on the whole unchanged
2026-07-30,03:00:00,Melaka,Melaka,2.1889,102.2511,25.4,94,0.0,4.6,3,Clouds generally forming or developing
2026-07-30,03:00:00,Pulau Pinang,Butterworth,5.3992,100.3639,24.9,84,0.0,2.1,3,Clouds generally forming or developing
2026-07-30,03:00:00,Pahang,Raub,3.7931,101.8569,23.6,90,0.0,2.7,2,State of sky on the whole unchanged
2026-07-30,03:00:00,Pulau Pinang,George Town,5.4145,100.3292,25.7,89,0.0,1.5,3,Clouds generally forming or developing
2026-07-30,03:00:00,Terengganu,Kuala Terengganu,5.3303,103.1408,25.4,96,0.0,7.0,3,Clouds generally forming or developing
2026-07-30,03:00:00,Selangor,Petaling Jaya,3.1073,101.6067,24.4,91,0.0,3.3,3,Clouds generally forming or developing
2026-07-30,03:00:00,Kedah,Alor Setar,6.1167,100.3667,23.7,86,0.0,3.6,3,Clouds generally forming or developing
2026-07-30,03:00:00,Johor,Batu Pahat,1.85,102.93,24.6,96,0.0,5.8,3,Clouds generally forming or developing
2026-07-30,03:00:00,Sabah,Sandakan,5.8388,118.1173,24.7,95,0.0,10.7,2,State of sky on the whole unchanged
2026-07-30,03:00:00,Sarawak,Bintulu,3.17,113.03,24.4,98,0.6,9.4,80,"Rain shower(s), slight"
2026-07-30,03:00:00,Sabah,Lahad Datu,5.03,118.34,26.2,86,0.1,5.3,51,"Drizzle, not freezing, continuous 	slight at time of observation"
2026-07-30,03:00:00,Johor,Johor Bahru,1.4556,103.7611,25.4,98,0.0,2.2,3,Clouds generally forming or developing
2026-07-30,03:00:00,Pulau Pinang,Bukit Mertajam,5.3631,100.4667,24.9,84,0.0,2.1,3,Clouds generally forming or developing
2026-07-30,03:00:00,Perak,Ipoh,4.6,101.07,24.3,100,0.0,5.0,3,Clouds generally forming or developing
2026-07-30,03:00:00,Sabah,Tawau,4.2448,117.8911,24.5,95,0.0,12.9,0,Cloud development not observed or not observable
2026-07-30,03:00:00,Selangor,Shah Alam,3.0833,101.5333,25.3,82,0.0,5.5,3,Clouds generally forming or developing
2026-07-30,03:00:00,Perak,Taiping,4.85,100.7333,25.4,92,0.0,1.8,2,State of sky on the whole unchanged
2026-07-30,03:00:00,Sarawak,Sibu,2.3,111.8167,24.0,99,1.7,6.6,80,"Rain shower(s), slight"
2026-07-30,03:00:00,Kelantan,Kota Bharu,6.1333,102.25,25.1,98,0.1,6.9,51,"Drizzle, not freezing, continuous 	slight at time of observation"
2026-07-30,03:00:00,Terengganu,Cukai,4.2332,103.4479,24.3,98,0.0,2.9,3,Clouds generally forming or developing
2026-07-30,03:00:00,Sarawak,Kuching,1.5397,110.3542,24.0,100,0.1,8.1,51,"Drizzle, not freezing, continuous 	slight at time of observation"
2026-07-30,03:00:00,Johor,Muar,2.05,102.56,25.8,95,0.0,4.9,3,Clouds generally forming or developing
2026-07-30,03:00:00,Pahang,Kuantan,3.8167,103.3333,24.5,97,0.0,2.1,3,Clouds generally forming or developing
2026-07-30,03:00:00,Kedah,Sungai Petani,5.65,100.48,24.5,83,0.0,1.1,3,Clouds generally forming or developing
2026-07-30,02:00:00,Selangor,Shah Alam,3.0833,101.5333,25.6,82,0.0,2.7,3,Clouds generally forming or developing
2026-07-30,02:00:00,Johor,Muar,2.05,102.56,25.9,93,0.0,7.9,3,Clouds generally forming or developing
2026-07-30,02:00:00,Pulau Pinang,Bukit Mertajam,5.3631,100.4667,24.9,87,0.0,4.5,3,Clouds generally forming or developing
2026-07-30,02:00:00,Kedah,Sungai Petani,5.65,100.48,24.6,81,0.0,3.9,3,Clouds generally forming or developing
2026-07-30,02:00:00,Sarawak,Sibu,2.3,111.8167,23.9,99,0.8,2.7,81,"Rain shower(s), moderate or heavy"
2026-07-30,02:00:00,Pulau Pinang,Butterworth,5.3992,100.3639,24.9,87,0.0,4.5,3,Clouds generally forming or developing
2026-07-30,02:00:00,Kuala Lumpur,Kuala Lumpur,3.1478,101.6953,24.1,95,0.0,2.9,3,Clouds generally forming or developing
2026-07-30,02:00:00,Sabah,Lahad Datu,5.03,118.34,26.3,84,0.0,6.4,3,Clouds generally forming or developing
2026-07-30,02:00:00,Putrajaya,Putrajaya,2.93,101.69,25.7,92,0.0,2.2,3,Clouds generally forming or developing
2026-07-30,02:00:00,Sarawak,Kuching,1.5397,110.3542,24.2,100,0.3,6.0,51,"Drizzle, not freezing, continuous 	slight at time of observation"
2026-07-30,02:00:00,Sarawak,Bintulu,3.17,113.03,24.5,97,0.0,9.1,81,"Rain shower(s), moderate or heavy"
2026-07-30,02:00:00,Pahang,Kuala Lipis,4.184,102.042,25.8,93,0.0,2.0,3,Clouds generally forming or developing
2026-07-30,02:00:00,Perlis,Kangar,6.4333,100.2,25.0,87,0.0,2.0,3,Clouds generally forming or developing
2026-07-30,02:00:00,Pahang,Kuantan,3.8167,103.3333,24.3,97,0.0,6.2,3,Clouds generally forming or developing
2026-07-30,02:00:00,Perak,Taiping,4.85,100.7333,25.3,93,0.0,3.1,3,Clouds generally forming or developing
2026-07-30,02:00:00,Pulau Pinang,George Town,5.4145,100.3292,25.7,89,0.0,0.8,3,Clouds generally forming or developing
2026-07-30,02:00:00,Kedah,Alor Setar,6.1167,100.3667,24.0,85,0.0,4.4,3,Clouds generally forming or developing
2026-07-30,02:00:00,Johor,Batu Pahat,1.85,102.93,25.2,94,0.0,4.9,3,Clouds generally forming or developing
2026-07-30,02:00:00,Sarawak,Miri,4.4028,113.9933,25.2,86,0.0,10.5,3,Clouds generally forming or developing
2026-07-30,02:00:00,Sabah,Tawau,4.2448,117.8911,25.3,93,0.1,12.3,51,"Drizzle, not freezing, continuous 	slight at time of observation"
2026-07-30,02:00:00,Terengganu,Cukai,4.2332,103.4479,24.4,98,0.0,6.2,3,Clouds generally forming or developing
2026-07-30,02:00:00,Melaka,Melaka,2.1889,102.2511,25.2,92,0.0,4.8,3,Clouds generally forming or developing
2026-07-30,02:00:00,Selangor,Petaling Jaya,3.1073,101.6067,24.6,88,0.0,3.3,3,Clouds generally forming or developing
2026-07-30,02:00:00,Labuan,Labuan,5.2803,115.2475,26.7,86,0.0,16.9,51,"Drizzle, not freezing, continuous 	slight at time of observation"
2026-07-30,02:00:00,Perak,Ipoh,4.6,101.07,24.5,98,0.0,4.9,3,Clouds generally forming or developing
2026-07-30,02:00:00,Selangor,Klang,3.0333,101.45,25.2,85,0.0,2.9,3,Clouds generally forming or developing
2026-07-30,02:00:00,Terengganu,Kuala Terengganu,5.3303,103.1408,25.9,95,0.0,7.3,3,Clouds generally forming or developing
2026-07-30,02:00:00,Negeri Sembilan,Seremban,2.7297,101.9381,24.7,95,0.0,1.7,3,Clouds generally forming or developing
2026-07-30,02:00:00,Sabah,Sandakan,5.8388,118.1173,25.5,96,0.0,14.3,3,Clouds generally forming or developing
2026-07-30,02:00:00,Kelantan,Kota Bharu,6.1333,102.25,25.1,97,0.2,7.8,51,"Drizzle, not freezing, continuous 	slight at time of observation"
2026-07-30,02:00:00,Johor,Johor Bahru,1.4556,103.7611,25.4,97,0.0,3.3,3,Clouds generally forming or developing
2026-07-30,02:00:00,Perak,Teluk Intan,4.0259,101.0213,25.6,90,0.0,1.9,3,Clouds generally forming or developing
2026-07-30,02:00:00,Pahang,Raub,3.7931,101.8569,23.8,90,0.0,3.5,3,Clouds generally forming or developing
2026-07-30,01:00:00,Sabah,Sandakan,5.8388,118.1173,26.5,98,0.0,7.9,3,Clouds generally forming or developing
2026-07-30,01:00:00,Perak,Ipoh,4.6,101.07,24.7,98,0.0,6.6,3,Clouds generally forming or developing
2026-07-30,01:00:00,Sarawak,Kuching,1.5397,110.3542,24.3,99,0.4,3.1,80,"Rain shower(s), slight"
2026-07-30,01:00:00,Terengganu,Cukai,4.2332,103.4479,24.7,98,0.0,9.1,3,Clouds generally forming or developing
2026-07-30,01:00:00,Pulau Pinang,Butterworth,5.3992,100.3639,25.5,85,0.0,2.2,3,Clouds generally forming or developing
2026-07-30,01:00:00,Kedah,Sungai Petani,5.65,100.48,24.8,81,0.0,3.2,3,Clouds generally forming or developing
2026-07-30,01:00:00,Perlis,Kangar,6.4333,100.2,24.7,89,0.0,5.8,3,Clouds generally forming or developing
2026-07-30,01:00:00,Selangor,Klang,3.0333,101.45,25.5,84,0.0,3.2,3,Clouds generally forming or developing
2026-07-30,01:00:00,Pahang,Raub,3.7931,101.8569,24.2,92,0.0,2.8,2,State of sky on the whole unchanged
2026-07-30,01:00:00,Sabah,Lahad Datu,5.03,118.34,26.7,80,0.1,6.1,51,"Drizzle, not freezing, continuous 	slight at time of observation"
2026-07-30,01:00:00,Kelantan,Kota Bharu,6.1333,102.25,25.5,95,0.0,3.4,51,"Drizzle, not freezing, continuous 	slight at time of observation"
2026-07-30,01:00:00,Johor,Batu Pahat,1.85,102.93,25.4,94,0.0,7.6,3,Clouds generally forming or developing
2026-07-30,01:00:00,Kedah,Alor Setar,6.1167,100.3667,24.3,83,0.0,6.1,3,Clouds generally forming or developing
2026-07-30,01:00:00,Pulau Pinang,Bukit Mertajam,5.3631,100.4667,25.5,85,0.0,2.2,3,Clouds generally forming or developing
2026-07-30,01:00:00,Selangor,Petaling Jaya,3.1073,101.6067,25.3,82,0.0,0.6,3,Clouds generally forming or developing
2026-07-30,01:00:00,Pahang,Kuantan,3.8167,103.3333,24.4,96,0.0,8.6,3,Clouds generally forming or developing
2026-07-30,01:00:00,Sabah,Tawau,4.2448,117.8911,25.9,91,0.1,5.2,51,"Drizzle, not freezing, continuous 	slight at time of observation"
2026-07-30,01:00:00,Sarawak,Bintulu,3.17,113.03,25.3,91,0.0,5.9,3,Clouds generally forming or developing
2026-07-30,01:00:00,Sarawak,Sibu,2.3,111.8167,24.7,99,0.0,5.4,2,State of sky on the whole unchanged
2026-07-30,01:00:00,Terengganu,Kuala Terengganu,5.3303,103.1408,26.2,91,0.0,7.0,51,"Drizzle, not freezing, continuous 	slight at time of observation"
2026-07-30,01:00:00,Perak,Taiping,4.85,100.7333,25.0,93,0.0,4.2,3,Clouds generally forming or developing
2026-07-30,01:00:00,Melaka,Melaka,2.1889,102.2511,25.6,91,0.0,3.6,3,Clouds generally forming or developing
2026-07-30,01:00:00,Perak,Teluk Intan,4.0259,101.0213,25.4,92,0.0,4.3,3,Clouds generally forming or developing
2026-07-30,01:00:00,Labuan,Labuan,5.2803,115.2475,27.6,81,0.0,16.1,51,"Drizzle, not freezing, continuous 	slight at time of observation"
2026-07-30,01:00:00,Selangor,Shah Alam,3.0833,101.5333,26.0,79,0.0,2.1,3,Clouds generally forming or developing
2026-07-30,01:00:00,Pahang,Kuala Lipis,4.184,102.042,25.9,93,0.0,3.1,3,Clouds generally forming or developing
2026-07-30,01:00:00,Putrajaya,Putrajaya,2.93,101.69,25.8,91,0.0,2.6,3,Clouds generally forming or developing
2026-07-30,01:00:00,Sarawak,Miri,4.4028,113.9933,25.5,85,0.0,10.2,1,Clouds generally dissolving or becoming less developed
2026-07-30,01:00:00,Kuala Lumpur,Kuala Lumpur,3.1478,101.6953,24.5,92,0.0,1.9,3,Clouds generally forming or developing
2026-07-30,01:00:00,Johor,Muar,2.05,102.56,26.3,91,0.0,6.7,3,Clouds generally forming or developing
2026-07-30,01:00:00,Pulau Pinang,George Town,5.4145,100.3292,25.7,88,0.0,2.0,3,Clouds generally forming or developing
2026-07-30,01:00:00,Negeri Sembilan,Seremban,2.7297,101.9381,25.1,96,0.0,3.3,3,Clouds generally forming or developing
2026-07-30,01:00:00,Johor,Johor Bahru,1.4556,103.7611,25.6,96,0.0,4.6,3,Clouds generally forming or developing
2026-07-30,00:00:00,Johor,Muar,2.05,102.56,26.6,90,0.0,10.5,3,Clouds generally forming or developing
2026-07-30,00:00:00,Sarawak,Sibu,2.3,111.8167,24.8,99,0.1,2.3,51,"Drizzle, not freezing, continuous 	slight at time of observation"
2026-07-30,00:00:00,Perlis,Kangar,6.4333,100.2,25.0,93,0.0,6.3,3,Clouds generally forming or developing
2026-07-30,00:00:00,Sarawak,Kuching,1.5397,110.3542,24.5,99,0.0,4.7,3,Clouds generally forming or developing
2026-07-30,00:00:00,Perak,Taiping,4.85,100.7333,25.0,94,0.1,4.0,51,"Drizzle, not freezing, continuous 	slight at time of observation"
2026-07-30,00:00:00,Sabah,Tawau,4.2448,117.8911,25.9,89,0.0,1.6,0,Cloud development not observed or not observable
2026-07-30,00:00:00,Sabah,Lahad Datu,5.03,118.34,26.8,79,0.0,6.2,3,Clouds generally forming or developing
2026-07-30,00:00:00,Pulau Pinang,Bukit Mertajam,5.3631,100.4667,25.7,85,0.0,3.8,3,Clouds generally forming or developing
2026-07-30,00:00:00,Labuan,Labuan,5.2803,115.2475,27.7,81,0.0,16.2,3,Clouds generally forming or developing
2026-07-30,00:00:00,Johor,Johor Bahru,1.4556,103.7611,26.0,93,0.0,2.5,3,Clouds generally forming or developing
2026-07-30,00:00:00,Selangor,Shah Alam,3.0833,101.5333,26.2,79,0.0,6.0,3,Clouds generally forming or developing
2026-07-30,00:00:00,Kedah,Sungai Petani,5.65,100.48,24.6,86,0.0,4.1,3,Clouds generally forming or developing
2026-07-30,00:00:00,Pulau Pinang,Butterworth,5.3992,100.3639,25.7,85,0.0,3.8,3,Clouds generally forming or developing
2026-07-30,00:00:00,Kedah,Alor Setar,6.1167,100.3667,24.6,83,0.0,5.8,3,Clouds generally forming or developing
2026-07-30,00:00:00,Melaka,Melaka,2.1889,102.2511,25.9,88,0.0,6.7,2,State of sky on the whole unchanged
2026-07-30,00:00:00,Perak,Teluk Intan,4.0259,101.0213,25.5,92,0.0,4.3,3,Clouds generally forming or developing
2026-07-30,00:00:00,Pahang,Kuala Lipis,4.184,102.042,26.0,93,0.0,2.1,3,Clouds generally forming or developing
2026-07-30,00:00:00,Kuala Lumpur,Kuala Lumpur,3.1478,101.6953,24.9,90,0.0,2.7,3,Clouds generally forming or developing
2026-07-30,00:00:00,Putrajaya,Putrajaya,2.93,101.69,26.1,90,0.0,3.8,3,Clouds generally forming or developing
2026-07-30,00:00:00,Pulau Pinang,George Town,5.4145,100.3292,25.7,84,0.0,2.5,3,Clouds generally forming or developing
2026-07-30,00:00:00,Pahang,Raub,3.7931,101.8569,24.2,96,0.0,2.7,3,Clouds generally forming or developing
2026-07-30,00:00:00,Negeri Sembilan,Seremban,2.7297,101.9381,25.5,95,0.0,4.6,3,Clouds generally forming or developing
2026-07-30,00:00:00,Terengganu,Kuala Terengganu,5.3303,103.1408,26.7,88,0.0,5.3,3,Clouds generally forming or developing
2026-07-30,00:00:00,Sabah,Sandakan,5.8388,118.1173,26.6,97,0.0,5.8,3,Clouds generally forming or developing
2026-07-30,00:00:00,Pahang,Kuantan,3.8167,103.3333,25.1,94,0.0,8.4,3,Clouds generally forming or developing
2026-07-30,00:00:00,Selangor,Petaling Jaya,3.1073,101.6067,25.4,81,0.0,4.7,3,Clouds generally forming or developing
2026-07-30,00:00:00,Terengganu,Cukai,4.2332,103.4479,25.2,97,0.0,7.4,3,Clouds generally forming or developing
2026-07-30,00:00:00,Perak,Ipoh,4.6,101.07,25.1,96,0.0,6.2,3,Clouds generally forming or developing
2026-07-30,00:00:00,Kelantan,Kota Bharu,6.1333,102.25,26.2,96,0.0,1.8,3,Clouds generally forming or developing
2026-07-30,00:00:00,Selangor,Klang,3.0333,101.45,26.0,83,0.0,6.6,3,Clouds generally forming or developing
2026-07-30,00:00:00,Sarawak,Bintulu,3.17,113.03,25.9,89,0.0,6.8,2,State of sky on the whole unchanged
2026-07-30,00:00:00,Johor,Batu Pahat,1.85,102.93,25.6,95,0.1,8.5,51,"Drizzle, not freezing, continuous 	slight at time of observation"
2026-07-30,00:00:00,Sarawak,Miri,4.4028,113.9933,26.1,83,0.0,11.4,2,State of sky on the whole unchanged
2026-07-30,06:00:00,Selangor,Klang,3.0333,101.45,24.6,91,0.0,5.2,2,State of sky on the whole unchanged
2026-07-30,06:00:00,Perak,Taiping,4.85,100.7333,24.7,89,0.0,4.4,1,Clouds generally dissolving or becoming less developed
2026-07-30,06:00:00,Sarawak,Kuching,1.5397,110.3542,23.4,99,0.4,6.3,51,"Drizzle, not freezing, continuous 	slight at time of observation"
2026-07-30,06:00:00,Sabah,Sandakan,5.8388,118.1173,24.5,95,0.0,7.6,1,Clouds generally dissolving or becoming less developed
2026-07-30,06:00:00,Perlis,Kangar,6.4333,100.2,24.5,96,0.7,9.8,53,"Drizzle, not freezing, continuous 	moderate at time of observation"
2026-07-30,06:00:00,Johor,Kluang,2.0336,103.3194,24.1,99,0.0,1.8,3,Clouds generally forming or developing
2026-07-30,06:00:00,Kedah,Alor Setar,6.1167,100.3667,24.0,94,0.3,5.8,51,"Drizzle, not freezing, continuous 	slight at time of observation"
2026-07-30,06:00:00,Kelantan,Kota Bharu,6.1333,102.25,25.0,95,0.0,7.2,3,Clouds generally forming or developing
2026-07-30,06:00:00,Pahang,Kuantan,3.8167,103.3333,25.0,96,0.0,0.6,3,Clouds generally forming or developing
2026-07-30,06:00:00,Johor,Batu Pahat,1.85,102.93,24.0,98,0.0,5.5,3,Clouds generally forming or developing
2026-07-30,06:00:00,Perak,Teluk Intan,4.0259,101.0213,24.8,100,0.0,1.5,3,Clouds generally forming or developing
2026-07-30,06:00:00,Sabah,Lahad Datu,5.03,118.34,25.6,89,0.0,4.2,1,Clouds generally dissolving or becoming less developed
2026-07-30,06:00:00,Pulau Pinang,Butterworth,5.3992,100.3639,25.5,71,0.0,2.0,2,State of sky on the whole unchanged
2026-07-30,06:00:00,Sabah,Kota Kinabalu,5.975,116.0725,24.9,80,0.0,6.6,2,State of sky on the whole unchanged
2026-07-30,06:00:00,Johor,Johor Bahru,1.4556,103.7611,25.2,94,0.0,2.1,3,Clouds generally forming or developing
2026-07-30,06:00:00,Perak,Ipoh,4.6,101.07,24.0,97,0.0,1.0,2,State of sky on the whole unchanged
2026-07-30,06:00:00,Sarawak,Bintulu,3.17,113.03,24.2,98,0.2,7.1,51,"Drizzle, not freezing, continuous 	slight at time of observation"
2026-07-30,06:00:00,Pulau Pinang,George Town,5.4145,100.3292,26.1,81,0.0,0.2,2,State of sky on the whole unchanged
2026-07-30,06:00:00,Kuala Lumpur,Kuala Lumpur,3.1478,101.6953,23.2,97,0.0,4.2,1,Clouds generally dissolving or becoming less developed
2026-07-30,06:00:00,Kedah,Sungai Petani,5.65,100.48,24.1,82,0.0,2.1,3,Clouds generally forming or developing
2026-07-30,06:00:00,Sarawak,Miri,4.4028,113.9933,24.6,86,0.0,9.2,3,Clouds generally forming or developing
2026-07-30,06:00:00,Pahang,Raub,3.7931,101.8569,22.8,88,0.0,2.7,3,Clouds generally forming or developing
2026-07-30,06:00:00,Labuan,Labuan,5.2803,115.2475,26.5,86,0.0,11.4,3,Clouds generally forming or developing
2026-07-30,06:00:00,Melaka,Melaka,2.1889,102.2511,25.3,90,0.1,8.0,51,"Drizzle, not freezing, continuous 	slight at time of observation"
2026-07-30,06:00:00,Terengganu,Cukai,4.2332,103.4479,25.0,96,0.0,0.9,3,Clouds generally forming or developing
2026-07-30,06:00:00,Selangor,Shah Alam,3.0833,101.5333,24.9,91,0.0,5.3,1,Clouds generally dissolving or becoming less developed
2026-07-30,06:00:00,Pahang,Kuala Lipis,4.184,102.042,24.3,100,0.0,0.5,3,Clouds generally forming or developing
2026-07-30,06:00:00,Pulau Pinang,Bukit Mertajam,5.3631,100.4667,25.5,71,0.0,2.0,2,State of sky on the whole unchanged
2026-07-30,06:00:00,Johor,Muar,2.05,102.56,25.7,90,0.0,6.4,2,State of sky on the whole unchanged
2026-07-30,06:00:00,Sarawak,Sibu,2.3,111.8167,23.6,99,0.5,4.5,81,"Rain shower(s), moderate or heavy"
2026-07-30,06:00:00,Terengganu,Kuala Terengganu,5.3303,103.1408,25.0,98,0.0,7.1,3,Clouds generally forming or developing
2026-07-30,06:00:00,Putrajaya,Putrajaya,2.93,101.69,24.8,96,0.0,4.1,2,State of sky on the whole unchanged
2026-07-30,06:00:00,Selangor,Petaling Jaya,3.1073,101.6067,23.8,94,0.0,3.4,1,Clouds generally dissolving or becoming less developed
2026-07-30,05:00:00,Perak,Teluk Intan,4.0259,101.0213,24.6,100,0.0,1.9,3,Clouds generally forming or developing
2026-07-30,05:00:00,Johor,Johor Bahru,1.4556,103.7611,25.6,93,0.0,1.1,3,Clouds generally forming or developing
2026-07-30,05:00:00,Kuala Lumpur,Kuala Lumpur,3.1478,101.6953,23.2,96,0.0,1.9,2,State of sky on the whole unchanged
2026-07-30,05:00:00,Sabah,Sandakan,5.8388,118.1173,24.6,95,0.0,8.5,2,State of sky on the whole unchanged
2026-07-30,05:00:00,Pulau Pinang,Butterworth,5.3992,100.3639,25.8,73,0.0,1.7,2,State of sky on the whole unchanged
2026-07-30,05:00:00,Selangor,Klang,3.0333,101.45,24.5,90,0.0,2.9,3,Clouds generally forming or developing
2026-07-30,05:00:00,Terengganu,Cukai,4.2332,103.4479,25.1,95,0.0,0.5,3,Clouds generally forming or developing
2026-07-30,05:00:00,Johor,Batu Pahat,1.85,102.93,24.0,98,0.1,5.1,51,"Drizzle, not freezing, continuous 	slight at time of observation"
2026-07-30,05:00:00,Perlis,Kangar,6.4333,100.2,24.4,96,0.4,8.0,80,"Rain shower(s), slight"
2026-07-30,05:00:00,Sabah,Lahad Datu,5.03,118.34,25.6,90,0.0,5.8,1,Clouds generally dissolving or becoming less developed
2026-07-30,05:00:00,Pahang,Raub,3.7931,101.8569,23.2,87,0.0,2.4,2,State of sky on the whole unchanged
2026-07-30,05:00:00,Kedah,Sungai Petani,5.65,100.48,24.3,84,0.0,0.7,3,Clouds generally forming or developing
2026-07-30,05:00:00,Pahang,Kuala Lipis,4.184,102.042,24.5,98,0.0,0.5,2,State of sky on the whole unchanged
2026-07-30,05:00:00,Selangor,Shah Alam,3.0833,101.5333,24.8,89,0.0,2.7,3,Clouds generally forming or developing
2026-07-30,05:00:00,Pahang,Kuantan,3.8167,103.3333,25.0,95,0.0,2.2,3,Clouds generally forming or developing
2026-07-30,05:00:00,Selangor,Petaling Jaya,3.1073,101.6067,24.0,91,0.0,1.1,2,State of sky on the whole unchanged
2026-07-30,05:00:00,Johor,Kluang,2.0336,103.3194,24.0,99,0.0,0.9,3,Clouds generally forming or developing
2026-07-30,05:00:00,Sarawak,Sibu,2.3,111.8167,23.4,99,0.0,7.1,95,"Thunderstorm, slight or moderate, without hail** but with rain and/or snow at time of observation - Thunderstorm at time of observation"
2026-07-30,05:00:00,Terengganu,Kuala Terengganu,5.3303,103.1408,25.0,98,0.0,5.3,3,Clouds generally forming or developing
2026-07-30,05:00:00,Perak,Taiping,4.85,100.7333,24.2,96,0.0,5.3,2,State of sky on the whole unchanged
2026-07-30,05:00:00,Sarawak,Kuching,1.5397,110.3542,23.6,99,0.1,3.3,51,"Drizzle, not freezing, continuous 	slight at time of observation"
2026-07-30,05:00:00,Putrajaya,Putrajaya,2.93,101.69,24.8,96,0.0,6.7,3,Clouds generally forming or developing
2026-07-30,05:00:00,Kedah,Alor Setar,6.1167,100.3667,24.0,89,0.6,7.5,53,"Drizzle, not freezing, continuous 	moderate at time of observation"
2026-07-30,05:00:00,Sarawak,Bintulu,3.17,113.03,24.1,98,0.3,5.2,53,"Drizzle, not freezing, continuous 	moderate at time of observation"
2026-07-30,05:00:00,Pulau Pinang,George Town,5.4145,100.3292,26.1,83,0.0,2.9,2,State of sky on the whole unchanged
2026-07-30,05:00:00,Johor,Muar,2.05,102.56,25.8,91,0.0,8.6,2,State of sky on the whole unchanged
2026-07-30,05:00:00,Perak,Ipoh,4.6,101.07,24.1,98,0.0,5.8,3,Clouds generally forming or developing
2026-07-30,05:00:00,Labuan,Labuan,5.2803,115.2475,26.5,86,0.0,13.2,3,Clouds generally forming or developing
2026-07-30,05:00:00,Kelantan,Kota Bharu,6.1333,102.25,24.9,96,0.0,7.9,3,Clouds generally forming or developing
2026-07-30,05:00:00,Sarawak,Miri,4.4028,113.9933,24.6,87,0.0,10.4,2,State of sky on the whole unchanged
2026-07-30,05:00:00,Melaka,Melaka,2.1889,102.2511,25.8,93,0.0,7.7,3,Clouds generally forming or developing
2026-07-30,05:00:00,Pulau Pinang,Bukit Mertajam,5.3631,100.4667,25.7,73,0.0,1.7,2,State of sky on the whole unchanged
2026-07-30,05:00:00,Sabah,Kota Kinabalu,5.975,116.0725,24.9,80,0.0,8.0,1,Clouds generally dissolving or becoming less developed
2026-07-30,04:00:00,Kedah,Sungai Petani,5.65,100.48,24.3,84,0.0,0.6,3,Clouds generally forming or developing
2026-07-30,04:00:00,Johor,Kluang,2.0336,103.3194,23.9,99,0.6,4.1,53,"Drizzle, not freezing, continuous 	moderate at time of observation"
2026-07-30,04:00:00,Pahang,Kuantan,3.8167,103.3333,24.7,96,0.0,0.9,3,Clouds generally forming or developing
2026-07-30,04:00:00,Sarawak,Kuching,1.5397,110.3542,23.8,99,0.2,6.4,51,"Drizzle, not freezing, continuous 	slight at time of observation"
2026-07-30,04:00:00,Labuan,Labuan,5.2803,115.2475,26.2,87,0.1,14.7,51,"Drizzle, not freezing, continuous 	slight at time of observation"
2026-07-30,04:00:00,Selangor,Shah Alam,3.0833,101.5333,25.0,86,0.0,3.9,1,Clouds generally dissolving or becoming less developed
2026-07-30,04:00:00,Sarawak,Bintulu,3.17,113.03,24.1,98,0.4,9.9,53,"Drizzle, not freezing, continuous 	moderate at time of observation"
2026-07-30,04:00:00,Pahang,Kuala Lipis,4.184,102.042,25.2,94,0.0,0.3,3,Clouds generally forming or developing
2026-07-30,04:00:00,Sabah,Lahad Datu,5.03,118.34,25.7,89,0.0,3.8,1,Clouds generally dissolving or becoming less developed
2026-07-30,04:00:00,Pulau Pinang,Butterworth,5.3992,100.3639,25.4,79,0.0,2.1,3,Clouds generally forming or developing
2026-07-30,04:00:00,Perlis,Kangar,6.4333,100.2,24.5,95,0.4,7.7,53,"Drizzle, not freezing, continuous 	moderate at time of observation"
2026-07-30,04:00:00,Selangor,Petaling Jaya,3.1073,101.6067,24.0,92,0.0,3.0,2,State of sky on the whole unchanged
2026-07-30,04:00:00,Sarawak,Miri,4.4028,113.9933,24.9,87,0.0,12.3,2,State of sky on the whole unchanged
2026-07-30,04:00:00,Kedah,Alor Setar,6.1167,100.3667,23.9,87,0.0,1.7,3,Clouds generally forming or developing
2026-07-30,04:00:00,Johor,Muar,2.05,102.56,25.6,94,0.0,6.8,3,Clouds generally forming or developing
2026-07-30,04:00:00,Sarawak,Sibu,2.3,111.8167,23.9,99,0.6,6.6,53,"Drizzle, not freezing, continuous 	moderate at time of observation"
2026-07-30,04:00:00,Sabah,Kota Kinabalu,5.975,116.0725,25.0,81,0.0,8.3,1,Clouds generally dissolving or becoming less developed
2026-07-30,04:00:00,Perak,Teluk Intan,4.0259,101.0213,24.8,98,0.0,1.3,3,Clouds generally forming or developing
2026-07-30,04:00:00,Terengganu,Kuala Terengganu,5.3303,103.1408,25.1,98,0.0,5.5,3,Clouds generally forming or developing
2026-07-30,04:00:00,Perak,Ipoh,4.6,101.07,24.2,99,0.0,6.1,3,Clouds generally forming or developing
2026-07-30,04:00:00,Pulau Pinang,George Town,5.4145,100.3292,25.8,86,0.0,4.4,3,Clouds generally forming or developing
2026-07-30,04:00:00,Terengganu,Cukai,4.2332,103.4479,24.6,97,0.0,0.9,3,Clouds generally forming or developing
2026-07-30,04:00:00,Kuala Lumpur,Kuala Lumpur,3.1478,101.6953,23.3,98,0.0,3.0,2,State of sky on the whole unchanged
2026-07-30,04:00:00,Pulau Pinang,Bukit Mertajam,5.3631,100.4667,25.3,79,0.0,2.1,3,Clouds generally forming or developing
2026-07-30,04:00:00,Johor,Johor Bahru,1.4556,103.7611,25.4,96,0.0,4.3,3,Clouds generally forming or developing
2026-07-30,04:00:00,Selangor,Klang,3.0333,101.45,24.8,87,0.0,4.3,2,State of sky on the whole unchanged
2026-07-30,04:00:00,Pahang,Raub,3.7931,101.8569,23.5,88,0.0,1.9,3,Clouds generally forming or developing
2026-07-30,04:00:00,Kelantan,Kota Bharu,6.1333,102.25,25.0,96,0.2,8.8,51,"Drizzle, not freezing, continuous 	slight at time of observation"
2026-07-30,04:00:00,Sabah,Sandakan,5.8388,118.1173,24.6,96,0.0,9.0,2,State of sky on the whole unchanged
2026-07-30,04:00:00,Perak,Taiping,4.85,100.7333,24.5,96,0.0,5.3,2,State of sky on the whole unchanged
2026-07-30,04:00:00,Melaka,Melaka,2.1889,102.2511,25.6,93,0.0,8.5,3,Clouds generally forming or developing
2026-07-30,04:00:00,Johor,Batu Pahat,1.85,102.93,24.0,99,0.6,4.5,80,"Rain shower(s), slight"
2026-07-30,04:00:00,Putrajaya,Putrajaya,2.93,101.69,25.1,93,0.0,1.8,1,Clouds generally dissolving or becoming less developed
2026-07-30,03:00:00,Perlis,Kangar,6.4333,100.2,25.1,88,0.2,1.5,51,"Drizzle, not freezing, continuous 	slight at time of observation"
2026-07-30,03:00:00,Melaka,Melaka,2.1889,102.2511,25.4,94,0.0,4.6,3,Clouds generally forming or developing
2026-07-30,03:00:00,Johor,Muar,2.05,102.56,25.8,95,0.0,4.9,3,Clouds generally forming or developing
2026-07-30,03:00:00,Kedah,Alor Setar,6.1167,100.3667,23.7,86,0.0,3.6,3,Clouds generally forming or developing
2026-07-30,03:00:00,Selangor,Shah Alam,3.0833,101.5333,25.3,82,0.0,5.5,3,Clouds generally forming or developing
2026-07-30,03:00:00,Sarawak,Bintulu,3.17,113.03,24.4,98,0.6,9.4,80,"Rain shower(s), slight"
2026-07-30,03:00:00,Sarawak,Sibu,2.3,111.8167,24.0,99,1.7,6.6,80,"Rain shower(s), slight"
2026-07-30,03:00:00,Labuan,Labuan,5.2803,115.2475,26.3,89,0.1,13.8,51,"Drizzle, not freezing, continuous 	slight at time of observation"
2026-07-30,03:00:00,Pulau Pinang,Bukit Mertajam,5.3631,100.4667,24.9,84,0.0,2.1,3,Clouds generally forming or developing
2026-07-30,03:00:00,Johor,Johor Bahru,1.4556,103.7611,25.4,98,0.0,2.2,3,Clouds generally forming or developing
2026-07-30,03:00:00,Kedah,Sungai Petani,5.65,100.48,24.5,83,0.0,1.1,3,Clouds generally forming or developing
2026-07-30,03:00:00,Sabah,Kota Kinabalu,5.975,116.0725,25.0,82,0.0,7.7,1,Clouds generally dissolving or becoming less developed
2026-07-30,03:00:00,Terengganu,Kuala Terengganu,5.3303,103.1408,25.4,96,0.0,7.0,3,Clouds generally forming or developing
2026-07-30,03:00:00,Kelantan,Kota Bharu,6.1333,102.25,25.1,98,0.1,6.9,51,"Drizzle, not freezing, continuous 	slight at time of observation"
2026-07-30,03:00:00,Sarawak,Kuching,1.5397,110.3542,24.0,100,0.1,8.1,51,"Drizzle, not freezing, continuous 	slight at time of observation"
2026-07-30,03:00:00,Johor,Kluang,2.0336,103.3194,24.0,96,0.0,6.0,51,"Drizzle, not freezing, continuous 	slight at time of observation"
2026-07-30,03:00:00,Terengganu,Cukai,4.2332,103.4479,24.3,98,0.0,2.9,3,Clouds generally forming or developing
2026-07-30,03:00:00,Selangor,Petaling Jaya,3.1073,101.6067,24.4,91,0.0,3.3,3,Clouds generally forming or developing
2026-07-30,03:00:00,Sarawak,Miri,4.4028,113.9933,25.1,86,0.0,11.9,2,State of sky on the whole unchanged
2026-07-30,03:00:00,Perak,Ipoh,4.6,101.07,24.3,100,0.0,5.0,3,Clouds generally forming or developing
2026-07-30,03:00:00,Pulau Pinang,Butterworth,5.3992,100.3639,24.9,84,0.0,2.1,3,Clouds generally forming or developing
2026-07-30,03:00:00,Pahang,Kuantan,3.8167,103.3333,24.5,97,0.0,2.1,3,Clouds generally forming or developing
2026-07-30,03:00:00,Sabah,Sandakan,5.8388,118.1173,24.7,95,0.0,10.7,2,State of sky on the whole unchanged
2026-07-30,03:00:00,Pahang,Raub,3.7931,101.8569,23.6,90,0.0,2.7,2,State of sky on the whole unchanged
2026-07-30,03:00:00,Sabah,Lahad Datu,5.03,118.34,26.2,86,0.1,5.3,51,"Drizzle, not freezing, continuous 	slight at time of observation"
2026-07-30,03:00:00,Pahang,Kuala Lipis,4.184,102.042,25.6,92,0.0,0.4,3,Clouds generally forming or developing
2026-07-30,03:00:00,Johor,Batu Pahat,1.85,102.93,24.6,96,0.0,5.8,3,Clouds generally forming or developing
2026-07-30,03:00:00,Selangor,Klang,3.0333,101.45,25.0,84,0.0,5.9,3,Clouds generally forming or developing
2026-07-30,03:00:00,Perak,Teluk Intan,4.0259,101.0213,25.1,94,0.0,2.9,3,Clouds generally forming or developing
2026-07-30,03:00:00,Perak,Taiping,4.85,100.7333,25.4,92,0.0,1.8,2,State of sky on the whole unchanged
2026-07-30,03:00:00,Pulau Pinang,George Town,5.4145,100.3292,25.7,89,0.0,1.5,3,Clouds generally forming or developing
2026-07-30,03:00:00,Kuala Lumpur,Kuala Lumpur,3.1478,101.6953,23.8,96,0.0,2.6,3,Clouds generally forming or developing
2026-07-30,03:00:00,Putrajaya,Putrajaya,2.93,101.69,25.6,93,0.0,4.5,3,Clouds generally forming or developing
2026-07-30,02:00:00,Sarawak,Kuching,1.5397,110.3542,24.2,100,0.3,6.0,51,"Drizzle, not freezing, continuous 	slight at time of observation"
2026-07-30,02:00:00,Perlis,Kangar,6.4333,100.2,25.0,87,0.0,2.0,3,Clouds generally forming or developing
2026-07-30,02:00:00,Kedah,Alor Setar,6.1167,100.3667,24.0,85,0.0,4.4,3,Clouds generally forming or developing
2026-07-30,02:00:00,Pulau Pinang,George Town,5.4145,100.3292,25.7,89,0.0,0.8,3,Clouds generally forming or developing
2026-07-30,02:00:00,Pulau Pinang,Butterworth,5.3992,100.3639,24.9,87,0.0,4.5,3,Clouds generally forming or developing
2026-07-30,02:00:00,Sabah,Kota Kinabalu,5.975,116.0725,25.3,81,0.0,8.7,1,Clouds generally dissolving or becoming less developed
2026-07-30,02:00:00,Selangor,Shah Alam,3.0833,101.5333,25.6,82,0.0,2.7,3,Clouds generally forming or developing
2026-07-30,02:00:00,Sarawak,Miri,4.4028,113.9933,25.2,86,0.0,10.5,3,Clouds generally forming or developing
2026-07-30,02:00:00,Terengganu,Cukai,4.2332,103.4479,24.4,98,0.0,6.2,3,Clouds generally forming or developing
2026-07-30,02:00:00,Putrajaya,Putrajaya,2.93,101.69,25.7,92,0.0,2.2,3,Clouds generally forming or developing
2026-07-30,02:00:00,Kelantan,Kota Bharu,6.1333,102.25,25.1,97,0.2,7.8,51,"Drizzle, not freezing, continuous 	slight at time of observation"
2026-07-30,02:00:00,Perak,Ipoh,4.6,101.07,24.5,98,0.0,4.9,3,Clouds generally forming or developing
2026-07-30,02:00:00,Sabah,Sandakan,5.8388,118.1173,25.5,96,0.0,14.3,3,Clouds generally forming or developing
2026-07-30,02:00:00,Pahang,Raub,3.7931,101.8569,23.8,90,0.0,3.5,3,Clouds generally forming or developing
2026-07-30,02:00:00,Kedah,Sungai Petani,5.65,100.48,24.6,81,0.0,3.9,3,Clouds generally forming or developing
2026-07-30,02:00:00,Perak,Taiping,4.85,100.7333,25.3,93,0.0,3.1,3,Clouds generally forming or developing
2026-07-30,02:00:00,Pahang,Kuala Lipis,4.184,102.042,25.8,93,0.0,2.0,3,Clouds generally forming or developing
2026-07-30,02:00:00,Sarawak,Sibu,2.3,111.8167,23.9,99,0.8,2.7,81,"Rain shower(s), moderate or heavy"
2026-07-30,02:00:00,Selangor,Klang,3.0333,101.45,25.2,85,0.0,2.9,3,Clouds generally forming or developing
2026-07-30,02:00:00,Sarawak,Bintulu,3.17,113.03,24.5,97,0.0,9.1,81,"Rain shower(s), moderate or heavy"
2026-07-30,02:00:00,Terengganu,Kuala Terengganu,5.3303,103.1408,25.9,95,0.0,7.3,3,Clouds generally forming or developing
2026-07-30,02:00:00,Kuala Lumpur,Kuala Lumpur,3.1478,101.6953,24.1,95,0.0,2.9,3,Clouds generally forming or developing
2026-07-30,02:00:00,Pulau Pinang,Bukit Mertajam,5.3631,100.4667,24.9,87,0.0,4.5,3,Clouds generally forming or developing
2026-07-30,02:00:00,Melaka,Melaka,2.1889,102.2511,25.2,92,0.0,4.8,3,Clouds generally forming or developing
2026-07-30,02:00:00,Johor,Muar,2.05,102.56,25.9,93,0.0,7.9,3,Clouds generally forming or developing
2026-07-30,02:00:00,Johor,Kluang,2.0336,103.3194,24.5,96,0.0,5.6,3,Clouds generally forming or developing
2026-07-30,02:00:00,Johor,Johor Bahru,1.4556,103.7611,25.4,97,0.0,3.3,3,Clouds generally forming or developing
2026-07-30,02:00:00,Sabah,Lahad Datu,5.03,118.34,26.3,84,0.0,6.4,3,Clouds generally forming or developing
2026-07-30,02:00:00,Johor,Batu Pahat,1.85,102.93,25.2,94,0.0,4.9,3,Clouds generally forming or developing
2026-07-30,02:00:00,Labuan,Labuan,5.2803,115.2475,26.7,86,0.0,16.9,51,"Drizzle, not freezing, continuous 	slight at time of observation"
2026-07-30,02:00:00,Selangor,Petaling Jaya,3.1073,101.6067,24.6,88,0.0,3.3,3,Clouds generally forming or developing
2026-07-30,02:00:00,Pahang,Kuantan,3.8167,103.3333,24.3,97,0.0,6.2,3,Clouds generally forming or developing
2026-07-30,02:00:00,Perak,Teluk Intan,4.0259,101.0213,25.6,90,0.0,1.9,3,Clouds generally forming or developing
2026-07-30,01:00:00,Sarawak,Miri,4.4028,113.9933,25.5,85,0.0,10.2,1,Clouds generally dissolving or becoming less developed
2026-07-30,01:00:00,Terengganu,Cukai,4.2332,103.4479,24.7,98,0.0,9.1,3,Clouds generally forming or developing
2026-07-30,01:00:00,Kelantan,Kota Bharu,6.1333,102.25,25.5,95,0.0,3.4,51,"Drizzle, not freezing, continuous 	slight at time of observation"
2026-07-30,01:00:00,Sarawak,Kuching,1.5397,110.3542,24.3,99,0.4,3.1,80,"Rain shower(s), slight"
2026-07-30,01:00:00,Sabah,Sandakan,5.8388,118.1173,26.5,98,0.0,7.9,3,Clouds generally forming or developing
2026-07-30,01:00:00,Johor,Muar,2.05,102.56,26.3,91,0.0,6.7,3,Clouds generally forming or developing
2026-07-30,01:00:00,Perak,Ipoh,4.6,101.07,24.7,98,0.0,6.6,3,Clouds generally forming or developing
2026-07-30,01:00:00,Pahang,Raub,3.7931,101.8569,24.2,92,0.0,2.8,2,State of sky on the whole unchanged
2026-07-30,01:00:00,Kedah,Sungai Petani,5.65,100.48,24.8,81,0.0,3.2,3,Clouds generally forming or developing
2026-07-30,01:00:00,Pahang,Kuantan,3.8167,103.3333,24.4,96,0.0,8.6,3,Clouds generally forming or developing
2026-07-30,01:00:00,Sarawak,Bintulu,3.17,113.03,25.3,91,0.0,5.9,3,Clouds generally forming or developing
2026-07-30,01:00:00,Perak,Taiping,4.85,100.7333,25.0,93,0.0,4.2,3,Clouds generally forming or developing
2026-07-30,01:00:00,Pahang,Kuala Lipis,4.184,102.042,25.9,93,0.0,3.1,3,Clouds generally forming or developing
2026-07-30,01:00:00,Labuan,Labuan,5.2803,115.2475,27.6,81,0.0,16.1,51,"Drizzle, not freezing, continuous 	slight at time of observation"
2026-07-30,01:00:00,Johor,Batu Pahat,1.85,102.93,25.4,94,0.0,7.6,3,Clouds generally forming or developing
2026-07-30,01:00:00,Selangor,Klang,3.0333,101.45,25.5,84,0.0,3.2,3,Clouds generally forming or developing
2026-07-30,01:00:00,Johor,Kluang,2.0336,103.3194,24.8,96,0.0,8.1,3,Clouds generally forming or developing
2026-07-30,01:00:00,Kuala Lumpur,Kuala Lumpur,3.1478,101.6953,24.5,92,0.0,1.9,3,Clouds generally forming or developing
2026-07-30,01:00:00,Sabah,Kota Kinabalu,5.975,116.0725,25.6,80,0.0,8.2,1,Clouds generally dissolving or becoming less developed
2026-07-30,01:00:00,Johor,Johor Bahru,1.4556,103.7611,25.6,96,0.0,4.6,3,Clouds generally forming or developing
2026-07-30,01:00:00,Sabah,Lahad Datu,5.03,118.34,26.7,80,0.1,6.1,51,"Drizzle, not freezing, continuous 	slight at time of observation"
2026-07-30,01:00:00,Kedah,Alor Setar,6.1167,100.3667,24.3,83,0.0,6.1,3,Clouds generally forming or developing
2026-07-30,01:00:00,Melaka,Melaka,2.1889,102.2511,25.6,91,0.0,3.6,3,Clouds generally forming or developing
2026-07-30,01:00:00,Selangor,Shah Alam,3.0833,101.5333,26.0,79,0.0,2.1,3,Clouds generally forming or developing
2026-07-30,01:00:00,Perlis,Kangar,6.4333,100.2,24.7,89,0.0,5.8,3,Clouds generally forming or developing
2026-07-30,01:00:00,Sarawak,Sibu,2.3,111.8167,24.7,99,0.0,5.4,2,State of sky on the whole unchanged
2026-07-30,01:00:00,Perak,Teluk Intan,4.0259,101.0213,25.4,92,0.0,4.3,3,Clouds generally forming or developing
2026-07-30,01:00:00,Pulau Pinang,Bukit Mertajam,5.3631,100.4667,25.5,85,0.0,2.2,3,Clouds generally forming or developing
2026-07-30,01:00:00,Selangor,Petaling Jaya,3.1073,101.6067,25.3,82,0.0,0.6,3,Clouds generally forming or developing
2026-07-30,01:00:00,Pulau Pinang,George Town,5.4145,100.3292,25.7,88,0.0,2.0,3,Clouds generally forming or developing
2026-07-30,01:00:00,Terengganu,Kuala Terengganu,5.3303,103.1408,26.2,91,0.0,7.0,51,"Drizzle, not freezing, continuous 	slight at time of observation"
2026-07-30,01:00:00,Pulau Pinang,Butterworth,5.3992,100.3639,25.5,85,0.0,2.2,3,Clouds generally forming or developing
2026-07-30,01:00:00,Putrajaya,Putrajaya,2.93,101.69,25.8,91,0.0,2.6,3,Clouds generally forming or developing
2026-07-30,00:00:00,Sarawak,Kuching,1.5397,110.3542,24.5,99,0.0,4.7,3,Clouds generally forming or developing
2026-07-30,00:00:00,Selangor,Petaling Jaya,3.1073,101.6067,25.4,81,0.0,4.7,3,Clouds generally forming or developing
2026-07-30,00:00:00,Terengganu,Kuala Terengganu,5.3303,103.1408,26.7,88,0.0,5.3,3,Clouds generally forming or developing
2026-07-30,00:00:00,Johor,Batu Pahat,1.85,102.93,25.6,95,0.1,8.5,51,"Drizzle, not freezing, continuous 	slight at time of observation"
2026-07-30,00:00:00,Selangor,Klang,3.0333,101.45,26.0,83,0.0,6.6,3,Clouds generally forming or developing
2026-07-30,00:00:00,Sarawak,Sibu,2.3,111.8167,24.8,99,0.1,2.3,51,"Drizzle, not freezing, continuous 	slight at time of observation"
2026-07-30,00:00:00,Selangor,Shah Alam,3.0833,101.5333,26.2,79,0.0,6.0,3,Clouds generally forming or developing
2026-07-30,00:00:00,Pulau Pinang,Bukit Mertajam,5.3631,100.4667,25.7,85,0.0,3.8,3,Clouds generally forming or developing
2026-07-30,00:00:00,Melaka,Melaka,2.1889,102.2511,25.9,88,0.0,6.7,2,State of sky on the whole unchanged
2026-07-30,00:00:00,Johor,Johor Bahru,1.4556,103.7611,26.0,93,0.0,2.5,3,Clouds generally forming or developing
2026-07-30,00:00:00,Sabah,Kota Kinabalu,5.975,116.0725,25.2,86,0.0,6.3,2,State of sky on the whole unchanged
2026-07-30,00:00:00,Pahang,Kuala Lipis,4.184,102.042,26.0,93,0.0,2.1,3,Clouds generally forming or developing
2026-07-30,00:00:00,Perak,Taiping,4.85,100.7333,25.0,94,0.1,4.0,51,"Drizzle, not freezing, continuous 	slight at time of observation"
2026-07-30,00:00:00,Labuan,Labuan,5.2803,115.2475,27.7,81,0.0,16.2,3,Clouds generally forming or developing
2026-07-30,00:00:00,Pulau Pinang,George Town,5.4145,100.3292,25.7,84,0.0,2.5,3,Clouds generally forming or developing
2026-07-30,00:00:00,Perak,Teluk Intan,4.0259,101.0213,25.5,92,0.0,4.3,3,Clouds generally forming or developing
2026-07-30,00:00:00,Pulau Pinang,Butterworth,5.3992,100.3639,25.7,85,0.0,3.8,3,Clouds generally forming or developing
2026-07-30,00:00:00,Pahang,Kuantan,3.8167,103.3333,25.1,94,0.0,8.4,3,Clouds generally forming or developing
2026-07-30,00:00:00,Johor,Kluang,2.0336,103.3194,25.3,98,0.1,6.9,51,"Drizzle, not freezing, continuous 	slight at time of observation"
2026-07-30,00:00:00,Kedah,Alor Setar,6.1167,100.3667,24.6,83,0.0,5.8,3,Clouds generally forming or developing
2026-07-30,00:00:00,Sarawak,Bintulu,3.17,113.03,25.9,89,0.0,6.8,2,State of sky on the whole unchanged
2026-07-30,00:00:00,Putrajaya,Putrajaya,2.93,101.69,26.1,90,0.0,3.8,3,Clouds generally forming or developing
2026-07-30,00:00:00,Sabah,Lahad Datu,5.03,118.34,26.8,79,0.0,6.2,3,Clouds generally forming or developing
2026-07-30,00:00:00,Sabah,Sandakan,5.8388,118.1173,26.6,97,0.0,5.8,3,Clouds generally forming or developing
2026-07-30,00:00:00,Perak,Ipoh,4.6,101.07,25.1,96,0.0,6.2,3,Clouds generally forming or developing
2026-07-30,00:00:00,Sarawak,Miri,4.4028,113.9933,26.1,83,0.0,11.4,2,State of sky on the whole unchanged
2026-07-30,00:00:00,Johor,Muar,2.05,102.56,26.6,90,0.0,10.5,3,Clouds generally forming or developing
2026-07-30,00:00:00,Pahang,Raub,3.7931,101.8569,24.2,96,0.0,2.7,3,Clouds generally forming or developing
2026-07-30,00:00:00,Perlis,Kangar,6.4333,100.2,25.0,93,0.0,6.3,3,Clouds generally forming or developing
2026-07-30,00:00:00,Kedah,Sungai Petani,5.65,100.48,24.6,86,0.0,4.1,3,Clouds generally forming or developing
2026-07-30,00:00:00,Kelantan,Kota Bharu,6.1333,102.25,26.2,96,0.0,1.8,3,Clouds generally forming or developing
2026-07-30,00:00:00,Terengganu,Cukai,4.2332,103.4479,25.2,97,0.0,7.4,3,Clouds generally forming or developing
2026-07-30,00:00:00,Kuala Lumpur,Kuala Lumpur,3.1478,101.6953,24.9,90,0.0,2.7,3,Clouds generally forming or developing
